item_id,name_vn,name_cn,name_e,icon_id,icon_status,icon_path_rule,preview,evidence
1108001,Lôi Đình Đoản Chiến Kiếm,雷霆短战剑,,,UNKNOWN,pgg group GOOGS_PNG[type] index=iconId-type*1000 (iconId packet field),,zsweapon_language.dat name only; no static item→iconId column
1108002,Lôi Đình Đoản Chiến Kiếm,雷霆短战剑,,,UNKNOWN,pgg group GOOGS_PNG[type] index=iconId-type*1000 (iconId packet field),,zsweapon_language.dat name only; no static item→iconId column
1108003,Lôi Đình Đoản Chiến Kiếm,雷霆短战剑,,,UNKNOWN,pgg group GOOGS_PNG[type] index=iconId-type*1000 (iconId packet field),,zsweapon_language.dat name only; no static item→iconId column
1108004,Lôi Đình Đoản Chiến Kiếm,雷霆短战剑,,,UNKNOWN,pgg group GOOGS_PNG[type] index=iconId-type*1000 (iconId packet field),,zsweapon_language.dat name only; no static item→iconId column
1108005,Lôi Đình Thanh Đồng Chiến Kiếm,雷霆青铜战剑,,,UNKNOWN,pgg group GOOGS_PNG[type] index=iconId-type*1000 (iconId packet field),,zsweapon_language.dat name only; no static item→iconId column
1108006,Lôi Đình Thanh Đồng Chiến Kiếm,雷霆青铜战剑,,,UNKNOWN,pgg group GOOGS_PNG[type] index=iconId-type*1000 (iconId packet field),,zsweapon_language.dat name only; no static item→iconId column
1108007,Lôi Đình Thanh Đồng Chiến Kiếm,雷霆青铜战剑,,,UNKNOWN,pgg group GOOGS_PNG[type] index=iconId-type*1000 (iconId packet field),,zsweapon_language.dat name only; no static item→iconId column
1108008,Lôi Đình Thanh Đồng Chiến Kiếm,雷霆青铜战剑,,,UNKNOWN,pgg group GOOGS_PNG[type] index=iconId-type*1000 (iconId packet field),,zsweapon_language.dat name only; no static item→iconId column
1108009,Lôi Đình Thanh Đồng Chiến Kiếm,雷霆青铜战剑,,,UNKNOWN,pgg group GOOGS_PNG[type] index=iconId-type*1000 (iconId packet field),,zsweapon_language.dat name only; no static item→iconId column
1108010,Lôi Đình Cốt Chiến Kiếm,雷霆骨战剑,,,UNKNOWN,pgg group GOOGS_PNG[type] index=iconId-type*1000 (iconId packet field),,zsweapon_language.dat name only; no static item→iconId column
1108011,Lôi Đình Cốt Chiến Kiếm,雷霆骨战剑,,,UNKNOWN,pgg group GOOGS_PNG[type] index=iconId-type*1000 (iconId packet field),,zsweapon_language.dat name only; no static item→iconId column
1108012,Lôi Đình Cốt Chiến Kiếm,雷霆骨战剑,,,UNKNOWN,pgg group GOOGS_PNG[type] index=iconId-type*1000 (iconId packet field),,zsweapon_language.dat name only; no static item→iconId column
1108013,Lôi Đình Cốt Chiến Kiếm,雷霆骨战剑,,,UNKNOWN,pgg group GOOGS_PNG[type] index=iconId-type*1000 (iconId packet field),,zsweapon_language.dat name only; no static item→iconId column
1108014,Lôi Đình Cốt Chiến Kiếm,雷霆骨战剑,,,UNKNOWN,pgg group GOOGS_PNG[type] index=iconId-type*1000 (iconId packet field),,zsweapon_language.dat name only; no static item→iconId column
1108015,Lôi Đình Ngư Trường Chiến Kiếm,雷霆鱼肠战剑,,,UNKNOWN,pgg group GOOGS_PNG[type] index=iconId-type*1000 (iconId packet field),,zsweapon_language.dat name only; no static item→iconId column
1108016,Lôi Đình Ngư Trường Chiến Kiếm,雷霆鱼肠战剑,,,UNKNOWN,pgg group GOOGS_PNG[type] index=iconId-type*1000 (iconId packet field),,zsweapon_language.dat name only; no static item→iconId column
1108017,Lôi Đình Ngư Trường Chiến Kiếm,雷霆鱼肠战剑,,,UNKNOWN,pgg group GOOGS_PNG[type] index=iconId-type*1000 (iconId packet field),,zsweapon_language.dat name only; no static item→iconId column
1108018,Lôi Đình Ngư Trường Chiến Kiếm,雷霆鱼肠战剑,,,UNKNOWN,pgg group GOOGS_PNG[type] index=iconId-type*1000 (iconId packet field),,zsweapon_language.dat name only; no static item→iconId column
1108019,Lôi Đình Ngư Trường Chiến Kiếm,雷霆鱼肠战剑,,,UNKNOWN,pgg group GOOGS_PNG[type] index=iconId-type*1000 (iconId packet field),,zsweapon_language.dat name only; no static item→iconId column
1108020,Lôi Đình Cổ Đồng Chiến Kiếm,雷霆古铜战剑,,,UNKNOWN,pgg group GOOGS_PNG[type] index=iconId-type*1000 (iconId packet field),,zsweapon_language.dat name only; no static item→iconId column
1108021,Lôi Đình Cổ Đồng Chiến Kiếm,雷霆古铜战剑,,,UNKNOWN,pgg group GOOGS_PNG[type] index=iconId-type*1000 (iconId packet field),,zsweapon_language.dat name only; no static item→iconId column
1108022,Lôi Đình Cổ Đồng Chiến Kiếm,雷霆古铜战剑,,,UNKNOWN,pgg group GOOGS_PNG[type] index=iconId-type*1000 (iconId packet field),,zsweapon_language.dat name only; no static item→iconId column
1108023,Lôi Đình Cổ Đồng Chiến Kiếm,雷霆古铜战剑,,,UNKNOWN,pgg group GOOGS_PNG[type] index=iconId-type*1000 (iconId packet field),,zsweapon_language.dat name only; no static item→iconId column
1108024,Lôi Đình Cổ Đồng Chiến Kiếm,雷霆古铜战剑,,,UNKNOWN,pgg group GOOGS_PNG[type] index=iconId-type*1000 (iconId packet field),,zsweapon_language.dat name only; no static item→iconId column
1108025,Lôi Đình Cự Khuyết Chiến Kiếm,雷霆巨阙战剑,,,UNKNOWN,pgg group GOOGS_PNG[type] index=iconId-type*1000 (iconId packet field),,zsweapon_language.dat name only; no static item→iconId column
1108026,Lôi Đình Cự Khuyết Chiến Kiếm,雷霆巨阙战剑,,,UNKNOWN,pgg group GOOGS_PNG[type] index=iconId-type*1000 (iconId packet field),,zsweapon_language.dat name only; no static item→iconId column
1108027,Lôi Đình Cự Khuyết Chiến Kiếm,雷霆巨阙战剑,,,UNKNOWN,pgg group GOOGS_PNG[type] index=iconId-type*1000 (iconId packet field),,zsweapon_language.dat name only; no static item→iconId column
1108028,Lôi Đình Cự Khuyết Chiến Kiếm,雷霆巨阙战剑,,,UNKNOWN,pgg group GOOGS_PNG[type] index=iconId-type*1000 (iconId packet field),,zsweapon_language.dat name only; no static item→iconId column
1108029,Lôi Đình Cự Khuyết Chiến Kiếm,雷霆巨阙战剑,,,UNKNOWN,pgg group GOOGS_PNG[type] index=iconId-type*1000 (iconId packet field),,zsweapon_language.dat name only; no static item→iconId column
1108030,Lôi Đình Thanh Hồng Chiến Kiếm,雷霆青虹战剑,,,UNKNOWN,pgg group GOOGS_PNG[type] index=iconId-type*1000 (iconId packet field),,zsweapon_language.dat name only; no static item→iconId column
1108031,Lôi Đình Thanh Hồng Chiến Kiếm,雷霆青虹战剑,,,UNKNOWN,pgg group GOOGS_PNG[type] index=iconId-type*1000 (iconId packet field),,zsweapon_language.dat name only; no static item→iconId column
1108032,Lôi Đình Thanh Hồng Chiến Kiếm,雷霆青虹战剑,,,UNKNOWN,pgg group GOOGS_PNG[type] index=iconId-type*1000 (iconId packet field),,zsweapon_language.dat name only; no static item→iconId column
1108033,Lôi Đình Thanh Hồng Chiến Kiếm,雷霆青虹战剑,,,UNKNOWN,pgg group GOOGS_PNG[type] index=iconId-type*1000 (iconId packet field),,zsweapon_language.dat name only; no static item→iconId column
1108034,Lôi Đình Thanh Hồng Chiến Kiếm,雷霆青虹战剑,,,UNKNOWN,pgg group GOOGS_PNG[type] index=iconId-type*1000 (iconId packet field),,zsweapon_language.dat name only; no static item→iconId column
1108035,Lôi Đình Phù Vân Lạc Nhật Chiến Kiếm,雷霆浮云落日战剑,,,UNKNOWN,pgg group GOOGS_PNG[type] index=iconId-type*1000 (iconId packet field),,zsweapon_language.dat name only; no static item→iconId column
1108036,Lôi Đình Phù Vân Lạc Nhật Chiến Kiếm,雷霆浮云落日战剑,,,UNKNOWN,pgg group GOOGS_PNG[type] index=iconId-type*1000 (iconId packet field),,zsweapon_language.dat name only; no static item→iconId column
1108037,Lôi Đình Phù Vân Lạc Nhật Chiến Kiếm,雷霆浮云落日战剑,,,UNKNOWN,pgg group GOOGS_PNG[type] index=iconId-type*1000 (iconId packet field),,zsweapon_language.dat name only; no static item→iconId column
1108038,Lôi Đình Phù Vân Lạc Nhật Chiến Kiếm,雷霆浮云落日战剑,,,UNKNOWN,pgg group GOOGS_PNG[type] index=iconId-type*1000 (iconId packet field),,zsweapon_language.dat name only; no static item→iconId column
1108039,Lôi Đình Phù Vân Lạc Nhật Chiến Kiếm,雷霆浮云落日战剑,,,UNKNOWN,pgg group GOOGS_PNG[type] index=iconId-type*1000 (iconId packet field),,zsweapon_language.dat name only; no static item→iconId column
1108040,Lôi Đình Bạch Ngân Linh Văn Chiến Kiếm,雷霆白银灵纹战剑,,,UNKNOWN,pgg group GOOGS_PNG[type] index=iconId-type*1000 (iconId packet field),,zsweapon_language.dat name only; no static item→iconId column
1108041,Lôi Đình Bạch Ngân Linh Văn Chiến Kiếm,雷霆白银灵纹战剑,,,UNKNOWN,pgg group GOOGS_PNG[type] index=iconId-type*1000 (iconId packet field),,zsweapon_language.dat name only; no static item→iconId column
1108042,Lôi Đình Bạch Ngân Linh Văn Chiến Kiếm,雷霆白银灵纹战剑,,,UNKNOWN,pgg group GOOGS_PNG[type] index=iconId-type*1000 (iconId packet field),,zsweapon_language.dat name only; no static item→iconId column
1108043,Lôi Đình Bạch Ngân Linh Văn Chiến Kiếm,雷霆白银灵纹战剑,,,UNKNOWN,pgg group GOOGS_PNG[type] index=iconId-type*1000 (iconId packet field),,zsweapon_language.dat name only; no static item→iconId column
1108044,Lôi Đình Bạch Ngân Linh Văn Chiến Kiếm,雷霆白银灵纹战剑,,,UNKNOWN,pgg group GOOGS_PNG[type] index=iconId-type*1000 (iconId packet field),,zsweapon_language.dat name only; no static item→iconId column
1108045,Lôi Đình Cổ Hàn Song Chiến Kiếm,雷霆古寒霜战剑,,,UNKNOWN,pgg group GOOGS_PNG[type] index=iconId-type*1000 (iconId packet field),,zsweapon_language.dat name only; no static item→iconId column
1108046,Lôi Đình Cổ Hàn Song Chiến Kiếm,雷霆古寒霜战剑,,,UNKNOWN,pgg group GOOGS_PNG[type] index=iconId-type*1000 (iconId packet field),,zsweapon_language.dat name only; no static item→iconId column
1108047,Lôi Đình Cổ Hàn Song Chiến Kiếm,雷霆古寒霜战剑,,,UNKNOWN,pgg group GOOGS_PNG[type] index=iconId-type*1000 (iconId packet field),,zsweapon_language.dat name only; no static item→iconId column
1108048,Lôi Đình Cổ Hàn Song Chiến Kiếm,雷霆古寒霜战剑,,,UNKNOWN,pgg group GOOGS_PNG[type] index=iconId-type*1000 (iconId packet field),,zsweapon_language.dat name only; no static item→iconId column
1108049,Lôi Đình Cổ Hàn Song Chiến Kiếm,雷霆古寒霜战剑,,,UNKNOWN,pgg group GOOGS_PNG[type] index=iconId-type*1000 (iconId packet field),,zsweapon_language.dat name only; no static item→iconId column
1108050,Lôi Đình Thánh Ngân Đoản Chiến Kiếm,雷霆圣银短战剑,,,UNKNOWN,pgg group GOOGS_PNG[type] index=iconId-type*1000 (iconId packet field),,zsweapon_language.dat name only; no static item→iconId column
1108051,Lôi Đình Thánh Ngân Đoản Chiến Kiếm,雷霆圣银短战剑,,,UNKNOWN,pgg group GOOGS_PNG[type] index=iconId-type*1000 (iconId packet field),,zsweapon_language.dat name only; no static item→iconId column
1108052,Lôi Đình Thánh Ngân Đoản Chiến Kiếm,雷霆圣银短战剑,,,UNKNOWN,pgg group GOOGS_PNG[type] index=iconId-type*1000 (iconId packet field),,zsweapon_language.dat name only; no static item→iconId column
1108053,Lôi Đình Thánh Ngân Đoản Chiến Kiếm,雷霆圣银短战剑,,,UNKNOWN,pgg group GOOGS_PNG[type] index=iconId-type*1000 (iconId packet field),,zsweapon_language.dat name only; no static item→iconId column
1108054,Lôi Đình Thánh Ngân Đoản Chiến Kiếm,雷霆圣银短战剑,,,UNKNOWN,pgg group GOOGS_PNG[type] index=iconId-type*1000 (iconId packet field),,zsweapon_language.dat name only; no static item→iconId column
1108055,Lôi Đình Trấn Thiên Chiến Kiếm,雷霆镇天战剑,,,UNKNOWN,pgg group GOOGS_PNG[type] index=iconId-type*1000 (iconId packet field),,zsweapon_language.dat name only; no static item→iconId column
1108056,Lôi Đình Trấn Thiên Chiến Kiếm,雷霆镇天战剑,,,UNKNOWN,pgg group GOOGS_PNG[type] index=iconId-type*1000 (iconId packet field),,zsweapon_language.dat name only; no static item→iconId column
1108057,Lôi Đình Trấn Thiên Chiến Kiếm,雷霆镇天战剑,,,UNKNOWN,pgg group GOOGS_PNG[type] index=iconId-type*1000 (iconId packet field),,zsweapon_language.dat name only; no static item→iconId column
1108058,Lôi Đình Trấn Thiên Chiến Kiếm,雷霆镇天战剑,,,UNKNOWN,pgg group GOOGS_PNG[type] index=iconId-type*1000 (iconId packet field),,zsweapon_language.dat name only; no static item→iconId column
1108059,Lôi Đình Trấn Thiên Chiến Kiếm,雷霆镇天战剑,,,UNKNOWN,pgg group GOOGS_PNG[type] index=iconId-type*1000 (iconId packet field),,zsweapon_language.dat name only; no static item→iconId column
1108060,Lôi Đình Hoàng Kim Hiên Viên Chiến Kiếm,雷霆黄金轩辕战剑,,,UNKNOWN,pgg group GOOGS_PNG[type] index=iconId-type*1000 (iconId packet field),,zsweapon_language.dat name only; no static item→iconId column
1108061,Lôi Đình Hoàng Kim Hiên Viên Chiến Kiếm,雷霆黄金轩辕战剑,,,UNKNOWN,pgg group GOOGS_PNG[type] index=iconId-type*1000 (iconId packet field),,zsweapon_language.dat name only; no static item→iconId column
1108062,Lôi Đình Hoàng Kim Hiên Viên Chiến Kiếm,雷霆黄金轩辕战剑,,,UNKNOWN,pgg group GOOGS_PNG[type] index=iconId-type*1000 (iconId packet field),,zsweapon_language.dat name only; no static item→iconId column
1108063,Lôi Đình Hoàng Kim Hiên Viên Chiến Kiếm,雷霆黄金轩辕战剑,,,UNKNOWN,pgg group GOOGS_PNG[type] index=iconId-type*1000 (iconId packet field),,zsweapon_language.dat name only; no static item→iconId column
1108064,Lôi Đình Hoàng Kim Hiên Viên Chiến Kiếm,雷霆黄金轩辕战剑,,,UNKNOWN,pgg group GOOGS_PNG[type] index=iconId-type*1000 (iconId packet field),,zsweapon_language.dat name only; no static item→iconId column
1108065,Lôi Đình Lưu Quang,雷霆流光,,,UNKNOWN,pgg group GOOGS_PNG[type] index=iconId-type*1000 (iconId packet field),,zsweapon_language.dat name only; no static item→iconId column
1108066,Lôi Đình Lưu Quang,雷霆流光,,,UNKNOWN,pgg group GOOGS_PNG[type] index=iconId-type*1000 (iconId packet field),,zsweapon_language.dat name only; no static item→iconId column
1108067,Lôi Đình Lưu Quang,雷霆流光,,,UNKNOWN,pgg group GOOGS_PNG[type] index=iconId-type*1000 (iconId packet field),,zsweapon_language.dat name only; no static item→iconId column
1108068,Lôi Đình Lưu Quang,雷霆流光,,,UNKNOWN,pgg group GOOGS_PNG[type] index=iconId-type*1000 (iconId packet field),,zsweapon_language.dat name only; no static item→iconId column
1108069,Lôi Đình Lưu Quang,雷霆流光,,,UNKNOWN,pgg group GOOGS_PNG[type] index=iconId-type*1000 (iconId packet field),,zsweapon_language.dat name only; no static item→iconId column
1108070,Lôi Đình Ám Kim Du Long Chiến Kiếm,雷霆暗金游龙战剑,,,UNKNOWN,pgg group GOOGS_PNG[type] index=iconId-type*1000 (iconId packet field),,zsweapon_language.dat name only; no static item→iconId column
1108071,Lôi Đình Ám Kim Du Long Chiến Kiếm,雷霆暗金游龙战剑,,,UNKNOWN,pgg group GOOGS_PNG[type] index=iconId-type*1000 (iconId packet field),,zsweapon_language.dat name only; no static item→iconId column
1108072,Lôi Đình Ám Kim Du Long Chiến Kiếm,雷霆暗金游龙战剑,,,UNKNOWN,pgg group GOOGS_PNG[type] index=iconId-type*1000 (iconId packet field),,zsweapon_language.dat name only; no static item→iconId column
1108073,Lôi Đình Ám Kim Du Long Chiến Kiếm,雷霆暗金游龙战剑,,,UNKNOWN,pgg group GOOGS_PNG[type] index=iconId-type*1000 (iconId packet field),,zsweapon_language.dat name only; no static item→iconId column
1108074,Lôi Đình Ám Kim Du Long Chiến Kiếm,雷霆暗金游龙战剑,,,UNKNOWN,pgg group GOOGS_PNG[type] index=iconId-type*1000 (iconId packet field),,zsweapon_language.dat name only; no static item→iconId column
1108075,Lôi Đình Ám Kim Du Long Chiến Kiếm,雷霆暗金游龙战剑,,,UNKNOWN,pgg group GOOGS_PNG[type] index=iconId-type*1000 (iconId packet field),,zsweapon_language.dat name only; no static item→iconId column
1108076,Lôi Đình Ám Kim Du Long Chiến Kiếm,雷霆暗金游龙战剑,,,UNKNOWN,pgg group GOOGS_PNG[type] index=iconId-type*1000 (iconId packet field),,zsweapon_language.dat name only; no static item→iconId column
1108077,Lôi Đình Ám Kim Du Long Chiến Kiếm,雷霆暗金游龙战剑,,,UNKNOWN,pgg group GOOGS_PNG[type] index=iconId-type*1000 (iconId packet field),,zsweapon_language.dat name only; no static item→iconId column
1108078,Lôi Đình Ám Kim Du Long Chiến Kiếm,雷霆暗金游龙战剑,,,UNKNOWN,pgg group GOOGS_PNG[type] index=iconId-type*1000 (iconId packet field),,zsweapon_language.dat name only; no static item→iconId column
1108079,Lôi Đình Ám Kim Du Long Chiến Kiếm,雷霆暗金游龙战剑,,,UNKNOWN,pgg group GOOGS_PNG[type] index=iconId-type*1000 (iconId packet field),,zsweapon_language.dat name only; no static item→iconId column
1108080,Lôi Đình Ám Kim Du Long Chiến Kiếm,雷霆暗金游龙战剑,,,UNKNOWN,pgg group GOOGS_PNG[type] index=iconId-type*1000 (iconId packet field),,zsweapon_language.dat name only; no static item→iconId column
1108081,Lôi Đình Ám Kim Du Long Chiến Kiếm,雷霆暗金游龙战剑,,,UNKNOWN,pgg group GOOGS_PNG[type] index=iconId-type*1000 (iconId packet field),,zsweapon_language.dat name only; no static item→iconId column
1108082,Lôi Đình Ám Kim Du Long Chiến Kiếm,雷霆暗金游龙战剑,,,UNKNOWN,pgg group GOOGS_PNG[type] index=iconId-type*1000 (iconId packet field),,zsweapon_language.dat name only; no static item→iconId column
1108083,Lôi Đình Ám Kim Du Long Chiến Kiếm,雷霆暗金游龙战剑,,,UNKNOWN,pgg group GOOGS_PNG[type] index=iconId-type*1000 (iconId packet field),,zsweapon_language.dat name only; no static item→iconId column
1108084,Lôi Đình Ám Kim Du Long Chiến Kiếm,雷霆暗金游龙战剑,,,UNKNOWN,pgg group GOOGS_PNG[type] index=iconId-type*1000 (iconId packet field),,zsweapon_language.dat name only; no static item→iconId column
1108085,Lôi Đình Ám Kim Du Long Chiến Kiếm,雷霆暗金游龙战剑,,,UNKNOWN,pgg group GOOGS_PNG[type] index=iconId-type*1000 (iconId packet field),,zsweapon_language.dat name only; no static item→iconId column
1108086,Lôi Đình Ám Kim Du Long Chiến Kiếm,雷霆暗金游龙战剑,,,UNKNOWN,pgg group GOOGS_PNG[type] index=iconId-type*1000 (iconId packet field),,zsweapon_language.dat name only; no static item→iconId column
1108087,Lôi Đình Ám Kim Du Long Chiến Kiếm,雷霆暗金游龙战剑,,,UNKNOWN,pgg group GOOGS_PNG[type] index=iconId-type*1000 (iconId packet field),,zsweapon_language.dat name only; no static item→iconId column
1108088,Lôi Đình Ám Kim Du Long Chiến Kiếm,雷霆暗金游龙战剑,,,UNKNOWN,pgg group GOOGS_PNG[type] index=iconId-type*1000 (iconId packet field),,zsweapon_language.dat name only; no static item→iconId column
1108089,Lôi Đình Ám Kim Du Long Chiến Kiếm,雷霆暗金游龙战剑,,,UNKNOWN,pgg group GOOGS_PNG[type] index=iconId-type*1000 (iconId packet field),,zsweapon_language.dat name only; no static item→iconId column
1108090,Lôi Đình Ám Kim Du Long Chiến Kiếm,雷霆暗金游龙战剑,,,UNKNOWN,pgg group GOOGS_PNG[type] index=iconId-type*1000 (iconId packet field),,zsweapon_language.dat name only; no static item→iconId column
1109001,Lôi Đình Đoản Chiến Rìu,雷霆短战斧,,,UNKNOWN,pgg group GOOGS_PNG[type] index=iconId-type*1000 (iconId packet field),,zsweapon_language.dat name only; no static item→iconId column
1109002,Lôi Đình Đoản Chiến Rìu,雷霆短战斧,,,UNKNOWN,pgg group GOOGS_PNG[type] index=iconId-type*1000 (iconId packet field),,zsweapon_language.dat name only; no static item→iconId column
1109003,Lôi Đình Đoản Chiến Rìu,雷霆短战斧,,,UNKNOWN,pgg group GOOGS_PNG[type] index=iconId-type*1000 (iconId packet field),,zsweapon_language.dat name only; no static item→iconId column
1109004,Lôi Đình Đoản Chiến Rìu,雷霆短战斧,,,UNKNOWN,pgg group GOOGS_PNG[type] index=iconId-type*1000 (iconId packet field),,zsweapon_language.dat name only; no static item→iconId column
1109005,Lôi Đình Cốt Chế Chiến Rìu,雷霆骨制战斧,,,UNKNOWN,pgg group GOOGS_PNG[type] index=iconId-type*1000 (iconId packet field),,zsweapon_language.dat name only; no static item→iconId column
1109006,Lôi Đình Cốt Chế Chiến Rìu,雷霆骨制战斧,,,UNKNOWN,pgg group GOOGS_PNG[type] index=iconId-type*1000 (iconId packet field),,zsweapon_language.dat name only; no static item→iconId column
1109007,Lôi Đình Cốt Chế Chiến Rìu,雷霆骨制战斧,,,UNKNOWN,pgg group GOOGS_PNG[type] index=iconId-type*1000 (iconId packet field),,zsweapon_language.dat name only; no static item→iconId column
1109008,Lôi Đình Cốt Chế Chiến Rìu,雷霆骨制战斧,,,UNKNOWN,pgg group GOOGS_PNG[type] index=iconId-type*1000 (iconId packet field),,zsweapon_language.dat name only; no static item→iconId column
1109009,Lôi Đình Cốt Chế Chiến Rìu,雷霆骨制战斧,,,UNKNOWN,pgg group GOOGS_PNG[type] index=iconId-type*1000 (iconId packet field),,zsweapon_language.dat name only; no static item→iconId column
1109010,Lôi Đình Tinh Cương Chiến Rìu,雷霆精钢战斧,,,UNKNOWN,pgg group GOOGS_PNG[type] index=iconId-type*1000 (iconId packet field),,zsweapon_language.dat name only; no static item→iconId column
1109011,Lôi Đình Tinh Cương Chiến Rìu,雷霆精钢战斧,,,UNKNOWN,pgg group GOOGS_PNG[type] index=iconId-type*1000 (iconId packet field),,zsweapon_language.dat name only; no static item→iconId column
1109012,Lôi Đình Tinh Cương Chiến Rìu,雷霆精钢战斧,,,UNKNOWN,pgg group GOOGS_PNG[type] index=iconId-type*1000 (iconId packet field),,zsweapon_language.dat name only; no static item→iconId column
1109013,Lôi Đình Tinh Cương Chiến Rìu,雷霆精钢战斧,,,UNKNOWN,pgg group GOOGS_PNG[type] index=iconId-type*1000 (iconId packet field),,zsweapon_language.dat name only; no static item→iconId column
1109014,Lôi Đình Tinh Cương Chiến Rìu,雷霆精钢战斧,,,UNKNOWN,pgg group GOOGS_PNG[type] index=iconId-type*1000 (iconId packet field),,zsweapon_language.dat name only; no static item→iconId column
1109015,Lôi Đình Thủy Tinh Chiến Rìu,雷霆水晶战斧,,,UNKNOWN,pgg group GOOGS_PNG[type] index=iconId-type*1000 (iconId packet field),,zsweapon_language.dat name only; no static item→iconId column
1109016,Lôi Đình Thủy Tinh Chiến Rìu,雷霆水晶战斧,,,UNKNOWN,pgg group GOOGS_PNG[type] index=iconId-type*1000 (iconId packet field),,zsweapon_language.dat name only; no static item→iconId column
1109017,Lôi Đình Thủy Tinh Chiến Rìu,雷霆水晶战斧,,,UNKNOWN,pgg group GOOGS_PNG[type] index=iconId-type*1000 (iconId packet field),,zsweapon_language.dat name only; no static item→iconId column
1109018,Lôi Đình Thủy Tinh Chiến Rìu,雷霆水晶战斧,,,UNKNOWN,pgg group GOOGS_PNG[type] index=iconId-type*1000 (iconId packet field),,zsweapon_language.dat name only; no static item→iconId column
1109019,Lôi Đình Thủy Tinh Chiến Rìu,雷霆水晶战斧,,,UNKNOWN,pgg group GOOGS_PNG[type] index=iconId-type*1000 (iconId packet field),,zsweapon_language.dat name only; no static item→iconId column
1109020,Lôi Đình Nguyệt Ảnh Chiến Rìu,雷霆月影战斧,,,UNKNOWN,pgg group GOOGS_PNG[type] index=iconId-type*1000 (iconId packet field),,zsweapon_language.dat name only; no static item→iconId column
1109021,Lôi Đình Nguyệt Ảnh Chiến Rìu,雷霆月影战斧,,,UNKNOWN,pgg group GOOGS_PNG[type] index=iconId-type*1000 (iconId packet field),,zsweapon_language.dat name only; no static item→iconId column
1109022,Lôi Đình Nguyệt Ảnh Chiến Rìu,雷霆月影战斧,,,UNKNOWN,pgg group GOOGS_PNG[type] index=iconId-type*1000 (iconId packet field),,zsweapon_language.dat name only; no static item→iconId column
1109023,Lôi Đình Nguyệt Ảnh Chiến Rìu,雷霆月影战斧,,,UNKNOWN,pgg group GOOGS_PNG[type] index=iconId-type*1000 (iconId packet field),,zsweapon_language.dat name only; no static item→iconId column
1109024,Lôi Đình Nguyệt Ảnh Chiến Rìu,雷霆月影战斧,,,UNKNOWN,pgg group GOOGS_PNG[type] index=iconId-type*1000 (iconId packet field),,zsweapon_language.dat name only; no static item→iconId column
1109025,Lôi Đình Cốt Ngọc Chiến Rìu,雷霆骨玉战斧,,,UNKNOWN,pgg group GOOGS_PNG[type] index=iconId-type*1000 (iconId packet field),,zsweapon_language.dat name only; no static item→iconId column
1109026,Lôi Đình Cốt Ngọc Chiến Rìu,雷霆骨玉战斧,,,UNKNOWN,pgg group GOOGS_PNG[type] index=iconId-type*1000 (iconId packet field),,zsweapon_language.dat name only; no static item→iconId column
1109027,Lôi Đình Cốt Ngọc Chiến Rìu,雷霆骨玉战斧,,,UNKNOWN,pgg group GOOGS_PNG[type] index=iconId-type*1000 (iconId packet field),,zsweapon_language.dat name only; no static item→iconId column
1109028,Lôi Đình Cốt Ngọc Chiến Rìu,雷霆骨玉战斧,,,UNKNOWN,pgg group GOOGS_PNG[type] index=iconId-type*1000 (iconId packet field),,zsweapon_language.dat name only; no static item→iconId column
1109029,Lôi Đình Cốt Ngọc Chiến Rìu,雷霆骨玉战斧,,,UNKNOWN,pgg group GOOGS_PNG[type] index=iconId-type*1000 (iconId packet field),,zsweapon_language.dat name only; no static item→iconId column
1109030,Lôi Đình Ám Tập Chiến Rìu,雷霆暗袭战斧,,,UNKNOWN,pgg group GOOGS_PNG[type] index=iconId-type*1000 (iconId packet field),,zsweapon_language.dat name only; no static item→iconId column
1109031,Lôi Đình Ám Tập Chiến Rìu,雷霆暗袭战斧,,,UNKNOWN,pgg group GOOGS_PNG[type] index=iconId-type*1000 (iconId packet field),,zsweapon_language.dat name only; no static item→iconId column
1109032,Lôi Đình Ám Tập Chiến Rìu,雷霆暗袭战斧,,,UNKNOWN,pgg group GOOGS_PNG[type] index=iconId-type*1000 (iconId packet field),,zsweapon_language.dat name only; no static item→iconId column
1109033,Lôi Đình Ám Tập Chiến Rìu,雷霆暗袭战斧,,,UNKNOWN,pgg group GOOGS_PNG[type] index=iconId-type*1000 (iconId packet field),,zsweapon_language.dat name only; no static item→iconId column
1109034,Lôi Đình Ám Tập Chiến Rìu,雷霆暗袭战斧,,,UNKNOWN,pgg group GOOGS_PNG[type] index=iconId-type*1000 (iconId packet field),,zsweapon_language.dat name only; no static item→iconId column
1109035,Lôi Đình Chính Nghĩa Chiến Rìu,雷霆正义战斧,,,UNKNOWN,pgg group GOOGS_PNG[type] index=iconId-type*1000 (iconId packet field),,zsweapon_language.dat name only; no static item→iconId column
1109036,Lôi Đình Chính Nghĩa Chiến Rìu,雷霆正义战斧,,,UNKNOWN,pgg group GOOGS_PNG[type] index=iconId-type*1000 (iconId packet field),,zsweapon_language.dat name only; no static item→iconId column
1109037,Lôi Đình Chính Nghĩa Chiến Rìu,雷霆正义战斧,,,UNKNOWN,pgg group GOOGS_PNG[type] index=iconId-type*1000 (iconId packet field),,zsweapon_language.dat name only; no static item→iconId column
1109038,Lôi Đình Chính Nghĩa Chiến Rìu,雷霆正义战斧,,,UNKNOWN,pgg group GOOGS_PNG[type] index=iconId-type*1000 (iconId packet field),,zsweapon_language.dat name only; no static item→iconId column
1109039,Lôi Đình Chính Nghĩa Chiến Rìu,雷霆正义战斧,,,UNKNOWN,pgg group GOOGS_PNG[type] index=iconId-type*1000 (iconId packet field),,zsweapon_language.dat name only; no static item→iconId column
1109040,Lôi Đình Toái Cốt Chiến Rìu,雷霆碎骨战斧,,,UNKNOWN,pgg group GOOGS_PNG[type] index=iconId-type*1000 (iconId packet field),,zsweapon_language.dat name only; no static item→iconId column
1109041,Lôi Đình Toái Cốt Chiến Rìu,雷霆碎骨战斧,,,UNKNOWN,pgg group GOOGS_PNG[type] index=iconId-type*1000 (iconId packet field),,zsweapon_language.dat name only; no static item→iconId column
1109042,Lôi Đình Toái Cốt Chiến Rìu,雷霆碎骨战斧,,,UNKNOWN,pgg group GOOGS_PNG[type] index=iconId-type*1000 (iconId packet field),,zsweapon_language.dat name only; no static item→iconId column
1109043,Lôi Đình Toái Cốt Chiến Rìu,雷霆碎骨战斧,,,UNKNOWN,pgg group GOOGS_PNG[type] index=iconId-type*1000 (iconId packet field),,zsweapon_language.dat name only; no static item→iconId column
1109044,Lôi Đình Toái Cốt Chiến Rìu,雷霆碎骨战斧,,,UNKNOWN,pgg group GOOGS_PNG[type] index=iconId-type*1000 (iconId packet field),,zsweapon_language.dat name only; no static item→iconId column
1109045,Lôi Đình Kỳ Lân Chiến Rìu,雷霆麒麟战斧,,,UNKNOWN,pgg group GOOGS_PNG[type] index=iconId-type*1000 (iconId packet field),,zsweapon_language.dat name only; no static item→iconId column
1109046,Lôi Đình Kỳ Lân Chiến Rìu,雷霆麒麟战斧,,,UNKNOWN,pgg group GOOGS_PNG[type] index=iconId-type*1000 (iconId packet field),,zsweapon_language.dat name only; no static item→iconId column
1109047,Lôi Đình Kỳ Lân Chiến Rìu,雷霆麒麟战斧,,,UNKNOWN,pgg group GOOGS_PNG[type] index=iconId-type*1000 (iconId packet field),,zsweapon_language.dat name only; no static item→iconId column
1109048,Lôi Đình Kỳ Lân Chiến Rìu,雷霆麒麟战斧,,,UNKNOWN,pgg group GOOGS_PNG[type] index=iconId-type*1000 (iconId packet field),,zsweapon_language.dat name only; no static item→iconId column
1109049,Lôi Đình Kỳ Lân Chiến Rìu,雷霆麒麟战斧,,,UNKNOWN,pgg group GOOGS_PNG[type] index=iconId-type*1000 (iconId packet field),,zsweapon_language.dat name only; no static item→iconId column
1109050,Lôi Đình Thương Khung Chiến Rìu,雷霆苍穹战斧,,,UNKNOWN,pgg group GOOGS_PNG[type] index=iconId-type*1000 (iconId packet field),,zsweapon_language.dat name only; no static item→iconId column
1109051,Lôi Đình Thương Khung Chiến Rìu,雷霆苍穹战斧,,,UNKNOWN,pgg group GOOGS_PNG[type] index=iconId-type*1000 (iconId packet field),,zsweapon_language.dat name only; no static item→iconId column
1109052,Lôi Đình Thương Khung Chiến Rìu,雷霆苍穹战斧,,,UNKNOWN,pgg group GOOGS_PNG[type] index=iconId-type*1000 (iconId packet field),,zsweapon_language.dat name only; no static item→iconId column
1109053,Lôi Đình Thương Khung Chiến Rìu,雷霆苍穹战斧,,,UNKNOWN,pgg group GOOGS_PNG[type] index=iconId-type*1000 (iconId packet field),,zsweapon_language.dat name only; no static item→iconId column
1109054,Lôi Đình Thương Khung Chiến Rìu,雷霆苍穹战斧,,,UNKNOWN,pgg group GOOGS_PNG[type] index=iconId-type*1000 (iconId packet field),,zsweapon_language.dat name only; no static item→iconId column
1109055,Lôi Đình Phong Bạo Rìu,雷霆风暴战斧,,,UNKNOWN,pgg group GOOGS_PNG[type] index=iconId-type*1000 (iconId packet field),,zsweapon_language.dat name only; no static item→iconId column
1109056,Lôi Đình Phong Bạo Rìu,雷霆风暴战斧,,,UNKNOWN,pgg group GOOGS_PNG[type] index=iconId-type*1000 (iconId packet field),,zsweapon_language.dat name only; no static item→iconId column
1109057,Lôi Đình Phong Bạo Rìu,雷霆风暴战斧,,,UNKNOWN,pgg group GOOGS_PNG[type] index=iconId-type*1000 (iconId packet field),,zsweapon_language.dat name only; no static item→iconId column
1109058,Lôi Đình Phong Bạo Rìu,雷霆风暴战斧,,,UNKNOWN,pgg group GOOGS_PNG[type] index=iconId-type*1000 (iconId packet field),,zsweapon_language.dat name only; no static item→iconId column
1109059,Lôi Đình Phong Bạo Rìu,雷霆风暴战斧,,,UNKNOWN,pgg group GOOGS_PNG[type] index=iconId-type*1000 (iconId packet field),,zsweapon_language.dat name only; no static item→iconId column
1109060,Lôi Đình Vong Giả Rìu,雷霆亡者战斧,,,UNKNOWN,pgg group GOOGS_PNG[type] index=iconId-type*1000 (iconId packet field),,zsweapon_language.dat name only; no static item→iconId column
1109061,Lôi Đình Vong Giả Rìu,雷霆亡者战斧,,,UNKNOWN,pgg group GOOGS_PNG[type] index=iconId-type*1000 (iconId packet field),,zsweapon_language.dat name only; no static item→iconId column
1109062,Lôi Đình Vong Giả Rìu,雷霆亡者战斧,,,UNKNOWN,pgg group GOOGS_PNG[type] index=iconId-type*1000 (iconId packet field),,zsweapon_language.dat name only; no static item→iconId column
1109063,Lôi Đình Vong Giả Rìu,雷霆亡者战斧,,,UNKNOWN,pgg group GOOGS_PNG[type] index=iconId-type*1000 (iconId packet field),,zsweapon_language.dat name only; no static item→iconId column
1109064,Lôi Đình Vong Giả Rìu,雷霆亡者战斧,,,UNKNOWN,pgg group GOOGS_PNG[type] index=iconId-type*1000 (iconId packet field),,zsweapon_language.dat name only; no static item→iconId column
1109065,Lôi Đình Tử Ngọc,雷霆紫玉,,,UNKNOWN,pgg group GOOGS_PNG[type] index=iconId-type*1000 (iconId packet field),,zsweapon_language.dat name only; no static item→iconId column
1109066,Lôi Đình Tử Ngọc,雷霆紫玉,,,UNKNOWN,pgg group GOOGS_PNG[type] index=iconId-type*1000 (iconId packet field),,zsweapon_language.dat name only; no static item→iconId column
1109067,Lôi Đình Tử Ngọc,雷霆紫玉,,,UNKNOWN,pgg group GOOGS_PNG[type] index=iconId-type*1000 (iconId packet field),,zsweapon_language.dat name only; no static item→iconId column
1109068,Lôi Đình Tử Ngọc,雷霆紫玉,,,UNKNOWN,pgg group GOOGS_PNG[type] index=iconId-type*1000 (iconId packet field),,zsweapon_language.dat name only; no static item→iconId column
1109069,Lôi Đình Tử Ngọc,雷霆紫玉,,,UNKNOWN,pgg group GOOGS_PNG[type] index=iconId-type*1000 (iconId packet field),,zsweapon_language.dat name only; no static item→iconId column
1109070,Lôi Đình Xích Viêm,雷霆赤焰,,,UNKNOWN,pgg group GOOGS_PNG[type] index=iconId-type*1000 (iconId packet field),,zsweapon_language.dat name only; no static item→iconId column
1109071,Lôi Đình Xích Viêm,雷霆赤焰,,,UNKNOWN,pgg group GOOGS_PNG[type] index=iconId-type*1000 (iconId packet field),,zsweapon_language.dat name only; no static item→iconId column
1109072,Lôi Đình Xích Viêm,雷霆赤焰,,,UNKNOWN,pgg group GOOGS_PNG[type] index=iconId-type*1000 (iconId packet field),,zsweapon_language.dat name only; no static item→iconId column
1109073,Lôi Đình Xích Viêm,雷霆赤焰,,,UNKNOWN,pgg group GOOGS_PNG[type] index=iconId-type*1000 (iconId packet field),,zsweapon_language.dat name only; no static item→iconId column
1109074,Lôi Đình Xích Viêm,雷霆赤焰,,,UNKNOWN,pgg group GOOGS_PNG[type] index=iconId-type*1000 (iconId packet field),,zsweapon_language.dat name only; no static item→iconId column
1109075,Lôi Đình Xích Viêm,雷霆赤焰,,,UNKNOWN,pgg group GOOGS_PNG[type] index=iconId-type*1000 (iconId packet field),,zsweapon_language.dat name only; no static item→iconId column
1109076,Lôi Đình Xích Viêm,雷霆赤焰,,,UNKNOWN,pgg group GOOGS_PNG[type] index=iconId-type*1000 (iconId packet field),,zsweapon_language.dat name only; no static item→iconId column
1109077,Lôi Đình Xích Viêm,雷霆赤焰,,,UNKNOWN,pgg group GOOGS_PNG[type] index=iconId-type*1000 (iconId packet field),,zsweapon_language.dat name only; no static item→iconId column
1109078,Lôi Đình Xích Viêm,雷霆赤焰,,,UNKNOWN,pgg group GOOGS_PNG[type] index=iconId-type*1000 (iconId packet field),,zsweapon_language.dat name only; no static item→iconId column
1109079,Lôi Đình Xích Viêm,雷霆赤焰,,,UNKNOWN,pgg group GOOGS_PNG[type] index=iconId-type*1000 (iconId packet field),,zsweapon_language.dat name only; no static item→iconId column
1109080,Lôi Đình Xích Viêm,雷霆赤焰,,,UNKNOWN,pgg group GOOGS_PNG[type] index=iconId-type*1000 (iconId packet field),,zsweapon_language.dat name only; no static item→iconId column
1109081,Lôi Đình Xích Viêm,雷霆赤焰,,,UNKNOWN,pgg group GOOGS_PNG[type] index=iconId-type*1000 (iconId packet field),,zsweapon_language.dat name only; no static item→iconId column
1109082,Lôi Đình Xích Viêm,雷霆赤焰,,,UNKNOWN,pgg group GOOGS_PNG[type] index=iconId-type*1000 (iconId packet field),,zsweapon_language.dat name only; no static item→iconId column
1109083,Lôi Đình Xích Viêm,雷霆赤焰,,,UNKNOWN,pgg group GOOGS_PNG[type] index=iconId-type*1000 (iconId packet field),,zsweapon_language.dat name only; no static item→iconId column
1109084,Lôi Đình Xích Viêm,雷霆赤焰,,,UNKNOWN,pgg group GOOGS_PNG[type] index=iconId-type*1000 (iconId packet field),,zsweapon_language.dat name only; no static item→iconId column
1109085,Lôi Đình Xích Viêm,雷霆赤焰,,,UNKNOWN,pgg group GOOGS_PNG[type] index=iconId-type*1000 (iconId packet field),,zsweapon_language.dat name only; no static item→iconId column
1109086,Lôi Đình Xích Viêm,雷霆赤焰,,,UNKNOWN,pgg group GOOGS_PNG[type] index=iconId-type*1000 (iconId packet field),,zsweapon_language.dat name only; no static item→iconId column
1109087,Lôi Đình Xích Viêm,雷霆赤焰,,,UNKNOWN,pgg group GOOGS_PNG[type] index=iconId-type*1000 (iconId packet field),,zsweapon_language.dat name only; no static item→iconId column
1109088,Lôi Đình Xích Viêm,雷霆赤焰,,,UNKNOWN,pgg group GOOGS_PNG[type] index=iconId-type*1000 (iconId packet field),,zsweapon_language.dat name only; no static item→iconId column
1109089,Lôi Đình Xích Viêm,雷霆赤焰,,,UNKNOWN,pgg group GOOGS_PNG[type] index=iconId-type*1000 (iconId packet field),,zsweapon_language.dat name only; no static item→iconId column
1109090,Lôi Đình Xích Viêm,雷霆赤焰,,,UNKNOWN,pgg group GOOGS_PNG[type] index=iconId-type*1000 (iconId packet field),,zsweapon_language.dat name only; no static item→iconId column
1110001,Ảnh Vũ Đoản Đao,影舞短刀,,,UNKNOWN,pgg group GOOGS_PNG[type] index=iconId-type*1000 (iconId packet field),,zsweapon_language.dat name only; no static item→iconId column
1110002,Ảnh Vũ Đoản Đao,影舞短刀,,,UNKNOWN,pgg group GOOGS_PNG[type] index=iconId-type*1000 (iconId packet field),,zsweapon_language.dat name only; no static item→iconId column
1110003,Ảnh Vũ Đoản Đao,影舞短刀,,,UNKNOWN,pgg group GOOGS_PNG[type] index=iconId-type*1000 (iconId packet field),,zsweapon_language.dat name only; no static item→iconId column
1110004,Ảnh Vũ Đoản Đao,影舞短刀,,,UNKNOWN,pgg group GOOGS_PNG[type] index=iconId-type*1000 (iconId packet field),,zsweapon_language.dat name only; no static item→iconId column
1110005,Ảnh Vũ Liễu Mộc Đao,影舞柳木刀,,,UNKNOWN,pgg group GOOGS_PNG[type] index=iconId-type*1000 (iconId packet field),,zsweapon_language.dat name only; no static item→iconId column
1110006,Ảnh Vũ Liễu Mộc Đao,影舞柳木刀,,,UNKNOWN,pgg group GOOGS_PNG[type] index=iconId-type*1000 (iconId packet field),,zsweapon_language.dat name only; no static item→iconId column
1110007,Ảnh Vũ Liễu Mộc Đao,影舞柳木刀,,,UNKNOWN,pgg group GOOGS_PNG[type] index=iconId-type*1000 (iconId packet field),,zsweapon_language.dat name only; no static item→iconId column
1110008,Ảnh Vũ Liễu Mộc Đao,影舞柳木刀,,,UNKNOWN,pgg group GOOGS_PNG[type] index=iconId-type*1000 (iconId packet field),,zsweapon_language.dat name only; no static item→iconId column
1110009,Ảnh Vũ Liễu Mộc Đao,影舞柳木刀,,,UNKNOWN,pgg group GOOGS_PNG[type] index=iconId-type*1000 (iconId packet field),,zsweapon_language.dat name only; no static item→iconId column
1110010,Ảnh Vũ Thí Luyện Đoản Đao,影舞试炼短刀,,,UNKNOWN,pgg group GOOGS_PNG[type] index=iconId-type*1000 (iconId packet field),,zsweapon_language.dat name only; no static item→iconId column
1110011,Ảnh Vũ Thí Luyện Đoản Đao,影舞试炼短刀,,,UNKNOWN,pgg group GOOGS_PNG[type] index=iconId-type*1000 (iconId packet field),,zsweapon_language.dat name only; no static item→iconId column
1110012,Ảnh Vũ Thí Luyện Đoản Đao,影舞试炼短刀,,,UNKNOWN,pgg group GOOGS_PNG[type] index=iconId-type*1000 (iconId packet field),,zsweapon_language.dat name only; no static item→iconId column
1110013,Ảnh Vũ Thí Luyện Đoản Đao,影舞试炼短刀,,,UNKNOWN,pgg group GOOGS_PNG[type] index=iconId-type*1000 (iconId packet field),,zsweapon_language.dat name only; no static item→iconId column
1110014,Ảnh Vũ Thí Luyện Đoản Đao,影舞试炼短刀,,,UNKNOWN,pgg group GOOGS_PNG[type] index=iconId-type*1000 (iconId packet field),,zsweapon_language.dat name only; no static item→iconId column
1110015,Ảnh Vũ Xạ Thủ Trường Đao,影舞射手长刀,,,UNKNOWN,pgg group GOOGS_PNG[type] index=iconId-type*1000 (iconId packet field),,zsweapon_language.dat name only; no static item→iconId column
1110016,Ảnh Vũ Xạ Thủ Trường Đao,影舞射手长刀,,,UNKNOWN,pgg group GOOGS_PNG[type] index=iconId-type*1000 (iconId packet field),,zsweapon_language.dat name only; no static item→iconId column
1110017,Ảnh Vũ Xạ Thủ Trường Đao,影舞射手长刀,,,UNKNOWN,pgg group GOOGS_PNG[type] index=iconId-type*1000 (iconId packet field),,zsweapon_language.dat name only; no static item→iconId column
1110018,Ảnh Vũ Xạ Thủ Trường Đao,影舞射手长刀,,,UNKNOWN,pgg group GOOGS_PNG[type] index=iconId-type*1000 (iconId packet field),,zsweapon_language.dat name only; no static item→iconId column
1110019,Ảnh Vũ Xạ Thủ Trường Đao,影舞射手长刀,,,UNKNOWN,pgg group GOOGS_PNG[type] index=iconId-type*1000 (iconId packet field),,zsweapon_language.dat name only; no static item→iconId column
1110020,Ảnh Vũ Thập Tự Trường Đao,影舞十字长刀,,,UNKNOWN,pgg group GOOGS_PNG[type] index=iconId-type*1000 (iconId packet field),,zsweapon_language.dat name only; no static item→iconId column
1110021,Ảnh Vũ Thập Tự Trường Đao,影舞十字长刀,,,UNKNOWN,pgg group GOOGS_PNG[type] index=iconId-type*1000 (iconId packet field),,zsweapon_language.dat name only; no static item→iconId column
1110022,Ảnh Vũ Thập Tự Trường Đao,影舞十字长刀,,,UNKNOWN,pgg group GOOGS_PNG[type] index=iconId-type*1000 (iconId packet field),,zsweapon_language.dat name only; no static item→iconId column
1110023,Ảnh Vũ Thập Tự Trường Đao,影舞十字长刀,,,UNKNOWN,pgg group GOOGS_PNG[type] index=iconId-type*1000 (iconId packet field),,zsweapon_language.dat name only; no static item→iconId column
1110024,Ảnh Vũ Thập Tự Trường Đao,影舞十字长刀,,,UNKNOWN,pgg group GOOGS_PNG[type] index=iconId-type*1000 (iconId packet field),,zsweapon_language.dat name only; no static item→iconId column
1110025,Ảnh Vũ Tự Nhiên Đao,影舞自然刀,,,UNKNOWN,pgg group GOOGS_PNG[type] index=iconId-type*1000 (iconId packet field),,zsweapon_language.dat name only; no static item→iconId column
1110026,Ảnh Vũ Tự Nhiên Đao,影舞自然刀,,,UNKNOWN,pgg group GOOGS_PNG[type] index=iconId-type*1000 (iconId packet field),,zsweapon_language.dat name only; no static item→iconId column
1110027,Ảnh Vũ Tự Nhiên Đao,影舞自然刀,,,UNKNOWN,pgg group GOOGS_PNG[type] index=iconId-type*1000 (iconId packet field),,zsweapon_language.dat name only; no static item→iconId column
1110028,Ảnh Vũ Tự Nhiên Đao,影舞自然刀,,,UNKNOWN,pgg group GOOGS_PNG[type] index=iconId-type*1000 (iconId packet field),,zsweapon_language.dat name only; no static item→iconId column
1110029,Ảnh Vũ Tự Nhiên Đao,影舞自然刀,,,UNKNOWN,pgg group GOOGS_PNG[type] index=iconId-type*1000 (iconId packet field),,zsweapon_language.dat name only; no static item→iconId column
1110030,Ảnh Vũ Dạ Hành Đao,影舞夜行刀,,,UNKNOWN,pgg group GOOGS_PNG[type] index=iconId-type*1000 (iconId packet field),,zsweapon_language.dat name only; no static item→iconId column
1110031,Ảnh Vũ Dạ Hành Đao,影舞夜行刀,,,UNKNOWN,pgg group GOOGS_PNG[type] index=iconId-type*1000 (iconId packet field),,zsweapon_language.dat name only; no static item→iconId column
1110032,Ảnh Vũ Dạ Hành Đao,影舞夜行刀,,,UNKNOWN,pgg group GOOGS_PNG[type] index=iconId-type*1000 (iconId packet field),,zsweapon_language.dat name only; no static item→iconId column
1110033,Ảnh Vũ Dạ Hành Đao,影舞夜行刀,,,UNKNOWN,pgg group GOOGS_PNG[type] index=iconId-type*1000 (iconId packet field),,zsweapon_language.dat name only; no static item→iconId column
1110034,Ảnh Vũ Dạ Hành Đao,影舞夜行刀,,,UNKNOWN,pgg group GOOGS_PNG[type] index=iconId-type*1000 (iconId packet field),,zsweapon_language.dat name only; no static item→iconId column
1110035,Ảnh Vũ Dũng Sĩ Đao,影舞勇士刀,,,UNKNOWN,pgg group GOOGS_PNG[type] index=iconId-type*1000 (iconId packet field),,zsweapon_language.dat name only; no static item→iconId column
1110036,Ảnh Vũ Dũng Sĩ Đao,影舞勇士刀,,,UNKNOWN,pgg group GOOGS_PNG[type] index=iconId-type*1000 (iconId packet field),,zsweapon_language.dat name only; no static item→iconId column
1110037,Ảnh Vũ Dũng Sĩ Đao,影舞勇士刀,,,UNKNOWN,pgg group GOOGS_PNG[type] index=iconId-type*1000 (iconId packet field),,zsweapon_language.dat name only; no static item→iconId column
1110038,Ảnh Vũ Dũng Sĩ Đao,影舞勇士刀,,,UNKNOWN,pgg group GOOGS_PNG[type] index=iconId-type*1000 (iconId packet field),,zsweapon_language.dat name only; no static item→iconId column
1110039,Ảnh Vũ Dũng Sĩ Đao,影舞勇士刀,,,UNKNOWN,pgg group GOOGS_PNG[type] index=iconId-type*1000 (iconId packet field),,zsweapon_language.dat name only; no static item→iconId column
1110040,Ảnh Vũ Vinh Diệu Đao,影舞荣耀刀,,,UNKNOWN,pgg group GOOGS_PNG[type] index=iconId-type*1000 (iconId packet field),,zsweapon_language.dat name only; no static item→iconId column
1110041,Ảnh Vũ Vinh Diệu Đao,影舞荣耀刀,,,UNKNOWN,pgg group GOOGS_PNG[type] index=iconId-type*1000 (iconId packet field),,zsweapon_language.dat name only; no static item→iconId column
1110042,Ảnh Vũ Vinh Diệu Đao,影舞荣耀刀,,,UNKNOWN,pgg group GOOGS_PNG[type] index=iconId-type*1000 (iconId packet field),,zsweapon_language.dat name only; no static item→iconId column
1110043,Ảnh Vũ Vinh Diệu Đao,影舞荣耀刀,,,UNKNOWN,pgg group GOOGS_PNG[type] index=iconId-type*1000 (iconId packet field),,zsweapon_language.dat name only; no static item→iconId column
1110044,Ảnh Vũ Vinh Diệu Đao,影舞荣耀刀,,,UNKNOWN,pgg group GOOGS_PNG[type] index=iconId-type*1000 (iconId packet field),,zsweapon_language.dat name only; no static item→iconId column
1110045,Ảnh Vũ Tật Phong Đao,影舞疾风刀,,,UNKNOWN,pgg group GOOGS_PNG[type] index=iconId-type*1000 (iconId packet field),,zsweapon_language.dat name only; no static item→iconId column
1110046,Ảnh Vũ Tật Phong Đao,影舞疾风刀,,,UNKNOWN,pgg group GOOGS_PNG[type] index=iconId-type*1000 (iconId packet field),,zsweapon_language.dat name only; no static item→iconId column
1110047,Ảnh Vũ Tật Phong Đao,影舞疾风刀,,,UNKNOWN,pgg group GOOGS_PNG[type] index=iconId-type*1000 (iconId packet field),,zsweapon_language.dat name only; no static item→iconId column
1110048,Ảnh Vũ Tật Phong Đao,影舞疾风刀,,,UNKNOWN,pgg group GOOGS_PNG[type] index=iconId-type*1000 (iconId packet field),,zsweapon_language.dat name only; no static item→iconId column
1110049,Ảnh Vũ Tật Phong Đao,影舞疾风刀,,,UNKNOWN,pgg group GOOGS_PNG[type] index=iconId-type*1000 (iconId packet field),,zsweapon_language.dat name only; no static item→iconId column
1110050,Ảnh Vũ Thú Vương Trường Đao,影舞兽王长刀,,,UNKNOWN,pgg group GOOGS_PNG[type] index=iconId-type*1000 (iconId packet field),,zsweapon_language.dat name only; no static item→iconId column
1110051,Ảnh Vũ Thú Vương Trường Đao,影舞兽王长刀,,,UNKNOWN,pgg group GOOGS_PNG[type] index=iconId-type*1000 (iconId packet field),,zsweapon_language.dat name only; no static item→iconId column
1110052,Ảnh Vũ Thú Vương Trường Đao,影舞兽王长刀,,,UNKNOWN,pgg group GOOGS_PNG[type] index=iconId-type*1000 (iconId packet field),,zsweapon_language.dat name only; no static item→iconId column
1110053,Ảnh Vũ Thú Vương Trường Đao,影舞兽王长刀,,,UNKNOWN,pgg group GOOGS_PNG[type] index=iconId-type*1000 (iconId packet field),,zsweapon_language.dat name only; no static item→iconId column
1110054,Ảnh Vũ Thú Vương Trường Đao,影舞兽王长刀,,,UNKNOWN,pgg group GOOGS_PNG[type] index=iconId-type*1000 (iconId packet field),,zsweapon_language.dat name only; no static item→iconId column
1110055,Ảnh Vũ Ngân Dực Đao,影舞银翼刀,,,UNKNOWN,pgg group GOOGS_PNG[type] index=iconId-type*1000 (iconId packet field),,zsweapon_language.dat name only; no static item→iconId column
1110056,Ảnh Vũ Ngân Dực Đao,影舞银翼刀,,,UNKNOWN,pgg group GOOGS_PNG[type] index=iconId-type*1000 (iconId packet field),,zsweapon_language.dat name only; no static item→iconId column
1110057,Ảnh Vũ Ngân Dực Đao,影舞银翼刀,,,UNKNOWN,pgg group GOOGS_PNG[type] index=iconId-type*1000 (iconId packet field),,zsweapon_language.dat name only; no static item→iconId column
1110058,Ảnh Vũ Ngân Dực Đao,影舞银翼刀,,,UNKNOWN,pgg group GOOGS_PNG[type] index=iconId-type*1000 (iconId packet field),,zsweapon_language.dat name only; no static item→iconId column
1110059,Ảnh Vũ Ngân Dực Đao,影舞银翼刀,,,UNKNOWN,pgg group GOOGS_PNG[type] index=iconId-type*1000 (iconId packet field),,zsweapon_language.dat name only; no static item→iconId column
1110060,Ảnh Vũ Long Nham,影舞龙岩,,,UNKNOWN,pgg group GOOGS_PNG[type] index=iconId-type*1000 (iconId packet field),,zsweapon_language.dat name only; no static item→iconId column
1110061,Ảnh Vũ Long Nham,影舞龙岩,,,UNKNOWN,pgg group GOOGS_PNG[type] index=iconId-type*1000 (iconId packet field),,zsweapon_language.dat name only; no static item→iconId column
1110062,Ảnh Vũ Long Nham,影舞龙岩,,,UNKNOWN,pgg group GOOGS_PNG[type] index=iconId-type*1000 (iconId packet field),,zsweapon_language.dat name only; no static item→iconId column
1110063,Ảnh Vũ Long Nham,影舞龙岩,,,UNKNOWN,pgg group GOOGS_PNG[type] index=iconId-type*1000 (iconId packet field),,zsweapon_language.dat name only; no static item→iconId column
1110064,Ảnh Vũ Long Nham,影舞龙岩,,,UNKNOWN,pgg group GOOGS_PNG[type] index=iconId-type*1000 (iconId packet field),,zsweapon_language.dat name only; no static item→iconId column
1110065,Ảnh Vũ Hồn Phách Đao,影舞魂魄刀,,,UNKNOWN,pgg group GOOGS_PNG[type] index=iconId-type*1000 (iconId packet field),,zsweapon_language.dat name only; no static item→iconId column
1110066,Ảnh Vũ Hồn Phách Đao,影舞魂魄刀,,,UNKNOWN,pgg group GOOGS_PNG[type] index=iconId-type*1000 (iconId packet field),,zsweapon_language.dat name only; no static item→iconId column
1110067,Ảnh Vũ Hồn Phách Đao,影舞魂魄刀,,,UNKNOWN,pgg group GOOGS_PNG[type] index=iconId-type*1000 (iconId packet field),,zsweapon_language.dat name only; no static item→iconId column
1110068,Ảnh Vũ Hồn Phách Đao,影舞魂魄刀,,,UNKNOWN,pgg group GOOGS_PNG[type] index=iconId-type*1000 (iconId packet field),,zsweapon_language.dat name only; no static item→iconId column
1110069,Ảnh Vũ Hồn Phách Đao,影舞魂魄刀,,,UNKNOWN,pgg group GOOGS_PNG[type] index=iconId-type*1000 (iconId packet field),,zsweapon_language.dat name only; no static item→iconId column
1110070,Ảnh Vũ Trục Nhật,影舞逐日,,,UNKNOWN,pgg group GOOGS_PNG[type] index=iconId-type*1000 (iconId packet field),,zsweapon_language.dat name only; no static item→iconId column
1110071,Ảnh Vũ Trục Nhật,影舞逐日,,,UNKNOWN,pgg group GOOGS_PNG[type] index=iconId-type*1000 (iconId packet field),,zsweapon_language.dat name only; no static item→iconId column
1110072,Ảnh Vũ Trục Nhật,影舞逐日,,,UNKNOWN,pgg group GOOGS_PNG[type] index=iconId-type*1000 (iconId packet field),,zsweapon_language.dat name only; no static item→iconId column
1110073,Ảnh Vũ Trục Nhật,影舞逐日,,,UNKNOWN,pgg group GOOGS_PNG[type] index=iconId-type*1000 (iconId packet field),,zsweapon_language.dat name only; no static item→iconId column
1110074,Ảnh Vũ Trục Nhật,影舞逐日,,,UNKNOWN,pgg group GOOGS_PNG[type] index=iconId-type*1000 (iconId packet field),,zsweapon_language.dat name only; no static item→iconId column
1110075,Ảnh Vũ Trục Nhật,影舞逐日,,,UNKNOWN,pgg group GOOGS_PNG[type] index=iconId-type*1000 (iconId packet field),,zsweapon_language.dat name only; no static item→iconId column
1110076,Ảnh Vũ Trục Nhật,影舞逐日,,,UNKNOWN,pgg group GOOGS_PNG[type] index=iconId-type*1000 (iconId packet field),,zsweapon_language.dat name only; no static item→iconId column
1110077,Ảnh Vũ Trục Nhật,影舞逐日,,,UNKNOWN,pgg group GOOGS_PNG[type] index=iconId-type*1000 (iconId packet field),,zsweapon_language.dat name only; no static item→iconId column
1110078,Ảnh Vũ Trục Nhật,影舞逐日,,,UNKNOWN,pgg group GOOGS_PNG[type] index=iconId-type*1000 (iconId packet field),,zsweapon_language.dat name only; no static item→iconId column
1110079,Ảnh Vũ Trục Nhật,影舞逐日,,,UNKNOWN,pgg group GOOGS_PNG[type] index=iconId-type*1000 (iconId packet field),,zsweapon_language.dat name only; no static item→iconId column
1110080,Ảnh Vũ Trục Nhật,影舞逐日,,,UNKNOWN,pgg group GOOGS_PNG[type] index=iconId-type*1000 (iconId packet field),,zsweapon_language.dat name only; no static item→iconId column
1110081,Ảnh Vũ Trục Nhật,影舞逐日,,,UNKNOWN,pgg group GOOGS_PNG[type] index=iconId-type*1000 (iconId packet field),,zsweapon_language.dat name only; no static item→iconId column
1110082,Ảnh Vũ Trục Nhật,影舞逐日,,,UNKNOWN,pgg group GOOGS_PNG[type] index=iconId-type*1000 (iconId packet field),,zsweapon_language.dat name only; no static item→iconId column
1110083,Ảnh Vũ Trục Nhật,影舞逐日,,,UNKNOWN,pgg group GOOGS_PNG[type] index=iconId-type*1000 (iconId packet field),,zsweapon_language.dat name only; no static item→iconId column
1110084,Ảnh Vũ Trục Nhật,影舞逐日,,,UNKNOWN,pgg group GOOGS_PNG[type] index=iconId-type*1000 (iconId packet field),,zsweapon_language.dat name only; no static item→iconId column
1110085,Ảnh Vũ Trục Nhật,影舞逐日,,,UNKNOWN,pgg group GOOGS_PNG[type] index=iconId-type*1000 (iconId packet field),,zsweapon_language.dat name only; no static item→iconId column
1110086,Ảnh Vũ Trục Nhật,影舞逐日,,,UNKNOWN,pgg group GOOGS_PNG[type] index=iconId-type*1000 (iconId packet field),,zsweapon_language.dat name only; no static item→iconId column
1110087,Ảnh Vũ Trục Nhật,影舞逐日,,,UNKNOWN,pgg group GOOGS_PNG[type] index=iconId-type*1000 (iconId packet field),,zsweapon_language.dat name only; no static item→iconId column
1110088,Ảnh Vũ Trục Nhật,影舞逐日,,,UNKNOWN,pgg group GOOGS_PNG[type] index=iconId-type*1000 (iconId packet field),,zsweapon_language.dat name only; no static item→iconId column
1110089,Ảnh Vũ Trục Nhật,影舞逐日,,,UNKNOWN,pgg group GOOGS_PNG[type] index=iconId-type*1000 (iconId packet field),,zsweapon_language.dat name only; no static item→iconId column
1110090,Ảnh Vũ Trục Nhật,影舞逐日,,,UNKNOWN,pgg group GOOGS_PNG[type] index=iconId-type*1000 (iconId packet field),,zsweapon_language.dat name only; no static item→iconId column
1111001,Ảnh Vũ Đoản Kiếm,影舞短剑,,,UNKNOWN,pgg group GOOGS_PNG[type] index=iconId-type*1000 (iconId packet field),,zsweapon_language.dat name only; no static item→iconId column
1111002,Ảnh Vũ Đoản Kiếm,影舞短剑,,,UNKNOWN,pgg group GOOGS_PNG[type] index=iconId-type*1000 (iconId packet field),,zsweapon_language.dat name only; no static item→iconId column
1111003,Ảnh Vũ Đoản Kiếm,影舞短剑,,,UNKNOWN,pgg group GOOGS_PNG[type] index=iconId-type*1000 (iconId packet field),,zsweapon_language.dat name only; no static item→iconId column
1111004,Ảnh Vũ Đoản Kiếm,影舞短剑,,,UNKNOWN,pgg group GOOGS_PNG[type] index=iconId-type*1000 (iconId packet field),,zsweapon_language.dat name only; no static item→iconId column
1111005,Ảnh Vũ Thanh Đồng Kiếm,影舞青铜剑,,,UNKNOWN,pgg group GOOGS_PNG[type] index=iconId-type*1000 (iconId packet field),,zsweapon_language.dat name only; no static item→iconId column
1111006,Ảnh Vũ Thanh Đồng Kiếm,影舞青铜剑,,,UNKNOWN,pgg group GOOGS_PNG[type] index=iconId-type*1000 (iconId packet field),,zsweapon_language.dat name only; no static item→iconId column
1111007,Ảnh Vũ Thanh Đồng Kiếm,影舞青铜剑,,,UNKNOWN,pgg group GOOGS_PNG[type] index=iconId-type*1000 (iconId packet field),,zsweapon_language.dat name only; no static item→iconId column
1111008,Ảnh Vũ Thanh Đồng Kiếm,影舞青铜剑,,,UNKNOWN,pgg group GOOGS_PNG[type] index=iconId-type*1000 (iconId packet field),,zsweapon_language.dat name only; no static item→iconId column
1111009,Ảnh Vũ Thanh Đồng Kiếm,影舞青铜剑,,,UNKNOWN,pgg group GOOGS_PNG[type] index=iconId-type*1000 (iconId packet field),,zsweapon_language.dat name only; no static item→iconId column
1111010,Ảnh Vũ Cốt Kiếm,影舞骨剑,,,UNKNOWN,pgg group GOOGS_PNG[type] index=iconId-type*1000 (iconId packet field),,zsweapon_language.dat name only; no static item→iconId column
1111011,Ảnh Vũ Cốt Kiếm,影舞骨剑,,,UNKNOWN,pgg group GOOGS_PNG[type] index=iconId-type*1000 (iconId packet field),,zsweapon_language.dat name only; no static item→iconId column
1111012,Ảnh Vũ Cốt Kiếm,影舞骨剑,,,UNKNOWN,pgg group GOOGS_PNG[type] index=iconId-type*1000 (iconId packet field),,zsweapon_language.dat name only; no static item→iconId column
1111013,Ảnh Vũ Cốt Kiếm,影舞骨剑,,,UNKNOWN,pgg group GOOGS_PNG[type] index=iconId-type*1000 (iconId packet field),,zsweapon_language.dat name only; no static item→iconId column
1111014,Ảnh Vũ Cốt Kiếm,影舞骨剑,,,UNKNOWN,pgg group GOOGS_PNG[type] index=iconId-type*1000 (iconId packet field),,zsweapon_language.dat name only; no static item→iconId column
1111015,Ảnh Vũ Ngư Trường Kiếm,影舞鱼肠剑,,,UNKNOWN,pgg group GOOGS_PNG[type] index=iconId-type*1000 (iconId packet field),,zsweapon_language.dat name only; no static item→iconId column
1111016,Ảnh Vũ Ngư Trường Kiếm,影舞鱼肠剑,,,UNKNOWN,pgg group GOOGS_PNG[type] index=iconId-type*1000 (iconId packet field),,zsweapon_language.dat name only; no static item→iconId column
1111017,Ảnh Vũ Ngư Trường Kiếm,影舞鱼肠剑,,,UNKNOWN,pgg group GOOGS_PNG[type] index=iconId-type*1000 (iconId packet field),,zsweapon_language.dat name only; no static item→iconId column
1111018,Ảnh Vũ Ngư Trường Kiếm,影舞鱼肠剑,,,UNKNOWN,pgg group GOOGS_PNG[type] index=iconId-type*1000 (iconId packet field),,zsweapon_language.dat name only; no static item→iconId column
1111019,Ảnh Vũ Ngư Trường Kiếm,影舞鱼肠剑,,,UNKNOWN,pgg group GOOGS_PNG[type] index=iconId-type*1000 (iconId packet field),,zsweapon_language.dat name only; no static item→iconId column
1111020,Ảnh Vũ Cổ Đồng Kiếm,影舞古铜剑,,,UNKNOWN,pgg group GOOGS_PNG[type] index=iconId-type*1000 (iconId packet field),,zsweapon_language.dat name only; no static item→iconId column
1111021,Ảnh Vũ Cổ Đồng Kiếm,影舞古铜剑,,,UNKNOWN,pgg group GOOGS_PNG[type] index=iconId-type*1000 (iconId packet field),,zsweapon_language.dat name only; no static item→iconId column
1111022,Ảnh Vũ Cổ Đồng Kiếm,影舞古铜剑,,,UNKNOWN,pgg group GOOGS_PNG[type] index=iconId-type*1000 (iconId packet field),,zsweapon_language.dat name only; no static item→iconId column
1111023,Ảnh Vũ Cổ Đồng Kiếm,影舞古铜剑,,,UNKNOWN,pgg group GOOGS_PNG[type] index=iconId-type*1000 (iconId packet field),,zsweapon_language.dat name only; no static item→iconId column
1111024,Ảnh Vũ Cổ Đồng Kiếm,影舞古铜剑,,,UNKNOWN,pgg group GOOGS_PNG[type] index=iconId-type*1000 (iconId packet field),,zsweapon_language.dat name only; no static item→iconId column
1111025,Ảnh Vũ Cự Khuyết Kiếm,影舞巨阙剑,,,UNKNOWN,pgg group GOOGS_PNG[type] index=iconId-type*1000 (iconId packet field),,zsweapon_language.dat name only; no static item→iconId column
1111026,Ảnh Vũ Cự Khuyết Kiếm,影舞巨阙剑,,,UNKNOWN,pgg group GOOGS_PNG[type] index=iconId-type*1000 (iconId packet field),,zsweapon_language.dat name only; no static item→iconId column
1111027,Ảnh Vũ Cự Khuyết Kiếm,影舞巨阙剑,,,UNKNOWN,pgg group GOOGS_PNG[type] index=iconId-type*1000 (iconId packet field),,zsweapon_language.dat name only; no static item→iconId column
1111028,Ảnh Vũ Cự Khuyết Kiếm,影舞巨阙剑,,,UNKNOWN,pgg group GOOGS_PNG[type] index=iconId-type*1000 (iconId packet field),,zsweapon_language.dat name only; no static item→iconId column
1111029,Ảnh Vũ Cự Khuyết Kiếm,影舞巨阙剑,,,UNKNOWN,pgg group GOOGS_PNG[type] index=iconId-type*1000 (iconId packet field),,zsweapon_language.dat name only; no static item→iconId column
1111030,Ảnh Vũ Thanh Hồng Kiếm,影舞青虹剑,,,UNKNOWN,pgg group GOOGS_PNG[type] index=iconId-type*1000 (iconId packet field),,zsweapon_language.dat name only; no static item→iconId column
1111031,Ảnh Vũ Thanh Hồng Kiếm,影舞青虹剑,,,UNKNOWN,pgg group GOOGS_PNG[type] index=iconId-type*1000 (iconId packet field),,zsweapon_language.dat name only; no static item→iconId column
1111032,Ảnh Vũ Thanh Hồng Kiếm,影舞青虹剑,,,UNKNOWN,pgg group GOOGS_PNG[type] index=iconId-type*1000 (iconId packet field),,zsweapon_language.dat name only; no static item→iconId column
1111033,Ảnh Vũ Thanh Hồng Kiếm,影舞青虹剑,,,UNKNOWN,pgg group GOOGS_PNG[type] index=iconId-type*1000 (iconId packet field),,zsweapon_language.dat name only; no static item→iconId column
1111034,Ảnh Vũ Thanh Hồng Kiếm,影舞青虹剑,,,UNKNOWN,pgg group GOOGS_PNG[type] index=iconId-type*1000 (iconId packet field),,zsweapon_language.dat name only; no static item→iconId column
1111035,Ảnh Vũ Phù Vân Lạc Nhật Kiếm,影舞浮云落日剑,,,UNKNOWN,pgg group GOOGS_PNG[type] index=iconId-type*1000 (iconId packet field),,zsweapon_language.dat name only; no static item→iconId column
1111036,Ảnh Vũ Phù Vân Lạc Nhật Kiếm,影舞浮云落日剑,,,UNKNOWN,pgg group GOOGS_PNG[type] index=iconId-type*1000 (iconId packet field),,zsweapon_language.dat name only; no static item→iconId column
1111037,Ảnh Vũ Phù Vân Lạc Nhật Kiếm,影舞浮云落日剑,,,UNKNOWN,pgg group GOOGS_PNG[type] index=iconId-type*1000 (iconId packet field),,zsweapon_language.dat name only; no static item→iconId column
1111038,Ảnh Vũ Phù Vân Lạc Nhật Kiếm,影舞浮云落日剑,,,UNKNOWN,pgg group GOOGS_PNG[type] index=iconId-type*1000 (iconId packet field),,zsweapon_language.dat name only; no static item→iconId column
1111039,Ảnh Vũ Phù Vân Lạc Nhật Kiếm,影舞浮云落日剑,,,UNKNOWN,pgg group GOOGS_PNG[type] index=iconId-type*1000 (iconId packet field),,zsweapon_language.dat name only; no static item→iconId column
1111040,Ảnh Vũ Bạch Ngân Linh Văn Kiếm,影舞白银灵纹剑,,,UNKNOWN,pgg group GOOGS_PNG[type] index=iconId-type*1000 (iconId packet field),,zsweapon_language.dat name only; no static item→iconId column
1111041,Ảnh Vũ Bạch Ngân Linh Văn Kiếm,影舞白银灵纹剑,,,UNKNOWN,pgg group GOOGS_PNG[type] index=iconId-type*1000 (iconId packet field),,zsweapon_language.dat name only; no static item→iconId column
1111042,Ảnh Vũ Bạch Ngân Linh Văn Kiếm,影舞白银灵纹剑,,,UNKNOWN,pgg group GOOGS_PNG[type] index=iconId-type*1000 (iconId packet field),,zsweapon_language.dat name only; no static item→iconId column
1111043,Ảnh Vũ Bạch Ngân Linh Văn Kiếm,影舞白银灵纹剑,,,UNKNOWN,pgg group GOOGS_PNG[type] index=iconId-type*1000 (iconId packet field),,zsweapon_language.dat name only; no static item→iconId column
1111044,Ảnh Vũ Bạch Ngân Linh Văn Kiếm,影舞白银灵纹剑,,,UNKNOWN,pgg group GOOGS_PNG[type] index=iconId-type*1000 (iconId packet field),,zsweapon_language.dat name only; no static item→iconId column
1111045,Ảnh Vũ Cổ Hàn Song Kiếm,影舞古寒霜剑,,,UNKNOWN,pgg group GOOGS_PNG[type] index=iconId-type*1000 (iconId packet field),,zsweapon_language.dat name only; no static item→iconId column
1111046,Ảnh Vũ Cổ Hàn Song Kiếm,影舞古寒霜剑,,,UNKNOWN,pgg group GOOGS_PNG[type] index=iconId-type*1000 (iconId packet field),,zsweapon_language.dat name only; no static item→iconId column
1111047,Ảnh Vũ Cổ Hàn Song Kiếm,影舞古寒霜剑,,,UNKNOWN,pgg group GOOGS_PNG[type] index=iconId-type*1000 (iconId packet field),,zsweapon_language.dat name only; no static item→iconId column
1111048,Ảnh Vũ Cổ Hàn Song Kiếm,影舞古寒霜剑,,,UNKNOWN,pgg group GOOGS_PNG[type] index=iconId-type*1000 (iconId packet field),,zsweapon_language.dat name only; no static item→iconId column
1111049,Ảnh Vũ Cổ Hàn Song Kiếm,影舞古寒霜剑,,,UNKNOWN,pgg group GOOGS_PNG[type] index=iconId-type*1000 (iconId packet field),,zsweapon_language.dat name only; no static item→iconId column
1111050,Ảnh Vũ Thánh Ngân Đoản Kiếm,影舞圣银短剑,,,UNKNOWN,pgg group GOOGS_PNG[type] index=iconId-type*1000 (iconId packet field),,zsweapon_language.dat name only; no static item→iconId column
1111051,Ảnh Vũ Thánh Ngân Đoản Kiếm,影舞圣银短剑,,,UNKNOWN,pgg group GOOGS_PNG[type] index=iconId-type*1000 (iconId packet field),,zsweapon_language.dat name only; no static item→iconId column
1111052,Ảnh Vũ Thánh Ngân Đoản Kiếm,影舞圣银短剑,,,UNKNOWN,pgg group GOOGS_PNG[type] index=iconId-type*1000 (iconId packet field),,zsweapon_language.dat name only; no static item→iconId column
1111053,Ảnh Vũ Thánh Ngân Đoản Kiếm,影舞圣银短剑,,,UNKNOWN,pgg group GOOGS_PNG[type] index=iconId-type*1000 (iconId packet field),,zsweapon_language.dat name only; no static item→iconId column
1111054,Ảnh Vũ Thánh Ngân Đoản Kiếm,影舞圣银短剑,,,UNKNOWN,pgg group GOOGS_PNG[type] index=iconId-type*1000 (iconId packet field),,zsweapon_language.dat name only; no static item→iconId column
1111055,Ảnh Vũ Trấn Thiên Kiếm,影舞镇天剑,,,UNKNOWN,pgg group GOOGS_PNG[type] index=iconId-type*1000 (iconId packet field),,zsweapon_language.dat name only; no static item→iconId column
1111056,Ảnh Vũ Trấn Thiên Kiếm,影舞镇天剑,,,UNKNOWN,pgg group GOOGS_PNG[type] index=iconId-type*1000 (iconId packet field),,zsweapon_language.dat name only; no static item→iconId column
1111057,Ảnh Vũ Trấn Thiên Kiếm,影舞镇天剑,,,UNKNOWN,pgg group GOOGS_PNG[type] index=iconId-type*1000 (iconId packet field),,zsweapon_language.dat name only; no static item→iconId column
1111058,Ảnh Vũ Trấn Thiên Kiếm,影舞镇天剑,,,UNKNOWN,pgg group GOOGS_PNG[type] index=iconId-type*1000 (iconId packet field),,zsweapon_language.dat name only; no static item→iconId column
1111059,Ảnh Vũ Trấn Thiên Kiếm,影舞镇天剑,,,UNKNOWN,pgg group GOOGS_PNG[type] index=iconId-type*1000 (iconId packet field),,zsweapon_language.dat name only; no static item→iconId column
1111060,Ảnh Vũ Hoàng Kim Hiên Viên Kiếm,影舞黄金轩辕剑,,,UNKNOWN,pgg group GOOGS_PNG[type] index=iconId-type*1000 (iconId packet field),,zsweapon_language.dat name only; no static item→iconId column
1111061,Ảnh Vũ Hoàng Kim Hiên Viên Kiếm,影舞黄金轩辕剑,,,UNKNOWN,pgg group GOOGS_PNG[type] index=iconId-type*1000 (iconId packet field),,zsweapon_language.dat name only; no static item→iconId column
1111062,Ảnh Vũ Hoàng Kim Hiên Viên Kiếm,影舞黄金轩辕剑,,,UNKNOWN,pgg group GOOGS_PNG[type] index=iconId-type*1000 (iconId packet field),,zsweapon_language.dat name only; no static item→iconId column
1111063,Ảnh Vũ Hoàng Kim Hiên Viên Kiếm,影舞黄金轩辕剑,,,UNKNOWN,pgg group GOOGS_PNG[type] index=iconId-type*1000 (iconId packet field),,zsweapon_language.dat name only; no static item→iconId column
1111064,Ảnh Vũ Hoàng Kim Hiên Viên Kiếm,影舞黄金轩辕剑,,,UNKNOWN,pgg group GOOGS_PNG[type] index=iconId-type*1000 (iconId packet field),,zsweapon_language.dat name only; no static item→iconId column
1111065,Ảnh Vũ Võ Thần Lưu Quang,影舞武神流光,,,UNKNOWN,pgg group GOOGS_PNG[type] index=iconId-type*1000 (iconId packet field),,zsweapon_language.dat name only; no static item→iconId column
1111066,Ảnh Vũ Võ Thần Lưu Quang,影舞武神流光,,,UNKNOWN,pgg group GOOGS_PNG[type] index=iconId-type*1000 (iconId packet field),,zsweapon_language.dat name only; no static item→iconId column
1111067,Ảnh Vũ Võ Thần Lưu Quang,影舞武神流光,,,UNKNOWN,pgg group GOOGS_PNG[type] index=iconId-type*1000 (iconId packet field),,zsweapon_language.dat name only; no static item→iconId column
1111068,Ảnh Vũ Võ Thần Lưu Quang,影舞武神流光,,,UNKNOWN,pgg group GOOGS_PNG[type] index=iconId-type*1000 (iconId packet field),,zsweapon_language.dat name only; no static item→iconId column
1111069,Ảnh Vũ Võ Thần Lưu Quang,影舞武神流光,,,UNKNOWN,pgg group GOOGS_PNG[type] index=iconId-type*1000 (iconId packet field),,zsweapon_language.dat name only; no static item→iconId column
1111070,Ảnh Vũ Ám Kim Du Long Kiếm,影舞暗金游龙剑,,,UNKNOWN,pgg group GOOGS_PNG[type] index=iconId-type*1000 (iconId packet field),,zsweapon_language.dat name only; no static item→iconId column
1111071,Ảnh Vũ Ám Kim Du Long Kiếm,影舞暗金游龙剑,,,UNKNOWN,pgg group GOOGS_PNG[type] index=iconId-type*1000 (iconId packet field),,zsweapon_language.dat name only; no static item→iconId column
1111072,Ảnh Vũ Ám Kim Du Long Kiếm,影舞暗金游龙剑,,,UNKNOWN,pgg group GOOGS_PNG[type] index=iconId-type*1000 (iconId packet field),,zsweapon_language.dat name only; no static item→iconId column
1111073,Ảnh Vũ Ám Kim Du Long Kiếm,影舞暗金游龙剑,,,UNKNOWN,pgg group GOOGS_PNG[type] index=iconId-type*1000 (iconId packet field),,zsweapon_language.dat name only; no static item→iconId column
1111074,Ảnh Vũ Ám Kim Du Long Kiếm,影舞暗金游龙剑,,,UNKNOWN,pgg group GOOGS_PNG[type] index=iconId-type*1000 (iconId packet field),,zsweapon_language.dat name only; no static item→iconId column
1111075,Ảnh Vũ Ám Kim Du Long Kiếm,影舞暗金游龙剑,,,UNKNOWN,pgg group GOOGS_PNG[type] index=iconId-type*1000 (iconId packet field),,zsweapon_language.dat name only; no static item→iconId column
1111076,Ảnh Vũ Ám Kim Du Long Kiếm,影舞暗金游龙剑,,,UNKNOWN,pgg group GOOGS_PNG[type] index=iconId-type*1000 (iconId packet field),,zsweapon_language.dat name only; no static item→iconId column
1111077,Ảnh Vũ Ám Kim Du Long Kiếm,影舞暗金游龙剑,,,UNKNOWN,pgg group GOOGS_PNG[type] index=iconId-type*1000 (iconId packet field),,zsweapon_language.dat name only; no static item→iconId column
1111078,Ảnh Vũ Ám Kim Du Long Kiếm,影舞暗金游龙剑,,,UNKNOWN,pgg group GOOGS_PNG[type] index=iconId-type*1000 (iconId packet field),,zsweapon_language.dat name only; no static item→iconId column
1111079,Ảnh Vũ Ám Kim Du Long Kiếm,影舞暗金游龙剑,,,UNKNOWN,pgg group GOOGS_PNG[type] index=iconId-type*1000 (iconId packet field),,zsweapon_language.dat name only; no static item→iconId column
1111080,Ảnh Vũ Ám Kim Du Long Kiếm,影舞暗金游龙剑,,,UNKNOWN,pgg group GOOGS_PNG[type] index=iconId-type*1000 (iconId packet field),,zsweapon_language.dat name only; no static item→iconId column
1111081,Ảnh Vũ Ám Kim Du Long Kiếm,影舞暗金游龙剑,,,UNKNOWN,pgg group GOOGS_PNG[type] index=iconId-type*1000 (iconId packet field),,zsweapon_language.dat name only; no static item→iconId column
1111082,Ảnh Vũ Ám Kim Du Long Kiếm,影舞暗金游龙剑,,,UNKNOWN,pgg group GOOGS_PNG[type] index=iconId-type*1000 (iconId packet field),,zsweapon_language.dat name only; no static item→iconId column
1111083,Ảnh Vũ Ám Kim Du Long Kiếm,影舞暗金游龙剑,,,UNKNOWN,pgg group GOOGS_PNG[type] index=iconId-type*1000 (iconId packet field),,zsweapon_language.dat name only; no static item→iconId column
1111084,Ảnh Vũ Ám Kim Du Long Kiếm,影舞暗金游龙剑,,,UNKNOWN,pgg group GOOGS_PNG[type] index=iconId-type*1000 (iconId packet field),,zsweapon_language.dat name only; no static item→iconId column
1111085,Ảnh Vũ Ám Kim Du Long Kiếm,影舞暗金游龙剑,,,UNKNOWN,pgg group GOOGS_PNG[type] index=iconId-type*1000 (iconId packet field),,zsweapon_language.dat name only; no static item→iconId column
1111086,Ảnh Vũ Ám Kim Du Long Kiếm,影舞暗金游龙剑,,,UNKNOWN,pgg group GOOGS_PNG[type] index=iconId-type*1000 (iconId packet field),,zsweapon_language.dat name only; no static item→iconId column
1111087,Ảnh Vũ Ám Kim Du Long Kiếm,影舞暗金游龙剑,,,UNKNOWN,pgg group GOOGS_PNG[type] index=iconId-type*1000 (iconId packet field),,zsweapon_language.dat name only; no static item→iconId column
1111088,Ảnh Vũ Ám Kim Du Long Kiếm,影舞暗金游龙剑,,,UNKNOWN,pgg group GOOGS_PNG[type] index=iconId-type*1000 (iconId packet field),,zsweapon_language.dat name only; no static item→iconId column
1111089,Ảnh Vũ Ám Kim Du Long Kiếm,影舞暗金游龙剑,,,UNKNOWN,pgg group GOOGS_PNG[type] index=iconId-type*1000 (iconId packet field),,zsweapon_language.dat name only; no static item→iconId column
1111090,Ảnh Vũ Ám Kim Du Long Kiếm,影舞暗金游龙剑,,,UNKNOWN,pgg group GOOGS_PNG[type] index=iconId-type*1000 (iconId packet field),,zsweapon_language.dat name only; no static item→iconId column
1112001,Huyền Thiên Đoản Trượng,玄天短杖,,,UNKNOWN,pgg group GOOGS_PNG[type] index=iconId-type*1000 (iconId packet field),,zsweapon_language.dat name only; no static item→iconId column
1112002,Huyền Thiên Đoản Trượng,玄天短杖,,,UNKNOWN,pgg group GOOGS_PNG[type] index=iconId-type*1000 (iconId packet field),,zsweapon_language.dat name only; no static item→iconId column
1112003,Huyền Thiên Đoản Trượng,玄天短杖,,,UNKNOWN,pgg group GOOGS_PNG[type] index=iconId-type*1000 (iconId packet field),,zsweapon_language.dat name only; no static item→iconId column
1112004,Huyền Thiên Đoản Trượng,玄天短杖,,,UNKNOWN,pgg group GOOGS_PNG[type] index=iconId-type*1000 (iconId packet field),,zsweapon_language.dat name only; no static item→iconId column
1112005,Huyền Thiên Thanh Trúc Trượng,玄天青竹杖,,,UNKNOWN,pgg group GOOGS_PNG[type] index=iconId-type*1000 (iconId packet field),,zsweapon_language.dat name only; no static item→iconId column
1112006,Huyền Thiên Thanh Trúc Trượng,玄天青竹杖,,,UNKNOWN,pgg group GOOGS_PNG[type] index=iconId-type*1000 (iconId packet field),,zsweapon_language.dat name only; no static item→iconId column
1112007,Huyền Thiên Thanh Trúc Trượng,玄天青竹杖,,,UNKNOWN,pgg group GOOGS_PNG[type] index=iconId-type*1000 (iconId packet field),,zsweapon_language.dat name only; no static item→iconId column
1112008,Huyền Thiên Thanh Trúc Trượng,玄天青竹杖,,,UNKNOWN,pgg group GOOGS_PNG[type] index=iconId-type*1000 (iconId packet field),,zsweapon_language.dat name only; no static item→iconId column
1112009,Huyền Thiên Thanh Trúc Trượng,玄天青竹杖,,,UNKNOWN,pgg group GOOGS_PNG[type] index=iconId-type*1000 (iconId packet field),,zsweapon_language.dat name only; no static item→iconId column
1112010,Huyền Thiên Đằng Vân Trượng,玄天腾云杖,,,UNKNOWN,pgg group GOOGS_PNG[type] index=iconId-type*1000 (iconId packet field),,zsweapon_language.dat name only; no static item→iconId column
1112011,Huyền Thiên Đằng Vân Trượng,玄天腾云杖,,,UNKNOWN,pgg group GOOGS_PNG[type] index=iconId-type*1000 (iconId packet field),,zsweapon_language.dat name only; no static item→iconId column
1112012,Huyền Thiên Đằng Vân Trượng,玄天腾云杖,,,UNKNOWN,pgg group GOOGS_PNG[type] index=iconId-type*1000 (iconId packet field),,zsweapon_language.dat name only; no static item→iconId column
1112013,Huyền Thiên Đằng Vân Trượng,玄天腾云杖,,,UNKNOWN,pgg group GOOGS_PNG[type] index=iconId-type*1000 (iconId packet field),,zsweapon_language.dat name only; no static item→iconId column
1112014,Huyền Thiên Đằng Vân Trượng,玄天腾云杖,,,UNKNOWN,pgg group GOOGS_PNG[type] index=iconId-type*1000 (iconId packet field),,zsweapon_language.dat name only; no static item→iconId column
1112015,Huyền Thiên Linh Xà Trượng,玄天灵蛇杖,,,UNKNOWN,pgg group GOOGS_PNG[type] index=iconId-type*1000 (iconId packet field),,zsweapon_language.dat name only; no static item→iconId column
1112016,Huyền Thiên Linh Xà Trượng,玄天灵蛇杖,,,UNKNOWN,pgg group GOOGS_PNG[type] index=iconId-type*1000 (iconId packet field),,zsweapon_language.dat name only; no static item→iconId column
1112017,Huyền Thiên Linh Xà Trượng,玄天灵蛇杖,,,UNKNOWN,pgg group GOOGS_PNG[type] index=iconId-type*1000 (iconId packet field),,zsweapon_language.dat name only; no static item→iconId column
1112018,Huyền Thiên Linh Xà Trượng,玄天灵蛇杖,,,UNKNOWN,pgg group GOOGS_PNG[type] index=iconId-type*1000 (iconId packet field),,zsweapon_language.dat name only; no static item→iconId column
1112019,Huyền Thiên Linh Xà Trượng,玄天灵蛇杖,,,UNKNOWN,pgg group GOOGS_PNG[type] index=iconId-type*1000 (iconId packet field),,zsweapon_language.dat name only; no static item→iconId column
1112020,Huyền Thiên Phi Vân Trượng,玄天飞云杖,,,UNKNOWN,pgg group GOOGS_PNG[type] index=iconId-type*1000 (iconId packet field),,zsweapon_language.dat name only; no static item→iconId column
1112021,Huyền Thiên Phi Vân Trượng,玄天飞云杖,,,UNKNOWN,pgg group GOOGS_PNG[type] index=iconId-type*1000 (iconId packet field),,zsweapon_language.dat name only; no static item→iconId column
1112022,Huyền Thiên Phi Vân Trượng,玄天飞云杖,,,UNKNOWN,pgg group GOOGS_PNG[type] index=iconId-type*1000 (iconId packet field),,zsweapon_language.dat name only; no static item→iconId column
1112023,Huyền Thiên Phi Vân Trượng,玄天飞云杖,,,UNKNOWN,pgg group GOOGS_PNG[type] index=iconId-type*1000 (iconId packet field),,zsweapon_language.dat name only; no static item→iconId column
1112024,Huyền Thiên Phi Vân Trượng,玄天飞云杖,,,UNKNOWN,pgg group GOOGS_PNG[type] index=iconId-type*1000 (iconId packet field),,zsweapon_language.dat name only; no static item→iconId column
1112025,Huyền Thiên Hiền Giả Trượng,玄天贤者杖,,,UNKNOWN,pgg group GOOGS_PNG[type] index=iconId-type*1000 (iconId packet field),,zsweapon_language.dat name only; no static item→iconId column
1112026,Huyền Thiên Hiền Giả Trượng,玄天贤者杖,,,UNKNOWN,pgg group GOOGS_PNG[type] index=iconId-type*1000 (iconId packet field),,zsweapon_language.dat name only; no static item→iconId column
1112027,Huyền Thiên Hiền Giả Trượng,玄天贤者杖,,,UNKNOWN,pgg group GOOGS_PNG[type] index=iconId-type*1000 (iconId packet field),,zsweapon_language.dat name only; no static item→iconId column
1112028,Huyền Thiên Hiền Giả Trượng,玄天贤者杖,,,UNKNOWN,pgg group GOOGS_PNG[type] index=iconId-type*1000 (iconId packet field),,zsweapon_language.dat name only; no static item→iconId column
1112029,Huyền Thiên Hiền Giả Trượng,玄天贤者杖,,,UNKNOWN,pgg group GOOGS_PNG[type] index=iconId-type*1000 (iconId packet field),,zsweapon_language.dat name only; no static item→iconId column
1112030,Huyền Thiên Tôn Giả Trượng,玄天尊者杖,,,UNKNOWN,pgg group GOOGS_PNG[type] index=iconId-type*1000 (iconId packet field),,zsweapon_language.dat name only; no static item→iconId column
1112031,Huyền Thiên Tôn Giả Trượng,玄天尊者杖,,,UNKNOWN,pgg group GOOGS_PNG[type] index=iconId-type*1000 (iconId packet field),,zsweapon_language.dat name only; no static item→iconId column
1112032,Huyền Thiên Tôn Giả Trượng,玄天尊者杖,,,UNKNOWN,pgg group GOOGS_PNG[type] index=iconId-type*1000 (iconId packet field),,zsweapon_language.dat name only; no static item→iconId column
1112033,Huyền Thiên Tôn Giả Trượng,玄天尊者杖,,,UNKNOWN,pgg group GOOGS_PNG[type] index=iconId-type*1000 (iconId packet field),,zsweapon_language.dat name only; no static item→iconId column
1112034,Huyền Thiên Tôn Giả Trượng,玄天尊者杖,,,UNKNOWN,pgg group GOOGS_PNG[type] index=iconId-type*1000 (iconId packet field),,zsweapon_language.dat name only; no static item→iconId column
1112035,Huyền Thiên Viêm Linh Trượng,玄天炎灵杖,,,UNKNOWN,pgg group GOOGS_PNG[type] index=iconId-type*1000 (iconId packet field),,zsweapon_language.dat name only; no static item→iconId column
1112036,Huyền Thiên Viêm Linh Trượng,玄天炎灵杖,,,UNKNOWN,pgg group GOOGS_PNG[type] index=iconId-type*1000 (iconId packet field),,zsweapon_language.dat name only; no static item→iconId column
1112037,Huyền Thiên Viêm Linh Trượng,玄天炎灵杖,,,UNKNOWN,pgg group GOOGS_PNG[type] index=iconId-type*1000 (iconId packet field),,zsweapon_language.dat name only; no static item→iconId column
1112038,Huyền Thiên Viêm Linh Trượng,玄天炎灵杖,,,UNKNOWN,pgg group GOOGS_PNG[type] index=iconId-type*1000 (iconId packet field),,zsweapon_language.dat name only; no static item→iconId column
1112039,Huyền Thiên Viêm Linh Trượng,玄天炎灵杖,,,UNKNOWN,pgg group GOOGS_PNG[type] index=iconId-type*1000 (iconId packet field),,zsweapon_language.dat name only; no static item→iconId column
1112040,Huyền Thiên Phục Ma Trượng,玄天伏魔杖,,,UNKNOWN,pgg group GOOGS_PNG[type] index=iconId-type*1000 (iconId packet field),,zsweapon_language.dat name only; no static item→iconId column
1112041,Huyền Thiên Phục Ma Trượng,玄天伏魔杖,,,UNKNOWN,pgg group GOOGS_PNG[type] index=iconId-type*1000 (iconId packet field),,zsweapon_language.dat name only; no static item→iconId column
1112042,Huyền Thiên Phục Ma Trượng,玄天伏魔杖,,,UNKNOWN,pgg group GOOGS_PNG[type] index=iconId-type*1000 (iconId packet field),,zsweapon_language.dat name only; no static item→iconId column
1112043,Huyền Thiên Phục Ma Trượng,玄天伏魔杖,,,UNKNOWN,pgg group GOOGS_PNG[type] index=iconId-type*1000 (iconId packet field),,zsweapon_language.dat name only; no static item→iconId column
1112044,Huyền Thiên Phục Ma Trượng,玄天伏魔杖,,,UNKNOWN,pgg group GOOGS_PNG[type] index=iconId-type*1000 (iconId packet field),,zsweapon_language.dat name only; no static item→iconId column
1112045,Huyền Thiên Luyện Ngục Thủ Trượng,玄天炼狱手杖,,,UNKNOWN,pgg group GOOGS_PNG[type] index=iconId-type*1000 (iconId packet field),,zsweapon_language.dat name only; no static item→iconId column
1112046,Huyền Thiên Luyện Ngục Thủ Trượng,玄天炼狱手杖,,,UNKNOWN,pgg group GOOGS_PNG[type] index=iconId-type*1000 (iconId packet field),,zsweapon_language.dat name only; no static item→iconId column
1112047,Huyền Thiên Luyện Ngục Thủ Trượng,玄天炼狱手杖,,,UNKNOWN,pgg group GOOGS_PNG[type] index=iconId-type*1000 (iconId packet field),,zsweapon_language.dat name only; no static item→iconId column
1112048,Huyền Thiên Luyện Ngục Thủ Trượng,玄天炼狱手杖,,,UNKNOWN,pgg group GOOGS_PNG[type] index=iconId-type*1000 (iconId packet field),,zsweapon_language.dat name only; no static item→iconId column
1112049,Huyền Thiên Luyện Ngục Thủ Trượng,玄天炼狱手杖,,,UNKNOWN,pgg group GOOGS_PNG[type] index=iconId-type*1000 (iconId packet field),,zsweapon_language.dat name only; no static item→iconId column
1112050,Huyền Thiên Thần Chú Trượng,玄天神咒杖,,,UNKNOWN,pgg group GOOGS_PNG[type] index=iconId-type*1000 (iconId packet field),,zsweapon_language.dat name only; no static item→iconId column
1112051,Huyền Thiên Thần Chú Trượng,玄天神咒杖,,,UNKNOWN,pgg group GOOGS_PNG[type] index=iconId-type*1000 (iconId packet field),,zsweapon_language.dat name only; no static item→iconId column
1112052,Huyền Thiên Thần Chú Trượng,玄天神咒杖,,,UNKNOWN,pgg group GOOGS_PNG[type] index=iconId-type*1000 (iconId packet field),,zsweapon_language.dat name only; no static item→iconId column
1112053,Huyền Thiên Thần Chú Trượng,玄天神咒杖,,,UNKNOWN,pgg group GOOGS_PNG[type] index=iconId-type*1000 (iconId packet field),,zsweapon_language.dat name only; no static item→iconId column
1112054,Huyền Thiên Thần Chú Trượng,玄天神咒杖,,,UNKNOWN,pgg group GOOGS_PNG[type] index=iconId-type*1000 (iconId packet field),,zsweapon_language.dat name only; no static item→iconId column
1112055,Huyền Thiên Thị Ma Thủ Trượng,玄天噬魔手杖,,,UNKNOWN,pgg group GOOGS_PNG[type] index=iconId-type*1000 (iconId packet field),,zsweapon_language.dat name only; no static item→iconId column
1112056,Huyền Thiên Thị Ma Thủ Trượng,玄天噬魔手杖,,,UNKNOWN,pgg group GOOGS_PNG[type] index=iconId-type*1000 (iconId packet field),,zsweapon_language.dat name only; no static item→iconId column
1112057,Huyền Thiên Thị Ma Thủ Trượng,玄天噬魔手杖,,,UNKNOWN,pgg group GOOGS_PNG[type] index=iconId-type*1000 (iconId packet field),,zsweapon_language.dat name only; no static item→iconId column
1112058,Huyền Thiên Thị Ma Thủ Trượng,玄天噬魔手杖,,,UNKNOWN,pgg group GOOGS_PNG[type] index=iconId-type*1000 (iconId packet field),,zsweapon_language.dat name only; no static item→iconId column
1112059,Huyền Thiên Thị Ma Thủ Trượng,玄天噬魔手杖,,,UNKNOWN,pgg group GOOGS_PNG[type] index=iconId-type*1000 (iconId packet field),,zsweapon_language.dat name only; no static item→iconId column
1112060,Huyền Thiên Thiên Tôn Pháp Trượng,玄天天尊法杖,,,UNKNOWN,pgg group GOOGS_PNG[type] index=iconId-type*1000 (iconId packet field),,zsweapon_language.dat name only; no static item→iconId column
1112061,Huyền Thiên Thiên Tôn Pháp Trượng,玄天天尊法杖,,,UNKNOWN,pgg group GOOGS_PNG[type] index=iconId-type*1000 (iconId packet field),,zsweapon_language.dat name only; no static item→iconId column
1112062,Huyền Thiên Thiên Tôn Pháp Trượng,玄天天尊法杖,,,UNKNOWN,pgg group GOOGS_PNG[type] index=iconId-type*1000 (iconId packet field),,zsweapon_language.dat name only; no static item→iconId column
1112063,Huyền Thiên Thiên Tôn Pháp Trượng,玄天天尊法杖,,,UNKNOWN,pgg group GOOGS_PNG[type] index=iconId-type*1000 (iconId packet field),,zsweapon_language.dat name only; no static item→iconId column
1112064,Huyền Thiên Thiên Tôn Pháp Trượng,玄天天尊法杖,,,UNKNOWN,pgg group GOOGS_PNG[type] index=iconId-type*1000 (iconId packet field),,zsweapon_language.dat name only; no static item→iconId column
1112065,Huyền Thiên Nghịch Thiên,玄天逆天,,,UNKNOWN,pgg group GOOGS_PNG[type] index=iconId-type*1000 (iconId packet field),,zsweapon_language.dat name only; no static item→iconId column
1112066,Huyền Thiên Nghịch Thiên,玄天逆天,,,UNKNOWN,pgg group GOOGS_PNG[type] index=iconId-type*1000 (iconId packet field),,zsweapon_language.dat name only; no static item→iconId column
1112067,Huyền Thiên Nghịch Thiên,玄天逆天,,,UNKNOWN,pgg group GOOGS_PNG[type] index=iconId-type*1000 (iconId packet field),,zsweapon_language.dat name only; no static item→iconId column
1112068,Huyền Thiên Nghịch Thiên,玄天逆天,,,UNKNOWN,pgg group GOOGS_PNG[type] index=iconId-type*1000 (iconId packet field),,zsweapon_language.dat name only; no static item→iconId column
1112069,Huyền Thiên Nghịch Thiên,玄天逆天,,,UNKNOWN,pgg group GOOGS_PNG[type] index=iconId-type*1000 (iconId packet field),,zsweapon_language.dat name only; no static item→iconId column
1112070,Huyền Thiên Tu La Trượng,玄天修罗杖,,,UNKNOWN,pgg group GOOGS_PNG[type] index=iconId-type*1000 (iconId packet field),,zsweapon_language.dat name only; no static item→iconId column
1112071,Huyền Thiên Tu La Trượng,玄天修罗杖,,,UNKNOWN,pgg group GOOGS_PNG[type] index=iconId-type*1000 (iconId packet field),,zsweapon_language.dat name only; no static item→iconId column
1112072,Huyền Thiên Tu La Trượng,玄天修罗杖,,,UNKNOWN,pgg group GOOGS_PNG[type] index=iconId-type*1000 (iconId packet field),,zsweapon_language.dat name only; no static item→iconId column
1112073,Huyền Thiên Tu La Trượng,玄天修罗杖,,,UNKNOWN,pgg group GOOGS_PNG[type] index=iconId-type*1000 (iconId packet field),,zsweapon_language.dat name only; no static item→iconId column
1112074,Huyền Thiên Tu La Trượng,玄天修罗杖,,,UNKNOWN,pgg group GOOGS_PNG[type] index=iconId-type*1000 (iconId packet field),,zsweapon_language.dat name only; no static item→iconId column
1112075,Huyền Thiên Tu La Trượng,玄天修罗杖,,,UNKNOWN,pgg group GOOGS_PNG[type] index=iconId-type*1000 (iconId packet field),,zsweapon_language.dat name only; no static item→iconId column
1112076,Huyền Thiên Tu La Trượng,玄天修罗杖,,,UNKNOWN,pgg group GOOGS_PNG[type] index=iconId-type*1000 (iconId packet field),,zsweapon_language.dat name only; no static item→iconId column
1112077,Huyền Thiên Tu La Trượng,玄天修罗杖,,,UNKNOWN,pgg group GOOGS_PNG[type] index=iconId-type*1000 (iconId packet field),,zsweapon_language.dat name only; no static item→iconId column
1112078,Huyền Thiên Tu La Trượng,玄天修罗杖,,,UNKNOWN,pgg group GOOGS_PNG[type] index=iconId-type*1000 (iconId packet field),,zsweapon_language.dat name only; no static item→iconId column
1112079,Huyền Thiên Tu La Trượng,玄天修罗杖,,,UNKNOWN,pgg group GOOGS_PNG[type] index=iconId-type*1000 (iconId packet field),,zsweapon_language.dat name only; no static item→iconId column
1112080,Huyền Thiên Tu La Trượng,玄天修罗杖,,,UNKNOWN,pgg group GOOGS_PNG[type] index=iconId-type*1000 (iconId packet field),,zsweapon_language.dat name only; no static item→iconId column
1112081,Huyền Thiên Tu La Trượng,玄天修罗杖,,,UNKNOWN,pgg group GOOGS_PNG[type] index=iconId-type*1000 (iconId packet field),,zsweapon_language.dat name only; no static item→iconId column
1112082,Huyền Thiên Tu La Trượng,玄天修罗杖,,,UNKNOWN,pgg group GOOGS_PNG[type] index=iconId-type*1000 (iconId packet field),,zsweapon_language.dat name only; no static item→iconId column
1112083,Huyền Thiên Tu La Trượng,玄天修罗杖,,,UNKNOWN,pgg group GOOGS_PNG[type] index=iconId-type*1000 (iconId packet field),,zsweapon_language.dat name only; no static item→iconId column
1112084,Huyền Thiên Tu La Trượng,玄天修罗杖,,,UNKNOWN,pgg group GOOGS_PNG[type] index=iconId-type*1000 (iconId packet field),,zsweapon_language.dat name only; no static item→iconId column
1112085,Huyền Thiên Tu La Trượng,玄天修罗杖,,,UNKNOWN,pgg group GOOGS_PNG[type] index=iconId-type*1000 (iconId packet field),,zsweapon_language.dat name only; no static item→iconId column
1112086,Huyền Thiên Tu La Trượng,玄天修罗杖,,,UNKNOWN,pgg group GOOGS_PNG[type] index=iconId-type*1000 (iconId packet field),,zsweapon_language.dat name only; no static item→iconId column
1112087,Huyền Thiên Tu La Trượng,玄天修罗杖,,,UNKNOWN,pgg group GOOGS_PNG[type] index=iconId-type*1000 (iconId packet field),,zsweapon_language.dat name only; no static item→iconId column
1112088,Huyền Thiên Tu La Trượng,玄天修罗杖,,,UNKNOWN,pgg group GOOGS_PNG[type] index=iconId-type*1000 (iconId packet field),,zsweapon_language.dat name only; no static item→iconId column
1112089,Huyền Thiên Tu La Trượng,玄天修罗杖,,,UNKNOWN,pgg group GOOGS_PNG[type] index=iconId-type*1000 (iconId packet field),,zsweapon_language.dat name only; no static item→iconId column
1112090,Huyền Thiên Tu La Trượng,玄天修罗杖,,,UNKNOWN,pgg group GOOGS_PNG[type] index=iconId-type*1000 (iconId packet field),,zsweapon_language.dat name only; no static item→iconId column
1113001,Huyền Thiên Đoạn Phong Phiến,玄天断风扇,,,UNKNOWN,pgg group GOOGS_PNG[type] index=iconId-type*1000 (iconId packet field),,zsweapon_language.dat name only; no static item→iconId column
1113002,Huyền Thiên Đoạn Phong Phiến,玄天断风扇,,,UNKNOWN,pgg group GOOGS_PNG[type] index=iconId-type*1000 (iconId packet field),,zsweapon_language.dat name only; no static item→iconId column
1113003,Huyền Thiên Đoạn Phong Phiến,玄天断风扇,,,UNKNOWN,pgg group GOOGS_PNG[type] index=iconId-type*1000 (iconId packet field),,zsweapon_language.dat name only; no static item→iconId column
1113004,Huyền Thiên Đoạn Phong Phiến,玄天断风扇,,,UNKNOWN,pgg group GOOGS_PNG[type] index=iconId-type*1000 (iconId packet field),,zsweapon_language.dat name only; no static item→iconId column
1113005,Huyền Thiên Lưu Vân Phiến,玄天流云扇,,,UNKNOWN,pgg group GOOGS_PNG[type] index=iconId-type*1000 (iconId packet field),,zsweapon_language.dat name only; no static item→iconId column
1113006,Huyền Thiên Lưu Vân Phiến,玄天流云扇,,,UNKNOWN,pgg group GOOGS_PNG[type] index=iconId-type*1000 (iconId packet field),,zsweapon_language.dat name only; no static item→iconId column
1113007,Huyền Thiên Lưu Vân Phiến,玄天流云扇,,,UNKNOWN,pgg group GOOGS_PNG[type] index=iconId-type*1000 (iconId packet field),,zsweapon_language.dat name only; no static item→iconId column
1113008,Huyền Thiên Lưu Vân Phiến,玄天流云扇,,,UNKNOWN,pgg group GOOGS_PNG[type] index=iconId-type*1000 (iconId packet field),,zsweapon_language.dat name only; no static item→iconId column
1113009,Huyền Thiên Lưu Vân Phiến,玄天流云扇,,,UNKNOWN,pgg group GOOGS_PNG[type] index=iconId-type*1000 (iconId packet field),,zsweapon_language.dat name only; no static item→iconId column
1113010,Huyền Thiên Thanh Phong Phiến,玄天清风扇,,,UNKNOWN,pgg group GOOGS_PNG[type] index=iconId-type*1000 (iconId packet field),,zsweapon_language.dat name only; no static item→iconId column
1113011,Huyền Thiên Thanh Phong Phiến,玄天清风扇,,,UNKNOWN,pgg group GOOGS_PNG[type] index=iconId-type*1000 (iconId packet field),,zsweapon_language.dat name only; no static item→iconId column
1113012,Huyền Thiên Thanh Phong Phiến,玄天清风扇,,,UNKNOWN,pgg group GOOGS_PNG[type] index=iconId-type*1000 (iconId packet field),,zsweapon_language.dat name only; no static item→iconId column
1113013,Huyền Thiên Thanh Phong Phiến,玄天清风扇,,,UNKNOWN,pgg group GOOGS_PNG[type] index=iconId-type*1000 (iconId packet field),,zsweapon_language.dat name only; no static item→iconId column
1113014,Huyền Thiên Thanh Phong Phiến,玄天清风扇,,,UNKNOWN,pgg group GOOGS_PNG[type] index=iconId-type*1000 (iconId packet field),,zsweapon_language.dat name only; no static item→iconId column
1113015,Huyền Thiên Huyền Nguyệt Phiến,玄天玄月扇,,,UNKNOWN,pgg group GOOGS_PNG[type] index=iconId-type*1000 (iconId packet field),,zsweapon_language.dat name only; no static item→iconId column
1113016,Huyền Thiên Huyền Nguyệt Phiến,玄天玄月扇,,,UNKNOWN,pgg group GOOGS_PNG[type] index=iconId-type*1000 (iconId packet field),,zsweapon_language.dat name only; no static item→iconId column
1113017,Huyền Thiên Huyền Nguyệt Phiến,玄天玄月扇,,,UNKNOWN,pgg group GOOGS_PNG[type] index=iconId-type*1000 (iconId packet field),,zsweapon_language.dat name only; no static item→iconId column
1113018,Huyền Thiên Huyền Nguyệt Phiến,玄天玄月扇,,,UNKNOWN,pgg group GOOGS_PNG[type] index=iconId-type*1000 (iconId packet field),,zsweapon_language.dat name only; no static item→iconId column
1113019,Huyền Thiên Huyền Nguyệt Phiến,玄天玄月扇,,,UNKNOWN,pgg group GOOGS_PNG[type] index=iconId-type*1000 (iconId packet field),,zsweapon_language.dat name only; no static item→iconId column
1113020,Huyền Thiên Tứ Tượng Vũ Phiến,玄天四象羽扇,,,UNKNOWN,pgg group GOOGS_PNG[type] index=iconId-type*1000 (iconId packet field),,zsweapon_language.dat name only; no static item→iconId column
1113021,Huyền Thiên Tứ Tượng Vũ Phiến,玄天四象羽扇,,,UNKNOWN,pgg group GOOGS_PNG[type] index=iconId-type*1000 (iconId packet field),,zsweapon_language.dat name only; no static item→iconId column
1113022,Huyền Thiên Tứ Tượng Vũ Phiến,玄天四象羽扇,,,UNKNOWN,pgg group GOOGS_PNG[type] index=iconId-type*1000 (iconId packet field),,zsweapon_language.dat name only; no static item→iconId column
1113023,Huyền Thiên Tứ Tượng Vũ Phiến,玄天四象羽扇,,,UNKNOWN,pgg group GOOGS_PNG[type] index=iconId-type*1000 (iconId packet field),,zsweapon_language.dat name only; no static item→iconId column
1113024,Huyền Thiên Tứ Tượng Vũ Phiến,玄天四象羽扇,,,UNKNOWN,pgg group GOOGS_PNG[type] index=iconId-type*1000 (iconId packet field),,zsweapon_language.dat name only; no static item→iconId column
1113025,Huyền Thiên Ngọc Lâu Phiến,玄天玉楼扇,,,UNKNOWN,pgg group GOOGS_PNG[type] index=iconId-type*1000 (iconId packet field),,zsweapon_language.dat name only; no static item→iconId column
1113026,Huyền Thiên Ngọc Lâu Phiến,玄天玉楼扇,,,UNKNOWN,pgg group GOOGS_PNG[type] index=iconId-type*1000 (iconId packet field),,zsweapon_language.dat name only; no static item→iconId column
1113027,Huyền Thiên Ngọc Lâu Phiến,玄天玉楼扇,,,UNKNOWN,pgg group GOOGS_PNG[type] index=iconId-type*1000 (iconId packet field),,zsweapon_language.dat name only; no static item→iconId column
1113028,Huyền Thiên Ngọc Lâu Phiến,玄天玉楼扇,,,UNKNOWN,pgg group GOOGS_PNG[type] index=iconId-type*1000 (iconId packet field),,zsweapon_language.dat name only; no static item→iconId column
1113029,Huyền Thiên Ngọc Lâu Phiến,玄天玉楼扇,,,UNKNOWN,pgg group GOOGS_PNG[type] index=iconId-type*1000 (iconId packet field),,zsweapon_language.dat name only; no static item→iconId column
1113030,Huyền Thiên Thiên Thanh Phiến,玄天天青扇,,,UNKNOWN,pgg group GOOGS_PNG[type] index=iconId-type*1000 (iconId packet field),,zsweapon_language.dat name only; no static item→iconId column
1113031,Huyền Thiên Thiên Thanh Phiến,玄天天青扇,,,UNKNOWN,pgg group GOOGS_PNG[type] index=iconId-type*1000 (iconId packet field),,zsweapon_language.dat name only; no static item→iconId column
1113032,Huyền Thiên Thiên Thanh Phiến,玄天天青扇,,,UNKNOWN,pgg group GOOGS_PNG[type] index=iconId-type*1000 (iconId packet field),,zsweapon_language.dat name only; no static item→iconId column
1113033,Huyền Thiên Thiên Thanh Phiến,玄天天青扇,,,UNKNOWN,pgg group GOOGS_PNG[type] index=iconId-type*1000 (iconId packet field),,zsweapon_language.dat name only; no static item→iconId column
1113034,Huyền Thiên Thiên Thanh Phiến,玄天天青扇,,,UNKNOWN,pgg group GOOGS_PNG[type] index=iconId-type*1000 (iconId packet field),,zsweapon_language.dat name only; no static item→iconId column
1113035,Huyền Thiên Huyễn Vũ Phiến,玄天幻羽扇,,,UNKNOWN,pgg group GOOGS_PNG[type] index=iconId-type*1000 (iconId packet field),,zsweapon_language.dat name only; no static item→iconId column
1113036,Huyền Thiên Huyễn Vũ Phiến,玄天幻羽扇,,,UNKNOWN,pgg group GOOGS_PNG[type] index=iconId-type*1000 (iconId packet field),,zsweapon_language.dat name only; no static item→iconId column
1113037,Huyền Thiên Huyễn Vũ Phiến,玄天幻羽扇,,,UNKNOWN,pgg group GOOGS_PNG[type] index=iconId-type*1000 (iconId packet field),,zsweapon_language.dat name only; no static item→iconId column
1113038,Huyền Thiên Huyễn Vũ Phiến,玄天幻羽扇,,,UNKNOWN,pgg group GOOGS_PNG[type] index=iconId-type*1000 (iconId packet field),,zsweapon_language.dat name only; no static item→iconId column
1113039,Huyền Thiên Huyễn Vũ Phiến,玄天幻羽扇,,,UNKNOWN,pgg group GOOGS_PNG[type] index=iconId-type*1000 (iconId packet field),,zsweapon_language.dat name only; no static item→iconId column
1113040,Huyền Thiên Cửu Thiên Phiến,玄天九天扇,,,UNKNOWN,pgg group GOOGS_PNG[type] index=iconId-type*1000 (iconId packet field),,zsweapon_language.dat name only; no static item→iconId column
1113041,Huyền Thiên Cửu Thiên Phiến,玄天九天扇,,,UNKNOWN,pgg group GOOGS_PNG[type] index=iconId-type*1000 (iconId packet field),,zsweapon_language.dat name only; no static item→iconId column
1113042,Huyền Thiên Cửu Thiên Phiến,玄天九天扇,,,UNKNOWN,pgg group GOOGS_PNG[type] index=iconId-type*1000 (iconId packet field),,zsweapon_language.dat name only; no static item→iconId column
1113043,Huyền Thiên Cửu Thiên Phiến,玄天九天扇,,,UNKNOWN,pgg group GOOGS_PNG[type] index=iconId-type*1000 (iconId packet field),,zsweapon_language.dat name only; no static item→iconId column
1113044,Huyền Thiên Cửu Thiên Phiến,玄天九天扇,,,UNKNOWN,pgg group GOOGS_PNG[type] index=iconId-type*1000 (iconId packet field),,zsweapon_language.dat name only; no static item→iconId column
1113045,Huyền Thiên Bạch Hổ Phiến,玄天白虎扇,,,UNKNOWN,pgg group GOOGS_PNG[type] index=iconId-type*1000 (iconId packet field),,zsweapon_language.dat name only; no static item→iconId column
1113046,Huyền Thiên Bạch Hổ Phiến,玄天白虎扇,,,UNKNOWN,pgg group GOOGS_PNG[type] index=iconId-type*1000 (iconId packet field),,zsweapon_language.dat name only; no static item→iconId column
1113047,Huyền Thiên Bạch Hổ Phiến,玄天白虎扇,,,UNKNOWN,pgg group GOOGS_PNG[type] index=iconId-type*1000 (iconId packet field),,zsweapon_language.dat name only; no static item→iconId column
1113048,Huyền Thiên Bạch Hổ Phiến,玄天白虎扇,,,UNKNOWN,pgg group GOOGS_PNG[type] index=iconId-type*1000 (iconId packet field),,zsweapon_language.dat name only; no static item→iconId column
1113049,Huyền Thiên Bạch Hổ Phiến,玄天白虎扇,,,UNKNOWN,pgg group GOOGS_PNG[type] index=iconId-type*1000 (iconId packet field),,zsweapon_language.dat name only; no static item→iconId column
1113050,Huyền Thiên Chu Tước Phiến,玄天朱雀扇,,,UNKNOWN,pgg group GOOGS_PNG[type] index=iconId-type*1000 (iconId packet field),,zsweapon_language.dat name only; no static item→iconId column
1113051,Huyền Thiên Chu Tước Phiến,玄天朱雀扇,,,UNKNOWN,pgg group GOOGS_PNG[type] index=iconId-type*1000 (iconId packet field),,zsweapon_language.dat name only; no static item→iconId column
1113052,Huyền Thiên Chu Tước Phiến,玄天朱雀扇,,,UNKNOWN,pgg group GOOGS_PNG[type] index=iconId-type*1000 (iconId packet field),,zsweapon_language.dat name only; no static item→iconId column
1113053,Huyền Thiên Chu Tước Phiến,玄天朱雀扇,,,UNKNOWN,pgg group GOOGS_PNG[type] index=iconId-type*1000 (iconId packet field),,zsweapon_language.dat name only; no static item→iconId column
1113054,Huyền Thiên Chu Tước Phiến,玄天朱雀扇,,,UNKNOWN,pgg group GOOGS_PNG[type] index=iconId-type*1000 (iconId packet field),,zsweapon_language.dat name only; no static item→iconId column
1113055,Huyền Thiên Thanh Long Phiến,玄天青龙扇,,,UNKNOWN,pgg group GOOGS_PNG[type] index=iconId-type*1000 (iconId packet field),,zsweapon_language.dat name only; no static item→iconId column
1113056,Huyền Thiên Thanh Long Phiến,玄天青龙扇,,,UNKNOWN,pgg group GOOGS_PNG[type] index=iconId-type*1000 (iconId packet field),,zsweapon_language.dat name only; no static item→iconId column
1113057,Huyền Thiên Thanh Long Phiến,玄天青龙扇,,,UNKNOWN,pgg group GOOGS_PNG[type] index=iconId-type*1000 (iconId packet field),,zsweapon_language.dat name only; no static item→iconId column
1113058,Huyền Thiên Thanh Long Phiến,玄天青龙扇,,,UNKNOWN,pgg group GOOGS_PNG[type] index=iconId-type*1000 (iconId packet field),,zsweapon_language.dat name only; no static item→iconId column
1113059,Huyền Thiên Thanh Long Phiến,玄天青龙扇,,,UNKNOWN,pgg group GOOGS_PNG[type] index=iconId-type*1000 (iconId packet field),,zsweapon_language.dat name only; no static item→iconId column
1113060,Huyền Thiên Huyền Vũ Phiến,玄天玄武扇,,,UNKNOWN,pgg group GOOGS_PNG[type] index=iconId-type*1000 (iconId packet field),,zsweapon_language.dat name only; no static item→iconId column
1113061,Huyền Thiên Huyền Vũ Phiến,玄天玄武扇,,,UNKNOWN,pgg group GOOGS_PNG[type] index=iconId-type*1000 (iconId packet field),,zsweapon_language.dat name only; no static item→iconId column
1113062,Huyền Thiên Huyền Vũ Phiến,玄天玄武扇,,,UNKNOWN,pgg group GOOGS_PNG[type] index=iconId-type*1000 (iconId packet field),,zsweapon_language.dat name only; no static item→iconId column
1113063,Huyền Thiên Huyền Vũ Phiến,玄天玄武扇,,,UNKNOWN,pgg group GOOGS_PNG[type] index=iconId-type*1000 (iconId packet field),,zsweapon_language.dat name only; no static item→iconId column
1113064,Huyền Thiên Huyền Vũ Phiến,玄天玄武扇,,,UNKNOWN,pgg group GOOGS_PNG[type] index=iconId-type*1000 (iconId packet field),,zsweapon_language.dat name only; no static item→iconId column
1113065,Huyền Thiên Vô Cực Phiến,玄天无极扇,,,UNKNOWN,pgg group GOOGS_PNG[type] index=iconId-type*1000 (iconId packet field),,zsweapon_language.dat name only; no static item→iconId column
1113066,Huyền Thiên Vô Cực Phiến,玄天无极扇,,,UNKNOWN,pgg group GOOGS_PNG[type] index=iconId-type*1000 (iconId packet field),,zsweapon_language.dat name only; no static item→iconId column
1113067,Huyền Thiên Vô Cực Phiến,玄天无极扇,,,UNKNOWN,pgg group GOOGS_PNG[type] index=iconId-type*1000 (iconId packet field),,zsweapon_language.dat name only; no static item→iconId column
1113068,Huyền Thiên Vô Cực Phiến,玄天无极扇,,,UNKNOWN,pgg group GOOGS_PNG[type] index=iconId-type*1000 (iconId packet field),,zsweapon_language.dat name only; no static item→iconId column
1113069,Huyền Thiên Vô Cực Phiến,玄天无极扇,,,UNKNOWN,pgg group GOOGS_PNG[type] index=iconId-type*1000 (iconId packet field),,zsweapon_language.dat name only; no static item→iconId column
1113070,Huyền Thiên Khai Thiên Đạo Phiến,玄天开天道扇,,,UNKNOWN,pgg group GOOGS_PNG[type] index=iconId-type*1000 (iconId packet field),,zsweapon_language.dat name only; no static item→iconId column
1113071,Huyền Thiên Khai Thiên Đạo Phiến,玄天开天道扇,,,UNKNOWN,pgg group GOOGS_PNG[type] index=iconId-type*1000 (iconId packet field),,zsweapon_language.dat name only; no static item→iconId column
1113072,Huyền Thiên Khai Thiên Đạo Phiến,玄天开天道扇,,,UNKNOWN,pgg group GOOGS_PNG[type] index=iconId-type*1000 (iconId packet field),,zsweapon_language.dat name only; no static item→iconId column
1113073,Huyền Thiên Khai Thiên Đạo Phiến,玄天开天道扇,,,UNKNOWN,pgg group GOOGS_PNG[type] index=iconId-type*1000 (iconId packet field),,zsweapon_language.dat name only; no static item→iconId column
1113074,Huyền Thiên Khai Thiên Đạo Phiến,玄天开天道扇,,,UNKNOWN,pgg group GOOGS_PNG[type] index=iconId-type*1000 (iconId packet field),,zsweapon_language.dat name only; no static item→iconId column
1113075,Huyền Thiên Khai Thiên Đạo Phiến,玄天开天道扇,,,UNKNOWN,pgg group GOOGS_PNG[type] index=iconId-type*1000 (iconId packet field),,zsweapon_language.dat name only; no static item→iconId column
1113076,Huyền Thiên Khai Thiên Đạo Phiến,玄天开天道扇,,,UNKNOWN,pgg group GOOGS_PNG[type] index=iconId-type*1000 (iconId packet field),,zsweapon_language.dat name only; no static item→iconId column
1113077,Huyền Thiên Khai Thiên Đạo Phiến,玄天开天道扇,,,UNKNOWN,pgg group GOOGS_PNG[type] index=iconId-type*1000 (iconId packet field),,zsweapon_language.dat name only; no static item→iconId column
1113078,Huyền Thiên Khai Thiên Đạo Phiến,玄天开天道扇,,,UNKNOWN,pgg group GOOGS_PNG[type] index=iconId-type*1000 (iconId packet field),,zsweapon_language.dat name only; no static item→iconId column
1113079,Huyền Thiên Khai Thiên Đạo Phiến,玄天开天道扇,,,UNKNOWN,pgg group GOOGS_PNG[type] index=iconId-type*1000 (iconId packet field),,zsweapon_language.dat name only; no static item→iconId column
1113080,Huyền Thiên Khai Thiên Đạo Phiến,玄天开天道扇,,,UNKNOWN,pgg group GOOGS_PNG[type] index=iconId-type*1000 (iconId packet field),,zsweapon_language.dat name only; no static item→iconId column
1113081,Huyền Thiên Khai Thiên Đạo Phiến,玄天开天道扇,,,UNKNOWN,pgg group GOOGS_PNG[type] index=iconId-type*1000 (iconId packet field),,zsweapon_language.dat name only; no static item→iconId column
1113082,Huyền Thiên Khai Thiên Đạo Phiến,玄天开天道扇,,,UNKNOWN,pgg group GOOGS_PNG[type] index=iconId-type*1000 (iconId packet field),,zsweapon_language.dat name only; no static item→iconId column
1113083,Huyền Thiên Khai Thiên Đạo Phiến,玄天开天道扇,,,UNKNOWN,pgg group GOOGS_PNG[type] index=iconId-type*1000 (iconId packet field),,zsweapon_language.dat name only; no static item→iconId column
1113084,Huyền Thiên Khai Thiên Đạo Phiến,玄天开天道扇,,,UNKNOWN,pgg group GOOGS_PNG[type] index=iconId-type*1000 (iconId packet field),,zsweapon_language.dat name only; no static item→iconId column
1113085,Huyền Thiên Khai Thiên Đạo Phiến,玄天开天道扇,,,UNKNOWN,pgg group GOOGS_PNG[type] index=iconId-type*1000 (iconId packet field),,zsweapon_language.dat name only; no static item→iconId column
1113086,Huyền Thiên Khai Thiên Đạo Phiến,玄天开天道扇,,,UNKNOWN,pgg group GOOGS_PNG[type] index=iconId-type*1000 (iconId packet field),,zsweapon_language.dat name only; no static item→iconId column
1113087,Huyền Thiên Khai Thiên Đạo Phiến,玄天开天道扇,,,UNKNOWN,pgg group GOOGS_PNG[type] index=iconId-type*1000 (iconId packet field),,zsweapon_language.dat name only; no static item→iconId column
1113088,Huyền Thiên Khai Thiên Đạo Phiến,玄天开天道扇,,,UNKNOWN,pgg group GOOGS_PNG[type] index=iconId-type*1000 (iconId packet field),,zsweapon_language.dat name only; no static item→iconId column
1113089,Huyền Thiên Khai Thiên Đạo Phiến,玄天开天道扇,,,UNKNOWN,pgg group GOOGS_PNG[type] index=iconId-type*1000 (iconId packet field),,zsweapon_language.dat name only; no static item→iconId column
1113090,Huyền Thiên Khai Thiên Đạo Phiến,玄天开天道扇,,,UNKNOWN,pgg group GOOGS_PNG[type] index=iconId-type*1000 (iconId packet field),,zsweapon_language.dat name only; no static item→iconId column
1114001,Tử Hà Đoản Phi Kiếm,紫霞短飞剑,,,UNKNOWN,pgg group GOOGS_PNG[type] index=iconId-type*1000 (iconId packet field),,zsweapon_language.dat name only; no static item→iconId column
1114002,Tử Hà Đoản Phi Kiếm,紫霞短飞剑,,,UNKNOWN,pgg group GOOGS_PNG[type] index=iconId-type*1000 (iconId packet field),,zsweapon_language.dat name only; no static item→iconId column
1114003,Tử Hà Đoản Phi Kiếm,紫霞短飞剑,,,UNKNOWN,pgg group GOOGS_PNG[type] index=iconId-type*1000 (iconId packet field),,zsweapon_language.dat name only; no static item→iconId column
1114004,Tử Hà Đoản Phi Kiếm,紫霞短飞剑,,,UNKNOWN,pgg group GOOGS_PNG[type] index=iconId-type*1000 (iconId packet field),,zsweapon_language.dat name only; no static item→iconId column
1114005,Tử Hà Đổng Phi Kiếm,紫霞董飞剑,,,UNKNOWN,pgg group GOOGS_PNG[type] index=iconId-type*1000 (iconId packet field),,zsweapon_language.dat name only; no static item→iconId column
1114006,Tử Hà Đổng Phi Kiếm,紫霞董飞剑,,,UNKNOWN,pgg group GOOGS_PNG[type] index=iconId-type*1000 (iconId packet field),,zsweapon_language.dat name only; no static item→iconId column
1114007,Tử Hà Đổng Phi Kiếm,紫霞董飞剑,,,UNKNOWN,pgg group GOOGS_PNG[type] index=iconId-type*1000 (iconId packet field),,zsweapon_language.dat name only; no static item→iconId column
1114008,Tử Hà Đổng Phi Kiếm,紫霞董飞剑,,,UNKNOWN,pgg group GOOGS_PNG[type] index=iconId-type*1000 (iconId packet field),,zsweapon_language.dat name only; no static item→iconId column
1114009,Tử Hà Đổng Phi Kiếm,紫霞董飞剑,,,UNKNOWN,pgg group GOOGS_PNG[type] index=iconId-type*1000 (iconId packet field),,zsweapon_language.dat name only; no static item→iconId column
1114010,Tử Hà Lực Sĩ Trọng Phi Kiếm,紫霞力士重飞剑,,,UNKNOWN,pgg group GOOGS_PNG[type] index=iconId-type*1000 (iconId packet field),,zsweapon_language.dat name only; no static item→iconId column
1114011,Tử Hà Lực Sĩ Trọng Phi Kiếm,紫霞力士重飞剑,,,UNKNOWN,pgg group GOOGS_PNG[type] index=iconId-type*1000 (iconId packet field),,zsweapon_language.dat name only; no static item→iconId column
1114012,Tử Hà Lực Sĩ Trọng Phi Kiếm,紫霞力士重飞剑,,,UNKNOWN,pgg group GOOGS_PNG[type] index=iconId-type*1000 (iconId packet field),,zsweapon_language.dat name only; no static item→iconId column
1114013,Tử Hà Lực Sĩ Trọng Phi Kiếm,紫霞力士重飞剑,,,UNKNOWN,pgg group GOOGS_PNG[type] index=iconId-type*1000 (iconId packet field),,zsweapon_language.dat name only; no static item→iconId column
1114014,Tử Hà Lực Sĩ Trọng Phi Kiếm,紫霞力士重飞剑,,,UNKNOWN,pgg group GOOGS_PNG[type] index=iconId-type*1000 (iconId packet field),,zsweapon_language.dat name only; no static item→iconId column
1114015,Tử Hà Dũng Sĩ Chiến Phi Kiếm,紫霞勇士战飞剑,,,UNKNOWN,pgg group GOOGS_PNG[type] index=iconId-type*1000 (iconId packet field),,zsweapon_language.dat name only; no static item→iconId column
1114016,Tử Hà Dũng Sĩ Chiến Phi Kiếm,紫霞勇士战飞剑,,,UNKNOWN,pgg group GOOGS_PNG[type] index=iconId-type*1000 (iconId packet field),,zsweapon_language.dat name only; no static item→iconId column
1114017,Tử Hà Dũng Sĩ Chiến Phi Kiếm,紫霞勇士战飞剑,,,UNKNOWN,pgg group GOOGS_PNG[type] index=iconId-type*1000 (iconId packet field),,zsweapon_language.dat name only; no static item→iconId column
1114018,Tử Hà Dũng Sĩ Chiến Phi Kiếm,紫霞勇士战飞剑,,,UNKNOWN,pgg group GOOGS_PNG[type] index=iconId-type*1000 (iconId packet field),,zsweapon_language.dat name only; no static item→iconId column
1114019,Tử Hà Dũng Sĩ Chiến Phi Kiếm,紫霞勇士战飞剑,,,UNKNOWN,pgg group GOOGS_PNG[type] index=iconId-type*1000 (iconId packet field),,zsweapon_language.dat name only; no static item→iconId column
1114020,Tử Hà Lang Nha Pháp Kiếm,紫霞狼牙法剑,,,UNKNOWN,pgg group GOOGS_PNG[type] index=iconId-type*1000 (iconId packet field),,zsweapon_language.dat name only; no static item→iconId column
1114021,Tử Hà Lang Nha Pháp Kiếm,紫霞狼牙法剑,,,UNKNOWN,pgg group GOOGS_PNG[type] index=iconId-type*1000 (iconId packet field),,zsweapon_language.dat name only; no static item→iconId column
1114022,Tử Hà Lang Nha Pháp Kiếm,紫霞狼牙法剑,,,UNKNOWN,pgg group GOOGS_PNG[type] index=iconId-type*1000 (iconId packet field),,zsweapon_language.dat name only; no static item→iconId column
1114023,Tử Hà Lang Nha Pháp Kiếm,紫霞狼牙法剑,,,UNKNOWN,pgg group GOOGS_PNG[type] index=iconId-type*1000 (iconId packet field),,zsweapon_language.dat name only; no static item→iconId column
1114024,Tử Hà Lang Nha Pháp Kiếm,紫霞狼牙法剑,,,UNKNOWN,pgg group GOOGS_PNG[type] index=iconId-type*1000 (iconId packet field),,zsweapon_language.dat name only; no static item→iconId column
1114025,Tử Hà Đoạn Thạch Pháp Kiếm,紫霞断石法剑,,,UNKNOWN,pgg group GOOGS_PNG[type] index=iconId-type*1000 (iconId packet field),,zsweapon_language.dat name only; no static item→iconId column
1114026,Tử Hà Đoạn Thạch Pháp Kiếm,紫霞断石法剑,,,UNKNOWN,pgg group GOOGS_PNG[type] index=iconId-type*1000 (iconId packet field),,zsweapon_language.dat name only; no static item→iconId column
1114027,Tử Hà Đoạn Thạch Pháp Kiếm,紫霞断石法剑,,,UNKNOWN,pgg group GOOGS_PNG[type] index=iconId-type*1000 (iconId packet field),,zsweapon_language.dat name only; no static item→iconId column
1114028,Tử Hà Đoạn Thạch Pháp Kiếm,紫霞断石法剑,,,UNKNOWN,pgg group GOOGS_PNG[type] index=iconId-type*1000 (iconId packet field),,zsweapon_language.dat name only; no static item→iconId column
1114029,Tử Hà Đoạn Thạch Pháp Kiếm,紫霞断石法剑,,,UNKNOWN,pgg group GOOGS_PNG[type] index=iconId-type*1000 (iconId packet field),,zsweapon_language.dat name only; no static item→iconId column
1114030,Tử Hà Vinh Diệu Chiến Pháp Kiếm,紫霞荣耀战法剑,,,UNKNOWN,pgg group GOOGS_PNG[type] index=iconId-type*1000 (iconId packet field),,zsweapon_language.dat name only; no static item→iconId column
1114031,Tử Hà Vinh Diệu Chiến Pháp Kiếm,紫霞荣耀战法剑,,,UNKNOWN,pgg group GOOGS_PNG[type] index=iconId-type*1000 (iconId packet field),,zsweapon_language.dat name only; no static item→iconId column
1114032,Tử Hà Vinh Diệu Chiến Pháp Kiếm,紫霞荣耀战法剑,,,UNKNOWN,pgg group GOOGS_PNG[type] index=iconId-type*1000 (iconId packet field),,zsweapon_language.dat name only; no static item→iconId column
1114033,Tử Hà Vinh Diệu Chiến Pháp Kiếm,紫霞荣耀战法剑,,,UNKNOWN,pgg group GOOGS_PNG[type] index=iconId-type*1000 (iconId packet field),,zsweapon_language.dat name only; no static item→iconId column
1114034,Tử Hà Vinh Diệu Chiến Pháp Kiếm,紫霞荣耀战法剑,,,UNKNOWN,pgg group GOOGS_PNG[type] index=iconId-type*1000 (iconId packet field),,zsweapon_language.dat name only; no static item→iconId column
1114035,Tử Hà Vẫn Thạch Pháp Kiếm,紫霞陨石法剑,,,UNKNOWN,pgg group GOOGS_PNG[type] index=iconId-type*1000 (iconId packet field),,zsweapon_language.dat name only; no static item→iconId column
1114036,Tử Hà Vẫn Thạch Pháp Kiếm,紫霞陨石法剑,,,UNKNOWN,pgg group GOOGS_PNG[type] index=iconId-type*1000 (iconId packet field),,zsweapon_language.dat name only; no static item→iconId column
1114037,Tử Hà Vẫn Thạch Pháp Kiếm,紫霞陨石法剑,,,UNKNOWN,pgg group GOOGS_PNG[type] index=iconId-type*1000 (iconId packet field),,zsweapon_language.dat name only; no static item→iconId column
1114038,Tử Hà Vẫn Thạch Pháp Kiếm,紫霞陨石法剑,,,UNKNOWN,pgg group GOOGS_PNG[type] index=iconId-type*1000 (iconId packet field),,zsweapon_language.dat name only; no static item→iconId column
1114039,Tử Hà Vẫn Thạch Pháp Kiếm,紫霞陨石法剑,,,UNKNOWN,pgg group GOOGS_PNG[type] index=iconId-type*1000 (iconId packet field),,zsweapon_language.dat name only; no static item→iconId column
1114040,Tử Hà Lưu Tinh Pháp Kiếm,紫霞流星法剑,,,UNKNOWN,pgg group GOOGS_PNG[type] index=iconId-type*1000 (iconId packet field),,zsweapon_language.dat name only; no static item→iconId column
1114041,Tử Hà Lưu Tinh Pháp Kiếm,紫霞流星法剑,,,UNKNOWN,pgg group GOOGS_PNG[type] index=iconId-type*1000 (iconId packet field),,zsweapon_language.dat name only; no static item→iconId column
1114042,Tử Hà Lưu Tinh Pháp Kiếm,紫霞流星法剑,,,UNKNOWN,pgg group GOOGS_PNG[type] index=iconId-type*1000 (iconId packet field),,zsweapon_language.dat name only; no static item→iconId column
1114043,Tử Hà Lưu Tinh Pháp Kiếm,紫霞流星法剑,,,UNKNOWN,pgg group GOOGS_PNG[type] index=iconId-type*1000 (iconId packet field),,zsweapon_language.dat name only; no static item→iconId column
1114044,Tử Hà Lưu Tinh Pháp Kiếm,紫霞流星法剑,,,UNKNOWN,pgg group GOOGS_PNG[type] index=iconId-type*1000 (iconId packet field),,zsweapon_language.dat name only; no static item→iconId column
1114045,Tử Hà Khai Sơn Pháp Kiếm,紫霞开山法剑,,,UNKNOWN,pgg group GOOGS_PNG[type] index=iconId-type*1000 (iconId packet field),,zsweapon_language.dat name only; no static item→iconId column
1114046,Tử Hà Khai Sơn Pháp Kiếm,紫霞开山法剑,,,UNKNOWN,pgg group GOOGS_PNG[type] index=iconId-type*1000 (iconId packet field),,zsweapon_language.dat name only; no static item→iconId column
1114047,Tử Hà Khai Sơn Pháp Kiếm,紫霞开山法剑,,,UNKNOWN,pgg group GOOGS_PNG[type] index=iconId-type*1000 (iconId packet field),,zsweapon_language.dat name only; no static item→iconId column
1114048,Tử Hà Khai Sơn Pháp Kiếm,紫霞开山法剑,,,UNKNOWN,pgg group GOOGS_PNG[type] index=iconId-type*1000 (iconId packet field),,zsweapon_language.dat name only; no static item→iconId column
1114049,Tử Hà Khai Sơn Pháp Kiếm,紫霞开山法剑,,,UNKNOWN,pgg group GOOGS_PNG[type] index=iconId-type*1000 (iconId packet field),,zsweapon_language.dat name only; no static item→iconId column
1114050,Tử Hà Vong Cốt Pháp Kiếm,紫霞亡骨法剑,,,UNKNOWN,pgg group GOOGS_PNG[type] index=iconId-type*1000 (iconId packet field),,zsweapon_language.dat name only; no static item→iconId column
1114051,Tử Hà Vong Cốt Pháp Kiếm,紫霞亡骨法剑,,,UNKNOWN,pgg group GOOGS_PNG[type] index=iconId-type*1000 (iconId packet field),,zsweapon_language.dat name only; no static item→iconId column
1114052,Tử Hà Vong Cốt Pháp Kiếm,紫霞亡骨法剑,,,UNKNOWN,pgg group GOOGS_PNG[type] index=iconId-type*1000 (iconId packet field),,zsweapon_language.dat name only; no static item→iconId column
1114053,Tử Hà Vong Cốt Pháp Kiếm,紫霞亡骨法剑,,,UNKNOWN,pgg group GOOGS_PNG[type] index=iconId-type*1000 (iconId packet field),,zsweapon_language.dat name only; no static item→iconId column
1114054,Tử Hà Vong Cốt Pháp Kiếm,紫霞亡骨法剑,,,UNKNOWN,pgg group GOOGS_PNG[type] index=iconId-type*1000 (iconId packet field),,zsweapon_language.dat name only; no static item→iconId column
1114055,Tử Hà Toái Thiên Pháp Kiếm,紫霞碎天法剑,,,UNKNOWN,pgg group GOOGS_PNG[type] index=iconId-type*1000 (iconId packet field),,zsweapon_language.dat name only; no static item→iconId column
1114056,Tử Hà Toái Thiên Pháp Kiếm,紫霞碎天法剑,,,UNKNOWN,pgg group GOOGS_PNG[type] index=iconId-type*1000 (iconId packet field),,zsweapon_language.dat name only; no static item→iconId column
1114057,Tử Hà Toái Thiên Pháp Kiếm,紫霞碎天法剑,,,UNKNOWN,pgg group GOOGS_PNG[type] index=iconId-type*1000 (iconId packet field),,zsweapon_language.dat name only; no static item→iconId column
1114058,Tử Hà Toái Thiên Pháp Kiếm,紫霞碎天法剑,,,UNKNOWN,pgg group GOOGS_PNG[type] index=iconId-type*1000 (iconId packet field),,zsweapon_language.dat name only; no static item→iconId column
1114059,Tử Hà Toái Thiên Pháp Kiếm,紫霞碎天法剑,,,UNKNOWN,pgg group GOOGS_PNG[type] index=iconId-type*1000 (iconId packet field),,zsweapon_language.dat name only; no static item→iconId column
1114060,Tử Hà Huyễn Ma Pháp Kiếm,紫霞幻魔法剑,,,UNKNOWN,pgg group GOOGS_PNG[type] index=iconId-type*1000 (iconId packet field),,zsweapon_language.dat name only; no static item→iconId column
1114061,Tử Hà Huyễn Ma Pháp Kiếm,紫霞幻魔法剑,,,UNKNOWN,pgg group GOOGS_PNG[type] index=iconId-type*1000 (iconId packet field),,zsweapon_language.dat name only; no static item→iconId column
1114062,Tử Hà Huyễn Ma Pháp Kiếm,紫霞幻魔法剑,,,UNKNOWN,pgg group GOOGS_PNG[type] index=iconId-type*1000 (iconId packet field),,zsweapon_language.dat name only; no static item→iconId column
1114063,Tử Hà Huyễn Ma Pháp Kiếm,紫霞幻魔法剑,,,UNKNOWN,pgg group GOOGS_PNG[type] index=iconId-type*1000 (iconId packet field),,zsweapon_language.dat name only; no static item→iconId column
1114064,Tử Hà Huyễn Ma Pháp Kiếm,紫霞幻魔法剑,,,UNKNOWN,pgg group GOOGS_PNG[type] index=iconId-type*1000 (iconId packet field),,zsweapon_language.dat name only; no static item→iconId column
1114065,Tử Hà Bá Thiên,紫霞霸天,,,UNKNOWN,pgg group GOOGS_PNG[type] index=iconId-type*1000 (iconId packet field),,zsweapon_language.dat name only; no static item→iconId column
1114066,Tử Hà Bá Thiên,紫霞霸天,,,UNKNOWN,pgg group GOOGS_PNG[type] index=iconId-type*1000 (iconId packet field),,zsweapon_language.dat name only; no static item→iconId column
1114067,Tử Hà Bá Thiên,紫霞霸天,,,UNKNOWN,pgg group GOOGS_PNG[type] index=iconId-type*1000 (iconId packet field),,zsweapon_language.dat name only; no static item→iconId column
1114068,Tử Hà Bá Thiên,紫霞霸天,,,UNKNOWN,pgg group GOOGS_PNG[type] index=iconId-type*1000 (iconId packet field),,zsweapon_language.dat name only; no static item→iconId column
1114069,Tử Hà Bá Thiên,紫霞霸天,,,UNKNOWN,pgg group GOOGS_PNG[type] index=iconId-type*1000 (iconId packet field),,zsweapon_language.dat name only; no static item→iconId column
1114070,Tử Hà Khai Thiên Trọng Pháp Kiếm,紫霞开天重法剑,,,UNKNOWN,pgg group GOOGS_PNG[type] index=iconId-type*1000 (iconId packet field),,zsweapon_language.dat name only; no static item→iconId column
1114071,Tử Hà Khai Thiên Trọng Pháp Kiếm,紫霞开天重法剑,,,UNKNOWN,pgg group GOOGS_PNG[type] index=iconId-type*1000 (iconId packet field),,zsweapon_language.dat name only; no static item→iconId column
1114072,Tử Hà Khai Thiên Trọng Pháp Kiếm,紫霞开天重法剑,,,UNKNOWN,pgg group GOOGS_PNG[type] index=iconId-type*1000 (iconId packet field),,zsweapon_language.dat name only; no static item→iconId column
1114073,Tử Hà Khai Thiên Trọng Pháp Kiếm,紫霞开天重法剑,,,UNKNOWN,pgg group GOOGS_PNG[type] index=iconId-type*1000 (iconId packet field),,zsweapon_language.dat name only; no static item→iconId column
1114074,Tử Hà Khai Thiên Trọng Pháp Kiếm,紫霞开天重法剑,,,UNKNOWN,pgg group GOOGS_PNG[type] index=iconId-type*1000 (iconId packet field),,zsweapon_language.dat name only; no static item→iconId column
1114075,Tử Hà Khai Thiên Trọng Pháp Kiếm,紫霞开天重法剑,,,UNKNOWN,pgg group GOOGS_PNG[type] index=iconId-type*1000 (iconId packet field),,zsweapon_language.dat name only; no static item→iconId column
1114076,Tử Hà Khai Thiên Trọng Pháp Kiếm,紫霞开天重法剑,,,UNKNOWN,pgg group GOOGS_PNG[type] index=iconId-type*1000 (iconId packet field),,zsweapon_language.dat name only; no static item→iconId column
1114077,Tử Hà Khai Thiên Trọng Pháp Kiếm,紫霞开天重法剑,,,UNKNOWN,pgg group GOOGS_PNG[type] index=iconId-type*1000 (iconId packet field),,zsweapon_language.dat name only; no static item→iconId column
1114078,Tử Hà Khai Thiên Trọng Pháp Kiếm,紫霞开天重法剑,,,UNKNOWN,pgg group GOOGS_PNG[type] index=iconId-type*1000 (iconId packet field),,zsweapon_language.dat name only; no static item→iconId column
1114079,Tử Hà Khai Thiên Trọng Pháp Kiếm,紫霞开天重法剑,,,UNKNOWN,pgg group GOOGS_PNG[type] index=iconId-type*1000 (iconId packet field),,zsweapon_language.dat name only; no static item→iconId column
1114080,Tử Hà Khai Thiên Trọng Pháp Kiếm,紫霞开天重法剑,,,UNKNOWN,pgg group GOOGS_PNG[type] index=iconId-type*1000 (iconId packet field),,zsweapon_language.dat name only; no static item→iconId column
1114081,Tử Hà Khai Thiên Trọng Pháp Kiếm,紫霞开天重法剑,,,UNKNOWN,pgg group GOOGS_PNG[type] index=iconId-type*1000 (iconId packet field),,zsweapon_language.dat name only; no static item→iconId column
1114082,Tử Hà Khai Thiên Trọng Pháp Kiếm,紫霞开天重法剑,,,UNKNOWN,pgg group GOOGS_PNG[type] index=iconId-type*1000 (iconId packet field),,zsweapon_language.dat name only; no static item→iconId column
1114083,Tử Hà Khai Thiên Trọng Pháp Kiếm,紫霞开天重法剑,,,UNKNOWN,pgg group GOOGS_PNG[type] index=iconId-type*1000 (iconId packet field),,zsweapon_language.dat name only; no static item→iconId column
1114084,Tử Hà Khai Thiên Trọng Pháp Kiếm,紫霞开天重法剑,,,UNKNOWN,pgg group GOOGS_PNG[type] index=iconId-type*1000 (iconId packet field),,zsweapon_language.dat name only; no static item→iconId column
1114085,Tử Hà Khai Thiên Trọng Pháp Kiếm,紫霞开天重法剑,,,UNKNOWN,pgg group GOOGS_PNG[type] index=iconId-type*1000 (iconId packet field),,zsweapon_language.dat name only; no static item→iconId column
1114086,Tử Hà Khai Thiên Trọng Pháp Kiếm,紫霞开天重法剑,,,UNKNOWN,pgg group GOOGS_PNG[type] index=iconId-type*1000 (iconId packet field),,zsweapon_language.dat name only; no static item→iconId column
1114087,Tử Hà Khai Thiên Trọng Pháp Kiếm,紫霞开天重法剑,,,UNKNOWN,pgg group GOOGS_PNG[type] index=iconId-type*1000 (iconId packet field),,zsweapon_language.dat name only; no static item→iconId column
1114088,Tử Hà Khai Thiên Trọng Pháp Kiếm,紫霞开天重法剑,,,UNKNOWN,pgg group GOOGS_PNG[type] index=iconId-type*1000 (iconId packet field),,zsweapon_language.dat name only; no static item→iconId column
1114089,Tử Hà Khai Thiên Trọng Pháp Kiếm,紫霞开天重法剑,,,UNKNOWN,pgg group GOOGS_PNG[type] index=iconId-type*1000 (iconId packet field),,zsweapon_language.dat name only; no static item→iconId column
1114090,Tử Hà Khai Thiên Trọng Pháp Kiếm,紫霞开天重法剑,,,UNKNOWN,pgg group GOOGS_PNG[type] index=iconId-type*1000 (iconId packet field),,zsweapon_language.dat name only; no static item→iconId column
1115001,Tử Hà Đoạn Phong Phiến,紫霞断风扇,,,UNKNOWN,pgg group GOOGS_PNG[type] index=iconId-type*1000 (iconId packet field),,zsweapon_language.dat name only; no static item→iconId column
1115002,Tử Hà Đoạn Phong Phiến,紫霞断风扇,,,UNKNOWN,pgg group GOOGS_PNG[type] index=iconId-type*1000 (iconId packet field),,zsweapon_language.dat name only; no static item→iconId column
1115003,Tử Hà Đoạn Phong Phiến,紫霞断风扇,,,UNKNOWN,pgg group GOOGS_PNG[type] index=iconId-type*1000 (iconId packet field),,zsweapon_language.dat name only; no static item→iconId column
1115004,Tử Hà Đoạn Phong Phiến,紫霞断风扇,,,UNKNOWN,pgg group GOOGS_PNG[type] index=iconId-type*1000 (iconId packet field),,zsweapon_language.dat name only; no static item→iconId column
1115005,Tử Hà Lưu Vân Phiến,紫霞流云扇,,,UNKNOWN,pgg group GOOGS_PNG[type] index=iconId-type*1000 (iconId packet field),,zsweapon_language.dat name only; no static item→iconId column
1115006,Tử Hà Lưu Vân Phiến,紫霞流云扇,,,UNKNOWN,pgg group GOOGS_PNG[type] index=iconId-type*1000 (iconId packet field),,zsweapon_language.dat name only; no static item→iconId column
1115007,Tử Hà Lưu Vân Phiến,紫霞流云扇,,,UNKNOWN,pgg group GOOGS_PNG[type] index=iconId-type*1000 (iconId packet field),,zsweapon_language.dat name only; no static item→iconId column
1115008,Tử Hà Lưu Vân Phiến,紫霞流云扇,,,UNKNOWN,pgg group GOOGS_PNG[type] index=iconId-type*1000 (iconId packet field),,zsweapon_language.dat name only; no static item→iconId column
1115009,Tử Hà Lưu Vân Phiến,紫霞流云扇,,,UNKNOWN,pgg group GOOGS_PNG[type] index=iconId-type*1000 (iconId packet field),,zsweapon_language.dat name only; no static item→iconId column
1115010,Tử Hà Thanh Phong Phiến,紫霞清风扇,,,UNKNOWN,pgg group GOOGS_PNG[type] index=iconId-type*1000 (iconId packet field),,zsweapon_language.dat name only; no static item→iconId column
1115011,Tử Hà Thanh Phong Phiến,紫霞清风扇,,,UNKNOWN,pgg group GOOGS_PNG[type] index=iconId-type*1000 (iconId packet field),,zsweapon_language.dat name only; no static item→iconId column
1115012,Tử Hà Thanh Phong Phiến,紫霞清风扇,,,UNKNOWN,pgg group GOOGS_PNG[type] index=iconId-type*1000 (iconId packet field),,zsweapon_language.dat name only; no static item→iconId column
1115013,Tử Hà Thanh Phong Phiến,紫霞清风扇,,,UNKNOWN,pgg group GOOGS_PNG[type] index=iconId-type*1000 (iconId packet field),,zsweapon_language.dat name only; no static item→iconId column
1115014,Tử Hà Thanh Phong Phiến,紫霞清风扇,,,UNKNOWN,pgg group GOOGS_PNG[type] index=iconId-type*1000 (iconId packet field),,zsweapon_language.dat name only; no static item→iconId column
1115015,Tử Hà Huyền Nguyệt Phiến,紫霞玄月扇,,,UNKNOWN,pgg group GOOGS_PNG[type] index=iconId-type*1000 (iconId packet field),,zsweapon_language.dat name only; no static item→iconId column
1115016,Tử Hà Huyền Nguyệt Phiến,紫霞玄月扇,,,UNKNOWN,pgg group GOOGS_PNG[type] index=iconId-type*1000 (iconId packet field),,zsweapon_language.dat name only; no static item→iconId column
1115017,Tử Hà Huyền Nguyệt Phiến,紫霞玄月扇,,,UNKNOWN,pgg group GOOGS_PNG[type] index=iconId-type*1000 (iconId packet field),,zsweapon_language.dat name only; no static item→iconId column
1115018,Tử Hà Huyền Nguyệt Phiến,紫霞玄月扇,,,UNKNOWN,pgg group GOOGS_PNG[type] index=iconId-type*1000 (iconId packet field),,zsweapon_language.dat name only; no static item→iconId column
1115019,Tử Hà Huyền Nguyệt Phiến,紫霞玄月扇,,,UNKNOWN,pgg group GOOGS_PNG[type] index=iconId-type*1000 (iconId packet field),,zsweapon_language.dat name only; no static item→iconId column
1115020,Tử Hà Tứ Tượng Vũ Phiến,紫霞四象羽扇,,,UNKNOWN,pgg group GOOGS_PNG[type] index=iconId-type*1000 (iconId packet field),,zsweapon_language.dat name only; no static item→iconId column
1115021,Tử Hà Tứ Tượng Vũ Phiến,紫霞四象羽扇,,,UNKNOWN,pgg group GOOGS_PNG[type] index=iconId-type*1000 (iconId packet field),,zsweapon_language.dat name only; no static item→iconId column
1115022,Tử Hà Tứ Tượng Vũ Phiến,紫霞四象羽扇,,,UNKNOWN,pgg group GOOGS_PNG[type] index=iconId-type*1000 (iconId packet field),,zsweapon_language.dat name only; no static item→iconId column
1115023,Tử Hà Tứ Tượng Vũ Phiến,紫霞四象羽扇,,,UNKNOWN,pgg group GOOGS_PNG[type] index=iconId-type*1000 (iconId packet field),,zsweapon_language.dat name only; no static item→iconId column
1115024,Tử Hà Tứ Tượng Vũ Phiến,紫霞四象羽扇,,,UNKNOWN,pgg group GOOGS_PNG[type] index=iconId-type*1000 (iconId packet field),,zsweapon_language.dat name only; no static item→iconId column
1115025,Tử Hà Ngọc Lâu Phiến,紫霞玉楼扇,,,UNKNOWN,pgg group GOOGS_PNG[type] index=iconId-type*1000 (iconId packet field),,zsweapon_language.dat name only; no static item→iconId column
1115026,Tử Hà Ngọc Lâu Phiến,紫霞玉楼扇,,,UNKNOWN,pgg group GOOGS_PNG[type] index=iconId-type*1000 (iconId packet field),,zsweapon_language.dat name only; no static item→iconId column
1115027,Tử Hà Ngọc Lâu Phiến,紫霞玉楼扇,,,UNKNOWN,pgg group GOOGS_PNG[type] index=iconId-type*1000 (iconId packet field),,zsweapon_language.dat name only; no static item→iconId column
1115028,Tử Hà Ngọc Lâu Phiến,紫霞玉楼扇,,,UNKNOWN,pgg group GOOGS_PNG[type] index=iconId-type*1000 (iconId packet field),,zsweapon_language.dat name only; no static item→iconId column
1115029,Tử Hà Ngọc Lâu Phiến,紫霞玉楼扇,,,UNKNOWN,pgg group GOOGS_PNG[type] index=iconId-type*1000 (iconId packet field),,zsweapon_language.dat name only; no static item→iconId column
1115030,Tử Hà Thiên Thanh Phiến,紫霞天青扇,,,UNKNOWN,pgg group GOOGS_PNG[type] index=iconId-type*1000 (iconId packet field),,zsweapon_language.dat name only; no static item→iconId column
1115031,Tử Hà Thiên Thanh Phiến,紫霞天青扇,,,UNKNOWN,pgg group GOOGS_PNG[type] index=iconId-type*1000 (iconId packet field),,zsweapon_language.dat name only; no static item→iconId column
1115032,Tử Hà Thiên Thanh Phiến,紫霞天青扇,,,UNKNOWN,pgg group GOOGS_PNG[type] index=iconId-type*1000 (iconId packet field),,zsweapon_language.dat name only; no static item→iconId column
1115033,Tử Hà Thiên Thanh Phiến,紫霞天青扇,,,UNKNOWN,pgg group GOOGS_PNG[type] index=iconId-type*1000 (iconId packet field),,zsweapon_language.dat name only; no static item→iconId column
1115034,Tử Hà Thiên Thanh Phiến,紫霞天青扇,,,UNKNOWN,pgg group GOOGS_PNG[type] index=iconId-type*1000 (iconId packet field),,zsweapon_language.dat name only; no static item→iconId column
1115035,Tử Hà Huyễn Vũ Phiến,紫霞幻羽扇,,,UNKNOWN,pgg group GOOGS_PNG[type] index=iconId-type*1000 (iconId packet field),,zsweapon_language.dat name only; no static item→iconId column
1115036,Tử Hà Huyễn Vũ Phiến,紫霞幻羽扇,,,UNKNOWN,pgg group GOOGS_PNG[type] index=iconId-type*1000 (iconId packet field),,zsweapon_language.dat name only; no static item→iconId column
1115037,Tử Hà Huyễn Vũ Phiến,紫霞幻羽扇,,,UNKNOWN,pgg group GOOGS_PNG[type] index=iconId-type*1000 (iconId packet field),,zsweapon_language.dat name only; no static item→iconId column
1115038,Tử Hà Huyễn Vũ Phiến,紫霞幻羽扇,,,UNKNOWN,pgg group GOOGS_PNG[type] index=iconId-type*1000 (iconId packet field),,zsweapon_language.dat name only; no static item→iconId column
1115039,Tử Hà Huyễn Vũ Phiến,紫霞幻羽扇,,,UNKNOWN,pgg group GOOGS_PNG[type] index=iconId-type*1000 (iconId packet field),,zsweapon_language.dat name only; no static item→iconId column
1115040,Tử Hà Cửu Thiên Phiến,紫霞九天扇,,,UNKNOWN,pgg group GOOGS_PNG[type] index=iconId-type*1000 (iconId packet field),,zsweapon_language.dat name only; no static item→iconId column
1115041,Tử Hà Cửu Thiên Phiến,紫霞九天扇,,,UNKNOWN,pgg group GOOGS_PNG[type] index=iconId-type*1000 (iconId packet field),,zsweapon_language.dat name only; no static item→iconId column
1115042,Tử Hà Cửu Thiên Phiến,紫霞九天扇,,,UNKNOWN,pgg group GOOGS_PNG[type] index=iconId-type*1000 (iconId packet field),,zsweapon_language.dat name only; no static item→iconId column
1115043,Tử Hà Cửu Thiên Phiến,紫霞九天扇,,,UNKNOWN,pgg group GOOGS_PNG[type] index=iconId-type*1000 (iconId packet field),,zsweapon_language.dat name only; no static item→iconId column
1115044,Tử Hà Cửu Thiên Phiến,紫霞九天扇,,,UNKNOWN,pgg group GOOGS_PNG[type] index=iconId-type*1000 (iconId packet field),,zsweapon_language.dat name only; no static item→iconId column
1115045,Tử Hà Bạch Hổ Phiến,紫霞白虎扇,,,UNKNOWN,pgg group GOOGS_PNG[type] index=iconId-type*1000 (iconId packet field),,zsweapon_language.dat name only; no static item→iconId column
1115046,Tử Hà Bạch Hổ Phiến,紫霞白虎扇,,,UNKNOWN,pgg group GOOGS_PNG[type] index=iconId-type*1000 (iconId packet field),,zsweapon_language.dat name only; no static item→iconId column
1115047,Tử Hà Bạch Hổ Phiến,紫霞白虎扇,,,UNKNOWN,pgg group GOOGS_PNG[type] index=iconId-type*1000 (iconId packet field),,zsweapon_language.dat name only; no static item→iconId column
1115048,Tử Hà Bạch Hổ Phiến,紫霞白虎扇,,,UNKNOWN,pgg group GOOGS_PNG[type] index=iconId-type*1000 (iconId packet field),,zsweapon_language.dat name only; no static item→iconId column
1115049,Tử Hà Bạch Hổ Phiến,紫霞白虎扇,,,UNKNOWN,pgg group GOOGS_PNG[type] index=iconId-type*1000 (iconId packet field),,zsweapon_language.dat name only; no static item→iconId column
1115050,Tử Hà Chu Tước Phiến,紫霞朱雀扇,,,UNKNOWN,pgg group GOOGS_PNG[type] index=iconId-type*1000 (iconId packet field),,zsweapon_language.dat name only; no static item→iconId column
1115051,Tử Hà Chu Tước Phiến,紫霞朱雀扇,,,UNKNOWN,pgg group GOOGS_PNG[type] index=iconId-type*1000 (iconId packet field),,zsweapon_language.dat name only; no static item→iconId column
1115052,Tử Hà Chu Tước Phiến,紫霞朱雀扇,,,UNKNOWN,pgg group GOOGS_PNG[type] index=iconId-type*1000 (iconId packet field),,zsweapon_language.dat name only; no static item→iconId column
1115053,Tử Hà Chu Tước Phiến,紫霞朱雀扇,,,UNKNOWN,pgg group GOOGS_PNG[type] index=iconId-type*1000 (iconId packet field),,zsweapon_language.dat name only; no static item→iconId column
1115054,Tử Hà Chu Tước Phiến,紫霞朱雀扇,,,UNKNOWN,pgg group GOOGS_PNG[type] index=iconId-type*1000 (iconId packet field),,zsweapon_language.dat name only; no static item→iconId column
1115055,Tử Hà Thanh Long Phiến,紫霞青龙扇,,,UNKNOWN,pgg group GOOGS_PNG[type] index=iconId-type*1000 (iconId packet field),,zsweapon_language.dat name only; no static item→iconId column
1115056,Tử Hà Thanh Long Phiến,紫霞青龙扇,,,UNKNOWN,pgg group GOOGS_PNG[type] index=iconId-type*1000 (iconId packet field),,zsweapon_language.dat name only; no static item→iconId column
1115057,Tử Hà Thanh Long Phiến,紫霞青龙扇,,,UNKNOWN,pgg group GOOGS_PNG[type] index=iconId-type*1000 (iconId packet field),,zsweapon_language.dat name only; no static item→iconId column
1115058,Tử Hà Thanh Long Phiến,紫霞青龙扇,,,UNKNOWN,pgg group GOOGS_PNG[type] index=iconId-type*1000 (iconId packet field),,zsweapon_language.dat name only; no static item→iconId column
1115059,Tử Hà Thanh Long Phiến,紫霞青龙扇,,,UNKNOWN,pgg group GOOGS_PNG[type] index=iconId-type*1000 (iconId packet field),,zsweapon_language.dat name only; no static item→iconId column
1115060,Tử Hà Huyền Vũ Phiến,紫霞玄武扇,,,UNKNOWN,pgg group GOOGS_PNG[type] index=iconId-type*1000 (iconId packet field),,zsweapon_language.dat name only; no static item→iconId column
1115061,Tử Hà Huyền Vũ Phiến,紫霞玄武扇,,,UNKNOWN,pgg group GOOGS_PNG[type] index=iconId-type*1000 (iconId packet field),,zsweapon_language.dat name only; no static item→iconId column
1115062,Tử Hà Huyền Vũ Phiến,紫霞玄武扇,,,UNKNOWN,pgg group GOOGS_PNG[type] index=iconId-type*1000 (iconId packet field),,zsweapon_language.dat name only; no static item→iconId column
1115063,Tử Hà Huyền Vũ Phiến,紫霞玄武扇,,,UNKNOWN,pgg group GOOGS_PNG[type] index=iconId-type*1000 (iconId packet field),,zsweapon_language.dat name only; no static item→iconId column
1115064,Tử Hà Huyền Vũ Phiến,紫霞玄武扇,,,UNKNOWN,pgg group GOOGS_PNG[type] index=iconId-type*1000 (iconId packet field),,zsweapon_language.dat name only; no static item→iconId column
1115065,Tử Hà Vô Cực Phiến,紫霞无极扇,,,UNKNOWN,pgg group GOOGS_PNG[type] index=iconId-type*1000 (iconId packet field),,zsweapon_language.dat name only; no static item→iconId column
1115066,Tử Hà Vô Cực Phiến,紫霞无极扇,,,UNKNOWN,pgg group GOOGS_PNG[type] index=iconId-type*1000 (iconId packet field),,zsweapon_language.dat name only; no static item→iconId column
1115067,Tử Hà Vô Cực Phiến,紫霞无极扇,,,UNKNOWN,pgg group GOOGS_PNG[type] index=iconId-type*1000 (iconId packet field),,zsweapon_language.dat name only; no static item→iconId column
1115068,Tử Hà Vô Cực Phiến,紫霞无极扇,,,UNKNOWN,pgg group GOOGS_PNG[type] index=iconId-type*1000 (iconId packet field),,zsweapon_language.dat name only; no static item→iconId column
1115069,Tử Hà Vô Cực Phiến,紫霞无极扇,,,UNKNOWN,pgg group GOOGS_PNG[type] index=iconId-type*1000 (iconId packet field),,zsweapon_language.dat name only; no static item→iconId column
1115070,Tử Hà Khai Thiên Đạo Phiến,紫霞开天道扇,,,UNKNOWN,pgg group GOOGS_PNG[type] index=iconId-type*1000 (iconId packet field),,zsweapon_language.dat name only; no static item→iconId column
1115071,Tử Hà Khai Thiên Đạo Phiến,紫霞开天道扇,,,UNKNOWN,pgg group GOOGS_PNG[type] index=iconId-type*1000 (iconId packet field),,zsweapon_language.dat name only; no static item→iconId column
1115072,Tử Hà Khai Thiên Đạo Phiến,紫霞开天道扇,,,UNKNOWN,pgg group GOOGS_PNG[type] index=iconId-type*1000 (iconId packet field),,zsweapon_language.dat name only; no static item→iconId column
1115073,Tử Hà Khai Thiên Đạo Phiến,紫霞开天道扇,,,UNKNOWN,pgg group GOOGS_PNG[type] index=iconId-type*1000 (iconId packet field),,zsweapon_language.dat name only; no static item→iconId column
1115074,Tử Hà Khai Thiên Đạo Phiến,紫霞开天道扇,,,UNKNOWN,pgg group GOOGS_PNG[type] index=iconId-type*1000 (iconId packet field),,zsweapon_language.dat name only; no static item→iconId column
1115075,Tử Hà Khai Thiên Đạo Phiến,紫霞开天道扇,,,UNKNOWN,pgg group GOOGS_PNG[type] index=iconId-type*1000 (iconId packet field),,zsweapon_language.dat name only; no static item→iconId column
1115076,Tử Hà Khai Thiên Đạo Phiến,紫霞开天道扇,,,UNKNOWN,pgg group GOOGS_PNG[type] index=iconId-type*1000 (iconId packet field),,zsweapon_language.dat name only; no static item→iconId column
1115077,Tử Hà Khai Thiên Đạo Phiến,紫霞开天道扇,,,UNKNOWN,pgg group GOOGS_PNG[type] index=iconId-type*1000 (iconId packet field),,zsweapon_language.dat name only; no static item→iconId column
1115078,Tử Hà Khai Thiên Đạo Phiến,紫霞开天道扇,,,UNKNOWN,pgg group GOOGS_PNG[type] index=iconId-type*1000 (iconId packet field),,zsweapon_language.dat name only; no static item→iconId column
1115079,Tử Hà Khai Thiên Đạo Phiến,紫霞开天道扇,,,UNKNOWN,pgg group GOOGS_PNG[type] index=iconId-type*1000 (iconId packet field),,zsweapon_language.dat name only; no static item→iconId column
1115080,Tử Hà Khai Thiên Đạo Phiến,紫霞开天道扇,,,UNKNOWN,pgg group GOOGS_PNG[type] index=iconId-type*1000 (iconId packet field),,zsweapon_language.dat name only; no static item→iconId column
1115081,Tử Hà Khai Thiên Đạo Phiến,紫霞开天道扇,,,UNKNOWN,pgg group GOOGS_PNG[type] index=iconId-type*1000 (iconId packet field),,zsweapon_language.dat name only; no static item→iconId column
1115082,Tử Hà Khai Thiên Đạo Phiến,紫霞开天道扇,,,UNKNOWN,pgg group GOOGS_PNG[type] index=iconId-type*1000 (iconId packet field),,zsweapon_language.dat name only; no static item→iconId column
1115083,Tử Hà Khai Thiên Đạo Phiến,紫霞开天道扇,,,UNKNOWN,pgg group GOOGS_PNG[type] index=iconId-type*1000 (iconId packet field),,zsweapon_language.dat name only; no static item→iconId column
1115084,Tử Hà Khai Thiên Đạo Phiến,紫霞开天道扇,,,UNKNOWN,pgg group GOOGS_PNG[type] index=iconId-type*1000 (iconId packet field),,zsweapon_language.dat name only; no static item→iconId column
1115085,Tử Hà Khai Thiên Đạo Phiến,紫霞开天道扇,,,UNKNOWN,pgg group GOOGS_PNG[type] index=iconId-type*1000 (iconId packet field),,zsweapon_language.dat name only; no static item→iconId column
1115086,Tử Hà Khai Thiên Đạo Phiến,紫霞开天道扇,,,UNKNOWN,pgg group GOOGS_PNG[type] index=iconId-type*1000 (iconId packet field),,zsweapon_language.dat name only; no static item→iconId column
1115087,Tử Hà Khai Thiên Đạo Phiến,紫霞开天道扇,,,UNKNOWN,pgg group GOOGS_PNG[type] index=iconId-type*1000 (iconId packet field),,zsweapon_language.dat name only; no static item→iconId column
1115088,Tử Hà Khai Thiên Đạo Phiến,紫霞开天道扇,,,UNKNOWN,pgg group GOOGS_PNG[type] index=iconId-type*1000 (iconId packet field),,zsweapon_language.dat name only; no static item→iconId column
1115089,Tử Hà Khai Thiên Đạo Phiến,紫霞开天道扇,,,UNKNOWN,pgg group GOOGS_PNG[type] index=iconId-type*1000 (iconId packet field),,zsweapon_language.dat name only; no static item→iconId column
1115090,Tử Hà Khai Thiên Đạo Phiến,紫霞开天道扇,,,UNKNOWN,pgg group GOOGS_PNG[type] index=iconId-type*1000 (iconId packet field),,zsweapon_language.dat name only; no static item→iconId column
