skill_id,family,name_vn,name_e,icon_id,icon_status,icon_path_rule,class_status,weapon_need_e,description_status,preview,evidence
17101,171,Đoạt Phách Trảm,Soul Reaver Slash,,UNKNOWN,pgg 5.pgg; index=iconId-5*1000; RoleSkill.iconId is packet field (GameWorld.java:16761 / RoleSkillList.setIconList),UNKNOWN,,DESCRIPTION_ONLY,,skill_family_catalog.csv + zsSkills_language.dat; no static skill→icon table in DEX/jar
17102,171,Đoạt Phách Trảm,Soul Reaver Slash,,UNKNOWN,pgg 5.pgg; index=iconId-5*1000; RoleSkill.iconId is packet field (GameWorld.java:16761 / RoleSkillList.setIconList),UNKNOWN,,DESCRIPTION_ONLY,,skill_family_catalog.csv + zsSkills_language.dat; no static skill→icon table in DEX/jar
17103,171,Đoạt Phách Trảm,Soul Reaver Slash,,UNKNOWN,pgg 5.pgg; index=iconId-5*1000; RoleSkill.iconId is packet field (GameWorld.java:16761 / RoleSkillList.setIconList),UNKNOWN,,DESCRIPTION_ONLY,,skill_family_catalog.csv + zsSkills_language.dat; no static skill→icon table in DEX/jar
17104,171,Đoạt Phách Trảm,Soul Reaver Slash,,UNKNOWN,pgg 5.pgg; index=iconId-5*1000; RoleSkill.iconId is packet field (GameWorld.java:16761 / RoleSkillList.setIconList),UNKNOWN,,DESCRIPTION_ONLY,,skill_family_catalog.csv + zsSkills_language.dat; no static skill→icon table in DEX/jar
17105,171,Đoạt Phách Trảm,Soul Reaver Slash,,UNKNOWN,pgg 5.pgg; index=iconId-5*1000; RoleSkill.iconId is packet field (GameWorld.java:16761 / RoleSkillList.setIconList),UNKNOWN,,DESCRIPTION_ONLY,,skill_family_catalog.csv + zsSkills_language.dat; no static skill→icon table in DEX/jar
17106,171,Đoạt Phách Trảm,Soul Reaver Slash,,UNKNOWN,pgg 5.pgg; index=iconId-5*1000; RoleSkill.iconId is packet field (GameWorld.java:16761 / RoleSkillList.setIconList),UNKNOWN,,DESCRIPTION_ONLY,,skill_family_catalog.csv + zsSkills_language.dat; no static skill→icon table in DEX/jar
17107,171,Phệ Hồn Phong Ma Trảm,Soul Devouring Demon-Sealing Slash,,UNKNOWN,pgg 5.pgg; index=iconId-5*1000; RoleSkill.iconId is packet field (GameWorld.java:16761 / RoleSkillList.setIconList),UNKNOWN,,DESCRIPTION_ONLY,,skill_family_catalog.csv + zsSkills_language.dat; no static skill→icon table in DEX/jar
17108,171,Phệ Hồn Phong Ma Trảm,Soul Devouring Demon-Sealing Slash,,UNKNOWN,pgg 5.pgg; index=iconId-5*1000; RoleSkill.iconId is packet field (GameWorld.java:16761 / RoleSkillList.setIconList),UNKNOWN,,DESCRIPTION_ONLY,,skill_family_catalog.csv + zsSkills_language.dat; no static skill→icon table in DEX/jar
17120,171,Tịch Diệt Trảm,Oblivion Slash,,UNKNOWN,pgg 5.pgg; index=iconId-5*1000; RoleSkill.iconId is packet field (GameWorld.java:16761 / RoleSkillList.setIconList),UNKNOWN,,DESCRIPTION_ONLY,,skill_family_catalog.csv + zsSkills_language.dat; no static skill→icon table in DEX/jar
17121,171,Tịch Diệt Trảm,Oblivion Slash,,UNKNOWN,pgg 5.pgg; index=iconId-5*1000; RoleSkill.iconId is packet field (GameWorld.java:16761 / RoleSkillList.setIconList),UNKNOWN,,DESCRIPTION_ONLY,,skill_family_catalog.csv + zsSkills_language.dat; no static skill→icon table in DEX/jar
17122,171,Tịch Diệt Trảm,Oblivion Slash,,UNKNOWN,pgg 5.pgg; index=iconId-5*1000; RoleSkill.iconId is packet field (GameWorld.java:16761 / RoleSkillList.setIconList),UNKNOWN,,DESCRIPTION_ONLY,,skill_family_catalog.csv + zsSkills_language.dat; no static skill→icon table in DEX/jar
17123,171,Tịch Diệt Trảm,Oblivion Slash,,UNKNOWN,pgg 5.pgg; index=iconId-5*1000; RoleSkill.iconId is packet field (GameWorld.java:16761 / RoleSkillList.setIconList),UNKNOWN,,DESCRIPTION_ONLY,,skill_family_catalog.csv + zsSkills_language.dat; no static skill→icon table in DEX/jar
17124,171,Tịch Diệt Trảm,Oblivion Slash,,UNKNOWN,pgg 5.pgg; index=iconId-5*1000; RoleSkill.iconId is packet field (GameWorld.java:16761 / RoleSkillList.setIconList),UNKNOWN,,DESCRIPTION_ONLY,,skill_family_catalog.csv + zsSkills_language.dat; no static skill→icon table in DEX/jar
17125,171,Tịch Diệt Trảm,Oblivion Slash,,UNKNOWN,pgg 5.pgg; index=iconId-5*1000; RoleSkill.iconId is packet field (GameWorld.java:16761 / RoleSkillList.setIconList),UNKNOWN,,DESCRIPTION_ONLY,,skill_family_catalog.csv + zsSkills_language.dat; no static skill→icon table in DEX/jar
17126,171,Quỷ Thần Cung,Demon God’s Might,,UNKNOWN,pgg 5.pgg; index=iconId-5*1000; RoleSkill.iconId is packet field (GameWorld.java:16761 / RoleSkillList.setIconList),UNKNOWN,,DESCRIPTION_ONLY,,skill_family_catalog.csv + zsSkills_language.dat; no static skill→icon table in DEX/jar
17127,171,Quỷ Thần Cung,Demon God’s Might,,UNKNOWN,pgg 5.pgg; index=iconId-5*1000; RoleSkill.iconId is packet field (GameWorld.java:16761 / RoleSkillList.setIconList),UNKNOWN,,DESCRIPTION_ONLY,,skill_family_catalog.csv + zsSkills_language.dat; no static skill→icon table in DEX/jar
17128,171,Quỷ Thần Cung,Demon God’s Might,,UNKNOWN,pgg 5.pgg; index=iconId-5*1000; RoleSkill.iconId is packet field (GameWorld.java:16761 / RoleSkillList.setIconList),UNKNOWN,,DESCRIPTION_ONLY,,skill_family_catalog.csv + zsSkills_language.dat; no static skill→icon table in DEX/jar
17129,171,Quỷ Thần Cung,Demon God’s Might,,UNKNOWN,pgg 5.pgg; index=iconId-5*1000; RoleSkill.iconId is packet field (GameWorld.java:16761 / RoleSkillList.setIconList),UNKNOWN,,DESCRIPTION_ONLY,,skill_family_catalog.csv + zsSkills_language.dat; no static skill→icon table in DEX/jar
17130,171,Quỷ Thần Cung,Demon God’s Might,,UNKNOWN,pgg 5.pgg; index=iconId-5*1000; RoleSkill.iconId is packet field (GameWorld.java:16761 / RoleSkillList.setIconList),UNKNOWN,,DESCRIPTION_ONLY,,skill_family_catalog.csv + zsSkills_language.dat; no static skill→icon table in DEX/jar
17131,171,Quỷ Thần Cung,Demon God’s Might,,UNKNOWN,pgg 5.pgg; index=iconId-5*1000; RoleSkill.iconId is packet field (GameWorld.java:16761 / RoleSkillList.setIconList),UNKNOWN,,DESCRIPTION_ONLY,,skill_family_catalog.csv + zsSkills_language.dat; no static skill→icon table in DEX/jar
17139,171,Đoạn Hồn Trảm,Soul Severing Slash,,UNKNOWN,pgg 5.pgg; index=iconId-5*1000; RoleSkill.iconId is packet field (GameWorld.java:16761 / RoleSkillList.setIconList),UNKNOWN,,DESCRIPTION_ONLY,,skill_family_catalog.csv + zsSkills_language.dat; no static skill→icon table in DEX/jar
17140,171,Đoạn Hồn Trảm,Soul Severing Slash,,UNKNOWN,pgg 5.pgg; index=iconId-5*1000; RoleSkill.iconId is packet field (GameWorld.java:16761 / RoleSkillList.setIconList),UNKNOWN,,DESCRIPTION_ONLY,,skill_family_catalog.csv + zsSkills_language.dat; no static skill→icon table in DEX/jar
17141,171,Đoạn Hồn Trảm,Soul Severing Slash,,UNKNOWN,pgg 5.pgg; index=iconId-5*1000; RoleSkill.iconId is packet field (GameWorld.java:16761 / RoleSkillList.setIconList),UNKNOWN,,DESCRIPTION_ONLY,,skill_family_catalog.csv + zsSkills_language.dat; no static skill→icon table in DEX/jar
17142,171,Đoạn Hồn Trảm,Soul Severing Slash,,UNKNOWN,pgg 5.pgg; index=iconId-5*1000; RoleSkill.iconId is packet field (GameWorld.java:16761 / RoleSkillList.setIconList),UNKNOWN,,DESCRIPTION_ONLY,,skill_family_catalog.csv + zsSkills_language.dat; no static skill→icon table in DEX/jar
17143,171,Đoạn Hồn Trảm,Soul Severing Slash,,UNKNOWN,pgg 5.pgg; index=iconId-5*1000; RoleSkill.iconId is packet field (GameWorld.java:16761 / RoleSkillList.setIconList),UNKNOWN,,DESCRIPTION_ONLY,,skill_family_catalog.csv + zsSkills_language.dat; no static skill→icon table in DEX/jar
17144,171,Đoạn Hồn Trảm,Soul Severing Slash,,UNKNOWN,pgg 5.pgg; index=iconId-5*1000; RoleSkill.iconId is packet field (GameWorld.java:16761 / RoleSkillList.setIconList),UNKNOWN,,DESCRIPTION_ONLY,,skill_family_catalog.csv + zsSkills_language.dat; no static skill→icon table in DEX/jar
17145,171,Bàn Cổ Truyền Nhân,Heir of Pangu,,UNKNOWN,pgg 5.pgg; index=iconId-5*1000; RoleSkill.iconId is packet field (GameWorld.java:16761 / RoleSkillList.setIconList),UNKNOWN,,DESCRIPTION_ONLY,,skill_family_catalog.csv + zsSkills_language.dat; no static skill→icon table in DEX/jar
17146,171,Bàn Cổ Truyền Nhân,Heir of Pangu,,UNKNOWN,pgg 5.pgg; index=iconId-5*1000; RoleSkill.iconId is packet field (GameWorld.java:16761 / RoleSkillList.setIconList),UNKNOWN,,DESCRIPTION_ONLY,,skill_family_catalog.csv + zsSkills_language.dat; no static skill→icon table in DEX/jar
17147,171,Bàn Cổ Truyền Nhân,Heir of Pangu,,UNKNOWN,pgg 5.pgg; index=iconId-5*1000; RoleSkill.iconId is packet field (GameWorld.java:16761 / RoleSkillList.setIconList),UNKNOWN,,DESCRIPTION_ONLY,,skill_family_catalog.csv + zsSkills_language.dat; no static skill→icon table in DEX/jar
17148,171,Bàn Cổ Truyền Nhân,Heir of Pangu,,UNKNOWN,pgg 5.pgg; index=iconId-5*1000; RoleSkill.iconId is packet field (GameWorld.java:16761 / RoleSkillList.setIconList),UNKNOWN,,DESCRIPTION_ONLY,,skill_family_catalog.csv + zsSkills_language.dat; no static skill→icon table in DEX/jar
17149,171,Bàn Cổ Truyền Nhân,Heir of Pangu,,UNKNOWN,pgg 5.pgg; index=iconId-5*1000; RoleSkill.iconId is packet field (GameWorld.java:16761 / RoleSkillList.setIconList),UNKNOWN,,DESCRIPTION_ONLY,,skill_family_catalog.csv + zsSkills_language.dat; no static skill→icon table in DEX/jar
17150,171,Bàn Cổ Truyền Nhân,Heir of Pangu,,UNKNOWN,pgg 5.pgg; index=iconId-5*1000; RoleSkill.iconId is packet field (GameWorld.java:16761 / RoleSkillList.setIconList),UNKNOWN,,DESCRIPTION_ONLY,,skill_family_catalog.csv + zsSkills_language.dat; no static skill→icon table in DEX/jar
17151,171,Bá Vương Cung,Tyrant’s Roar,,UNKNOWN,pgg 5.pgg; index=iconId-5*1000; RoleSkill.iconId is packet field (GameWorld.java:16761 / RoleSkillList.setIconList),UNKNOWN,,DESCRIPTION_ONLY,,skill_family_catalog.csv + zsSkills_language.dat; no static skill→icon table in DEX/jar
17152,171,Bá Vương Cung,Tyrant’s Roar,,UNKNOWN,pgg 5.pgg; index=iconId-5*1000; RoleSkill.iconId is packet field (GameWorld.java:16761 / RoleSkillList.setIconList),UNKNOWN,,DESCRIPTION_ONLY,,skill_family_catalog.csv + zsSkills_language.dat; no static skill→icon table in DEX/jar
17153,171,Hỗn Nguyên Hộ Thể,Primordial Body Guard,,UNKNOWN,pgg 5.pgg; index=iconId-5*1000; RoleSkill.iconId is packet field (GameWorld.java:16761 / RoleSkillList.setIconList),UNKNOWN,,DESCRIPTION_ONLY,,skill_family_catalog.csv + zsSkills_language.dat; no static skill→icon table in DEX/jar
17154,171,Hỗn Nguyên Hộ Thể,Primordial Body Guard,,UNKNOWN,pgg 5.pgg; index=iconId-5*1000; RoleSkill.iconId is packet field (GameWorld.java:16761 / RoleSkillList.setIconList),UNKNOWN,,DESCRIPTION_ONLY,,skill_family_catalog.csv + zsSkills_language.dat; no static skill→icon table in DEX/jar
17155,171,Hỗn Nguyên Hộ Thể,Primordial Body Guard,,UNKNOWN,pgg 5.pgg; index=iconId-5*1000; RoleSkill.iconId is packet field (GameWorld.java:16761 / RoleSkillList.setIconList),UNKNOWN,,DESCRIPTION_ONLY,,skill_family_catalog.csv + zsSkills_language.dat; no static skill→icon table in DEX/jar
17156,171,Hỗn Nguyên Hộ Thể,Primordial Body Guard,,UNKNOWN,pgg 5.pgg; index=iconId-5*1000; RoleSkill.iconId is packet field (GameWorld.java:16761 / RoleSkillList.setIconList),UNKNOWN,,DESCRIPTION_ONLY,,skill_family_catalog.csv + zsSkills_language.dat; no static skill→icon table in DEX/jar
17157,171,Hỗn Nguyên Hộ Thể,Primordial Body Guard,,UNKNOWN,pgg 5.pgg; index=iconId-5*1000; RoleSkill.iconId is packet field (GameWorld.java:16761 / RoleSkillList.setIconList),UNKNOWN,,DESCRIPTION_ONLY,,skill_family_catalog.csv + zsSkills_language.dat; no static skill→icon table in DEX/jar
17158,171,Hỗn Nguyên Hộ Thể,Primordial Body Guard,,UNKNOWN,pgg 5.pgg; index=iconId-5*1000; RoleSkill.iconId is packet field (GameWorld.java:16761 / RoleSkillList.setIconList),UNKNOWN,,DESCRIPTION_ONLY,,skill_family_catalog.csv + zsSkills_language.dat; no static skill→icon table in DEX/jar
17159,171,Cuồng Bạo,Berserk,,UNKNOWN,pgg 5.pgg; index=iconId-5*1000; RoleSkill.iconId is packet field (GameWorld.java:16761 / RoleSkillList.setIconList),UNKNOWN,,DESCRIPTION_ONLY,,skill_family_catalog.csv + zsSkills_language.dat; no static skill→icon table in DEX/jar
17160,171,Cuồng Bạo,Berserk,,UNKNOWN,pgg 5.pgg; index=iconId-5*1000; RoleSkill.iconId is packet field (GameWorld.java:16761 / RoleSkillList.setIconList),UNKNOWN,,DESCRIPTION_ONLY,,skill_family_catalog.csv + zsSkills_language.dat; no static skill→icon table in DEX/jar
17161,171,Cuồng Bạo,Berserk,,UNKNOWN,pgg 5.pgg; index=iconId-5*1000; RoleSkill.iconId is packet field (GameWorld.java:16761 / RoleSkillList.setIconList),UNKNOWN,,DESCRIPTION_ONLY,,skill_family_catalog.csv + zsSkills_language.dat; no static skill→icon table in DEX/jar
17162,171,Cuồng Bạo,Berserk,,UNKNOWN,pgg 5.pgg; index=iconId-5*1000; RoleSkill.iconId is packet field (GameWorld.java:16761 / RoleSkillList.setIconList),UNKNOWN,,DESCRIPTION_ONLY,,skill_family_catalog.csv + zsSkills_language.dat; no static skill→icon table in DEX/jar
17163,171,Cuồng Bạo,Berserk,,UNKNOWN,pgg 5.pgg; index=iconId-5*1000; RoleSkill.iconId is packet field (GameWorld.java:16761 / RoleSkillList.setIconList),UNKNOWN,,DESCRIPTION_ONLY,,skill_family_catalog.csv + zsSkills_language.dat; no static skill→icon table in DEX/jar
17164,171,Cuồng Bạo,Berserk,,UNKNOWN,pgg 5.pgg; index=iconId-5*1000; RoleSkill.iconId is packet field (GameWorld.java:16761 / RoleSkillList.setIconList),UNKNOWN,,DESCRIPTION_ONLY,,skill_family_catalog.csv + zsSkills_language.dat; no static skill→icon table in DEX/jar
17165,171,Hoành Tảo Thiên Quân,Sweeping Thousand Armies,,UNKNOWN,pgg 5.pgg; index=iconId-5*1000; RoleSkill.iconId is packet field (GameWorld.java:16761 / RoleSkillList.setIconList),UNKNOWN,,DESCRIPTION_ONLY,,skill_family_catalog.csv + zsSkills_language.dat; no static skill→icon table in DEX/jar
17166,171,Hoành Tảo Thiên Quân,Sweeping Thousand Armies,,UNKNOWN,pgg 5.pgg; index=iconId-5*1000; RoleSkill.iconId is packet field (GameWorld.java:16761 / RoleSkillList.setIconList),UNKNOWN,,DESCRIPTION_ONLY,,skill_family_catalog.csv + zsSkills_language.dat; no static skill→icon table in DEX/jar
17167,171,Hoành Tảo Thiên Quân,Sweeping Thousand Armies,,UNKNOWN,pgg 5.pgg; index=iconId-5*1000; RoleSkill.iconId is packet field (GameWorld.java:16761 / RoleSkillList.setIconList),UNKNOWN,,DESCRIPTION_ONLY,,skill_family_catalog.csv + zsSkills_language.dat; no static skill→icon table in DEX/jar
17168,171,Hoành Tảo Thiên Quân,Sweeping Thousand Armies,,UNKNOWN,pgg 5.pgg; index=iconId-5*1000; RoleSkill.iconId is packet field (GameWorld.java:16761 / RoleSkillList.setIconList),UNKNOWN,,DESCRIPTION_ONLY,,skill_family_catalog.csv + zsSkills_language.dat; no static skill→icon table in DEX/jar
17169,171,Hoành Tảo Thiên Quân,Sweeping Thousand Armies,,UNKNOWN,pgg 5.pgg; index=iconId-5*1000; RoleSkill.iconId is packet field (GameWorld.java:16761 / RoleSkillList.setIconList),UNKNOWN,,DESCRIPTION_ONLY,,skill_family_catalog.csv + zsSkills_language.dat; no static skill→icon table in DEX/jar
17170,171,Hoành Tảo Thiên Quân,Sweeping Thousand Armies,,UNKNOWN,pgg 5.pgg; index=iconId-5*1000; RoleSkill.iconId is packet field (GameWorld.java:16761 / RoleSkillList.setIconList),UNKNOWN,,DESCRIPTION_ONLY,,skill_family_catalog.csv + zsSkills_language.dat; no static skill→icon table in DEX/jar
17171,171,Huyết Tế,Blood Sacrifice,,UNKNOWN,pgg 5.pgg; index=iconId-5*1000; RoleSkill.iconId is packet field (GameWorld.java:16761 / RoleSkillList.setIconList),UNKNOWN,,DESCRIPTION_ONLY,,skill_family_catalog.csv + zsSkills_language.dat; no static skill→icon table in DEX/jar
17172,171,Huyết Tế,Blood Sacrifice,,UNKNOWN,pgg 5.pgg; index=iconId-5*1000; RoleSkill.iconId is packet field (GameWorld.java:16761 / RoleSkillList.setIconList),UNKNOWN,,DESCRIPTION_ONLY,,skill_family_catalog.csv + zsSkills_language.dat; no static skill→icon table in DEX/jar
17173,171,Huyết Tế,Blood Sacrifice,,UNKNOWN,pgg 5.pgg; index=iconId-5*1000; RoleSkill.iconId is packet field (GameWorld.java:16761 / RoleSkillList.setIconList),UNKNOWN,,DESCRIPTION_ONLY,,skill_family_catalog.csv + zsSkills_language.dat; no static skill→icon table in DEX/jar
17174,171,Huyết Tế,Blood Sacrifice,,UNKNOWN,pgg 5.pgg; index=iconId-5*1000; RoleSkill.iconId is packet field (GameWorld.java:16761 / RoleSkillList.setIconList),UNKNOWN,,DESCRIPTION_ONLY,,skill_family_catalog.csv + zsSkills_language.dat; no static skill→icon table in DEX/jar
17175,171,Huyết Tế,Blood Sacrifice,,UNKNOWN,pgg 5.pgg; index=iconId-5*1000; RoleSkill.iconId is packet field (GameWorld.java:16761 / RoleSkillList.setIconList),UNKNOWN,,DESCRIPTION_ONLY,,skill_family_catalog.csv + zsSkills_language.dat; no static skill→icon table in DEX/jar
17176,171,Huyết Tế,Blood Sacrifice,,UNKNOWN,pgg 5.pgg; index=iconId-5*1000; RoleSkill.iconId is packet field (GameWorld.java:16761 / RoleSkillList.setIconList),UNKNOWN,,DESCRIPTION_ONLY,,skill_family_catalog.csv + zsSkills_language.dat; no static skill→icon table in DEX/jar
17178,171,Khai Thiên Mục,Heaven Opening Eye,,UNKNOWN,pgg 5.pgg; index=iconId-5*1000; RoleSkill.iconId is packet field (GameWorld.java:16761 / RoleSkillList.setIconList),UNKNOWN,,DESCRIPTION_ONLY,,skill_family_catalog.csv + zsSkills_language.dat; no static skill→icon table in DEX/jar
17179,171,Khai Thiên Mục,Heaven Opening Eye,,UNKNOWN,pgg 5.pgg; index=iconId-5*1000; RoleSkill.iconId is packet field (GameWorld.java:16761 / RoleSkillList.setIconList),UNKNOWN,,DESCRIPTION_ONLY,,skill_family_catalog.csv + zsSkills_language.dat; no static skill→icon table in DEX/jar
17180,171,Khai Thiên Mục,Heaven Opening Eye,,UNKNOWN,pgg 5.pgg; index=iconId-5*1000; RoleSkill.iconId is packet field (GameWorld.java:16761 / RoleSkillList.setIconList),UNKNOWN,,DESCRIPTION_ONLY,,skill_family_catalog.csv + zsSkills_language.dat; no static skill→icon table in DEX/jar
17181,171,Khai Thiên Mục,Heaven Opening Eye,,UNKNOWN,pgg 5.pgg; index=iconId-5*1000; RoleSkill.iconId is packet field (GameWorld.java:16761 / RoleSkillList.setIconList),UNKNOWN,,DESCRIPTION_ONLY,,skill_family_catalog.csv + zsSkills_language.dat; no static skill→icon table in DEX/jar
17182,171,Khai Thiên Mục,Heaven Opening Eye,,UNKNOWN,pgg 5.pgg; index=iconId-5*1000; RoleSkill.iconId is packet field (GameWorld.java:16761 / RoleSkillList.setIconList),UNKNOWN,,DESCRIPTION_ONLY,,skill_family_catalog.csv + zsSkills_language.dat; no static skill→icon table in DEX/jar
17183,171,Khai Thiên Mục,Heaven Opening Eye,,UNKNOWN,pgg 5.pgg; index=iconId-5*1000; RoleSkill.iconId is packet field (GameWorld.java:16761 / RoleSkillList.setIconList),UNKNOWN,,DESCRIPTION_ONLY,,skill_family_catalog.csv + zsSkills_language.dat; no static skill→icon table in DEX/jar
17184,171,Tu La Trảm,Asura Slash,,UNKNOWN,pgg 5.pgg; index=iconId-5*1000; RoleSkill.iconId is packet field (GameWorld.java:16761 / RoleSkillList.setIconList),UNKNOWN,,DESCRIPTION_ONLY,,skill_family_catalog.csv + zsSkills_language.dat; no static skill→icon table in DEX/jar
17185,171,Tu La Trảm,Asura Slash,,UNKNOWN,pgg 5.pgg; index=iconId-5*1000; RoleSkill.iconId is packet field (GameWorld.java:16761 / RoleSkillList.setIconList),UNKNOWN,,DESCRIPTION_ONLY,,skill_family_catalog.csv + zsSkills_language.dat; no static skill→icon table in DEX/jar
17186,171,Tu La Trảm,Asura Slash,,UNKNOWN,pgg 5.pgg; index=iconId-5*1000; RoleSkill.iconId is packet field (GameWorld.java:16761 / RoleSkillList.setIconList),UNKNOWN,,DESCRIPTION_ONLY,,skill_family_catalog.csv + zsSkills_language.dat; no static skill→icon table in DEX/jar
17187,171,Tu La Trảm,Asura Slash,,UNKNOWN,pgg 5.pgg; index=iconId-5*1000; RoleSkill.iconId is packet field (GameWorld.java:16761 / RoleSkillList.setIconList),UNKNOWN,,DESCRIPTION_ONLY,,skill_family_catalog.csv + zsSkills_language.dat; no static skill→icon table in DEX/jar
17188,171,Tu La Trảm,Asura Slash,,UNKNOWN,pgg 5.pgg; index=iconId-5*1000; RoleSkill.iconId is packet field (GameWorld.java:16761 / RoleSkillList.setIconList),UNKNOWN,,DESCRIPTION_ONLY,,skill_family_catalog.csv + zsSkills_language.dat; no static skill→icon table in DEX/jar
17189,171,Tu La Trảm,Asura Slash,,UNKNOWN,pgg 5.pgg; index=iconId-5*1000; RoleSkill.iconId is packet field (GameWorld.java:16761 / RoleSkillList.setIconList),UNKNOWN,,DESCRIPTION_ONLY,,skill_family_catalog.csv + zsSkills_language.dat; no static skill→icon table in DEX/jar
17190,171,Cường Thể Thuật,Body Strengthening Art,,UNKNOWN,pgg 5.pgg; index=iconId-5*1000; RoleSkill.iconId is packet field (GameWorld.java:16761 / RoleSkillList.setIconList),UNKNOWN,,DESCRIPTION_ONLY,,skill_family_catalog.csv + zsSkills_language.dat; no static skill→icon table in DEX/jar
17191,171,Cường Thể Thuật,Body Strengthening Art,,UNKNOWN,pgg 5.pgg; index=iconId-5*1000; RoleSkill.iconId is packet field (GameWorld.java:16761 / RoleSkillList.setIconList),UNKNOWN,,DESCRIPTION_ONLY,,skill_family_catalog.csv + zsSkills_language.dat; no static skill→icon table in DEX/jar
17192,171,Cường Thể Thuật,Body Strengthening Art,,UNKNOWN,pgg 5.pgg; index=iconId-5*1000; RoleSkill.iconId is packet field (GameWorld.java:16761 / RoleSkillList.setIconList),UNKNOWN,,DESCRIPTION_ONLY,,skill_family_catalog.csv + zsSkills_language.dat; no static skill→icon table in DEX/jar
17193,171,Cường Thể Thuật,Body Strengthening Art,,UNKNOWN,pgg 5.pgg; index=iconId-5*1000; RoleSkill.iconId is packet field (GameWorld.java:16761 / RoleSkillList.setIconList),UNKNOWN,,DESCRIPTION_ONLY,,skill_family_catalog.csv + zsSkills_language.dat; no static skill→icon table in DEX/jar
17194,171,Cường Thể Thuật,Body Strengthening Art,,UNKNOWN,pgg 5.pgg; index=iconId-5*1000; RoleSkill.iconId is packet field (GameWorld.java:16761 / RoleSkillList.setIconList),UNKNOWN,,DESCRIPTION_ONLY,,skill_family_catalog.csv + zsSkills_language.dat; no static skill→icon table in DEX/jar
17195,171,Cường Thể Thuật,Body Strengthening Art,,UNKNOWN,pgg 5.pgg; index=iconId-5*1000; RoleSkill.iconId is packet field (GameWorld.java:16761 / RoleSkillList.setIconList),UNKNOWN,,DESCRIPTION_ONLY,,skill_family_catalog.csv + zsSkills_language.dat; no static skill→icon table in DEX/jar
17196,171,Hiên Viên Truyền Nhân,Heir of Xuanyuan,,UNKNOWN,pgg 5.pgg; index=iconId-5*1000; RoleSkill.iconId is packet field (GameWorld.java:16761 / RoleSkillList.setIconList),UNKNOWN,,DESCRIPTION_ONLY,,skill_family_catalog.csv + zsSkills_language.dat; no static skill→icon table in DEX/jar
17197,171,Hiên Viên Truyền Nhân,Heir of Xuanyuan,,UNKNOWN,pgg 5.pgg; index=iconId-5*1000; RoleSkill.iconId is packet field (GameWorld.java:16761 / RoleSkillList.setIconList),UNKNOWN,,DESCRIPTION_ONLY,,skill_family_catalog.csv + zsSkills_language.dat; no static skill→icon table in DEX/jar
17198,171,Hiên Viên Truyền Nhân,Heir of Xuanyuan,,UNKNOWN,pgg 5.pgg; index=iconId-5*1000; RoleSkill.iconId is packet field (GameWorld.java:16761 / RoleSkillList.setIconList),UNKNOWN,,DESCRIPTION_ONLY,,skill_family_catalog.csv + zsSkills_language.dat; no static skill→icon table in DEX/jar
17199,171,Hiên Viên Truyền Nhân,Heir of Xuanyuan,,UNKNOWN,pgg 5.pgg; index=iconId-5*1000; RoleSkill.iconId is packet field (GameWorld.java:16761 / RoleSkillList.setIconList),UNKNOWN,,DESCRIPTION_ONLY,,skill_family_catalog.csv + zsSkills_language.dat; no static skill→icon table in DEX/jar
17200,172,Hiên Viên Truyền Nhân,Heir of Xuanyuan,,UNKNOWN,pgg 5.pgg; index=iconId-5*1000; RoleSkill.iconId is packet field (GameWorld.java:16761 / RoleSkillList.setIconList),UNKNOWN,,DESCRIPTION_ONLY,,skill_family_catalog.csv + zsSkills_language.dat; no static skill→icon table in DEX/jar
17201,172,Hiên Viên Truyền Nhân,Heir of Xuanyuan,,UNKNOWN,pgg 5.pgg; index=iconId-5*1000; RoleSkill.iconId is packet field (GameWorld.java:16761 / RoleSkillList.setIconList),UNKNOWN,,DESCRIPTION_ONLY,,skill_family_catalog.csv + zsSkills_language.dat; no static skill→icon table in DEX/jar
17202,172,Kiếm Kích Trường Không,Sky Piercing Sword Strike,,UNKNOWN,pgg 5.pgg; index=iconId-5*1000; RoleSkill.iconId is packet field (GameWorld.java:16761 / RoleSkillList.setIconList),UNKNOWN,,DESCRIPTION_ONLY,,skill_family_catalog.csv + zsSkills_language.dat; no static skill→icon table in DEX/jar
17203,172,Kiếm Kích Trường Không,Sky Piercing Sword Strike,,UNKNOWN,pgg 5.pgg; index=iconId-5*1000; RoleSkill.iconId is packet field (GameWorld.java:16761 / RoleSkillList.setIconList),UNKNOWN,,DESCRIPTION_ONLY,,skill_family_catalog.csv + zsSkills_language.dat; no static skill→icon table in DEX/jar
17204,172,Kiếm Kích Trường Không,Sky Piercing Sword Strike,,UNKNOWN,pgg 5.pgg; index=iconId-5*1000; RoleSkill.iconId is packet field (GameWorld.java:16761 / RoleSkillList.setIconList),UNKNOWN,,DESCRIPTION_ONLY,,skill_family_catalog.csv + zsSkills_language.dat; no static skill→icon table in DEX/jar
17205,172,Kiếm Kích Trường Không,Sky Piercing Sword Strike,,UNKNOWN,pgg 5.pgg; index=iconId-5*1000; RoleSkill.iconId is packet field (GameWorld.java:16761 / RoleSkillList.setIconList),UNKNOWN,,DESCRIPTION_ONLY,,skill_family_catalog.csv + zsSkills_language.dat; no static skill→icon table in DEX/jar
17206,172,Kiếm Kích Trường Không,Sky Piercing Sword Strike,,UNKNOWN,pgg 5.pgg; index=iconId-5*1000; RoleSkill.iconId is packet field (GameWorld.java:16761 / RoleSkillList.setIconList),UNKNOWN,,DESCRIPTION_ONLY,,skill_family_catalog.csv + zsSkills_language.dat; no static skill→icon table in DEX/jar
17207,172,Kiếm Kích Trường Không,Sky Piercing Sword Strike,,UNKNOWN,pgg 5.pgg; index=iconId-5*1000; RoleSkill.iconId is packet field (GameWorld.java:16761 / RoleSkillList.setIconList),UNKNOWN,,DESCRIPTION_ONLY,,skill_family_catalog.csv + zsSkills_language.dat; no static skill→icon table in DEX/jar
17208,172,Ngưng Thần Quyết,Spirit Focus Art,,UNKNOWN,pgg 5.pgg; index=iconId-5*1000; RoleSkill.iconId is packet field (GameWorld.java:16761 / RoleSkillList.setIconList),UNKNOWN,,DESCRIPTION_ONLY,,skill_family_catalog.csv + zsSkills_language.dat; no static skill→icon table in DEX/jar
17209,172,Ngưng Thần Quyết,Spirit Focus Art,,UNKNOWN,pgg 5.pgg; index=iconId-5*1000; RoleSkill.iconId is packet field (GameWorld.java:16761 / RoleSkillList.setIconList),UNKNOWN,,DESCRIPTION_ONLY,,skill_family_catalog.csv + zsSkills_language.dat; no static skill→icon table in DEX/jar
17210,172,Ngưng Thần Quyết,Spirit Focus Art,,UNKNOWN,pgg 5.pgg; index=iconId-5*1000; RoleSkill.iconId is packet field (GameWorld.java:16761 / RoleSkillList.setIconList),UNKNOWN,,DESCRIPTION_ONLY,,skill_family_catalog.csv + zsSkills_language.dat; no static skill→icon table in DEX/jar
17211,172,Ngưng Thần Quyết,Spirit Focus Art,,UNKNOWN,pgg 5.pgg; index=iconId-5*1000; RoleSkill.iconId is packet field (GameWorld.java:16761 / RoleSkillList.setIconList),UNKNOWN,,DESCRIPTION_ONLY,,skill_family_catalog.csv + zsSkills_language.dat; no static skill→icon table in DEX/jar
17212,172,Ngưng Thần Quyết,Spirit Focus Art,,UNKNOWN,pgg 5.pgg; index=iconId-5*1000; RoleSkill.iconId is packet field (GameWorld.java:16761 / RoleSkillList.setIconList),UNKNOWN,,DESCRIPTION_ONLY,,skill_family_catalog.csv + zsSkills_language.dat; no static skill→icon table in DEX/jar
17213,172,Ngưng Thần Quyết,Spirit Focus Art,,UNKNOWN,pgg 5.pgg; index=iconId-5*1000; RoleSkill.iconId is packet field (GameWorld.java:16761 / RoleSkillList.setIconList),UNKNOWN,,DESCRIPTION_ONLY,,skill_family_catalog.csv + zsSkills_language.dat; no static skill→icon table in DEX/jar
17214,172,Khí Huyết Dồi Dào,Vigorous Vitality,,UNKNOWN,pgg 5.pgg; index=iconId-5*1000; RoleSkill.iconId is packet field (GameWorld.java:16761 / RoleSkillList.setIconList),UNKNOWN,,DESCRIPTION_ONLY,,skill_family_catalog.csv + zsSkills_language.dat; no static skill→icon table in DEX/jar
17215,172,Khí Huyết Dồi Dào,Vigorous Vitality,,UNKNOWN,pgg 5.pgg; index=iconId-5*1000; RoleSkill.iconId is packet field (GameWorld.java:16761 / RoleSkillList.setIconList),UNKNOWN,,DESCRIPTION_ONLY,,skill_family_catalog.csv + zsSkills_language.dat; no static skill→icon table in DEX/jar
17216,172,Khí Huyết Dồi Dào,Vigorous Vitality,,UNKNOWN,pgg 5.pgg; index=iconId-5*1000; RoleSkill.iconId is packet field (GameWorld.java:16761 / RoleSkillList.setIconList),UNKNOWN,,DESCRIPTION_ONLY,,skill_family_catalog.csv + zsSkills_language.dat; no static skill→icon table in DEX/jar
17217,172,Khí Huyết Dồi Dào,Vigorous Vitality,,UNKNOWN,pgg 5.pgg; index=iconId-5*1000; RoleSkill.iconId is packet field (GameWorld.java:16761 / RoleSkillList.setIconList),UNKNOWN,,DESCRIPTION_ONLY,,skill_family_catalog.csv + zsSkills_language.dat; no static skill→icon table in DEX/jar
17218,172,Khí Huyết Dồi Dào,Vigorous Vitality,,UNKNOWN,pgg 5.pgg; index=iconId-5*1000; RoleSkill.iconId is packet field (GameWorld.java:16761 / RoleSkillList.setIconList),UNKNOWN,,DESCRIPTION_ONLY,,skill_family_catalog.csv + zsSkills_language.dat; no static skill→icon table in DEX/jar
17219,172,Khí Huyết Dồi Dào,Vigorous Vitality,,UNKNOWN,pgg 5.pgg; index=iconId-5*1000; RoleSkill.iconId is packet field (GameWorld.java:16761 / RoleSkillList.setIconList),UNKNOWN,,DESCRIPTION_ONLY,,skill_family_catalog.csv + zsSkills_language.dat; no static skill→icon table in DEX/jar
17220,172,Vạn Kiếm Xuyên Tâm,Ten Thousand Swords Piercing Heart,,UNKNOWN,pgg 5.pgg; index=iconId-5*1000; RoleSkill.iconId is packet field (GameWorld.java:16761 / RoleSkillList.setIconList),UNKNOWN,,DESCRIPTION_ONLY,,skill_family_catalog.csv + zsSkills_language.dat; no static skill→icon table in DEX/jar
17221,172,Vạn Kiếm Xuyên Tâm,Ten Thousand Swords Piercing Heart,,UNKNOWN,pgg 5.pgg; index=iconId-5*1000; RoleSkill.iconId is packet field (GameWorld.java:16761 / RoleSkillList.setIconList),UNKNOWN,,DESCRIPTION_ONLY,,skill_family_catalog.csv + zsSkills_language.dat; no static skill→icon table in DEX/jar
17301,173,Thứ Cốt,Bone Piercer,,UNKNOWN,pgg 5.pgg; index=iconId-5*1000; RoleSkill.iconId is packet field (GameWorld.java:16761 / RoleSkillList.setIconList),UNKNOWN,,DESCRIPTION_ONLY,,skill_family_catalog.csv + zsSkills_language.dat; no static skill→icon table in DEX/jar
17302,173,Thứ Cốt,Bone Piercer,,UNKNOWN,pgg 5.pgg; index=iconId-5*1000; RoleSkill.iconId is packet field (GameWorld.java:16761 / RoleSkillList.setIconList),UNKNOWN,,DESCRIPTION_ONLY,,skill_family_catalog.csv + zsSkills_language.dat; no static skill→icon table in DEX/jar
17303,173,Thứ Cốt,Bone Piercer,,UNKNOWN,pgg 5.pgg; index=iconId-5*1000; RoleSkill.iconId is packet field (GameWorld.java:16761 / RoleSkillList.setIconList),UNKNOWN,,DESCRIPTION_ONLY,,skill_family_catalog.csv + zsSkills_language.dat; no static skill→icon table in DEX/jar
17304,173,Thứ Cốt,Bone Piercer,,UNKNOWN,pgg 5.pgg; index=iconId-5*1000; RoleSkill.iconId is packet field (GameWorld.java:16761 / RoleSkillList.setIconList),UNKNOWN,,DESCRIPTION_ONLY,,skill_family_catalog.csv + zsSkills_language.dat; no static skill→icon table in DEX/jar
17305,173,Thứ Cốt,Bone Piercer,,UNKNOWN,pgg 5.pgg; index=iconId-5*1000; RoleSkill.iconId is packet field (GameWorld.java:16761 / RoleSkillList.setIconList),UNKNOWN,,DESCRIPTION_ONLY,,skill_family_catalog.csv + zsSkills_language.dat; no static skill→icon table in DEX/jar
17306,173,Thứ Cốt,Bone Piercer,,UNKNOWN,pgg 5.pgg; index=iconId-5*1000; RoleSkill.iconId is packet field (GameWorld.java:16761 / RoleSkillList.setIconList),UNKNOWN,,DESCRIPTION_ONLY,,skill_family_catalog.csv + zsSkills_language.dat; no static skill→icon table in DEX/jar
17307,173,Lãnh Nguyệt Trảm,Cold Moon Slash,,UNKNOWN,pgg 5.pgg; index=iconId-5*1000; RoleSkill.iconId is packet field (GameWorld.java:16761 / RoleSkillList.setIconList),UNKNOWN,,DESCRIPTION_ONLY,,skill_family_catalog.csv + zsSkills_language.dat; no static skill→icon table in DEX/jar
17308,173,Lãnh Nguyệt Trảm,Cold Moon Slash,,UNKNOWN,pgg 5.pgg; index=iconId-5*1000; RoleSkill.iconId is packet field (GameWorld.java:16761 / RoleSkillList.setIconList),UNKNOWN,,DESCRIPTION_ONLY,,skill_family_catalog.csv + zsSkills_language.dat; no static skill→icon table in DEX/jar
17309,173,Lãnh Nguyệt Trảm,Cold Moon Slash,,UNKNOWN,pgg 5.pgg; index=iconId-5*1000; RoleSkill.iconId is packet field (GameWorld.java:16761 / RoleSkillList.setIconList),UNKNOWN,,DESCRIPTION_ONLY,,skill_family_catalog.csv + zsSkills_language.dat; no static skill→icon table in DEX/jar
17310,173,Lãnh Nguyệt Trảm,Cold Moon Slash,,UNKNOWN,pgg 5.pgg; index=iconId-5*1000; RoleSkill.iconId is packet field (GameWorld.java:16761 / RoleSkillList.setIconList),UNKNOWN,,DESCRIPTION_ONLY,,skill_family_catalog.csv + zsSkills_language.dat; no static skill→icon table in DEX/jar
17311,173,Lãnh Nguyệt Trảm,Cold Moon Slash,,UNKNOWN,pgg 5.pgg; index=iconId-5*1000; RoleSkill.iconId is packet field (GameWorld.java:16761 / RoleSkillList.setIconList),UNKNOWN,,DESCRIPTION_ONLY,,skill_family_catalog.csv + zsSkills_language.dat; no static skill→icon table in DEX/jar
17312,173,Lãnh Nguyệt Trảm,Cold Moon Slash,,UNKNOWN,pgg 5.pgg; index=iconId-5*1000; RoleSkill.iconId is packet field (GameWorld.java:16761 / RoleSkillList.setIconList),UNKNOWN,,DESCRIPTION_ONLY,,skill_family_catalog.csv + zsSkills_language.dat; no static skill→icon table in DEX/jar
17313,173,Lãnh Huyết,Cold Blood,,UNKNOWN,pgg 5.pgg; index=iconId-5*1000; RoleSkill.iconId is packet field (GameWorld.java:16761 / RoleSkillList.setIconList),UNKNOWN,,DESCRIPTION_ONLY,,skill_family_catalog.csv + zsSkills_language.dat; no static skill→icon table in DEX/jar
17314,173,Lãnh Huyết,Cold Blood,,UNKNOWN,pgg 5.pgg; index=iconId-5*1000; RoleSkill.iconId is packet field (GameWorld.java:16761 / RoleSkillList.setIconList),UNKNOWN,,DESCRIPTION_ONLY,,skill_family_catalog.csv + zsSkills_language.dat; no static skill→icon table in DEX/jar
17315,173,Lãnh Huyết,Cold Blood,,UNKNOWN,pgg 5.pgg; index=iconId-5*1000; RoleSkill.iconId is packet field (GameWorld.java:16761 / RoleSkillList.setIconList),UNKNOWN,,DESCRIPTION_ONLY,,skill_family_catalog.csv + zsSkills_language.dat; no static skill→icon table in DEX/jar
17316,173,Lãnh Huyết,Cold Blood,,UNKNOWN,pgg 5.pgg; index=iconId-5*1000; RoleSkill.iconId is packet field (GameWorld.java:16761 / RoleSkillList.setIconList),UNKNOWN,,DESCRIPTION_ONLY,,skill_family_catalog.csv + zsSkills_language.dat; no static skill→icon table in DEX/jar
17317,173,Lãnh Huyết,Cold Blood,,UNKNOWN,pgg 5.pgg; index=iconId-5*1000; RoleSkill.iconId is packet field (GameWorld.java:16761 / RoleSkillList.setIconList),UNKNOWN,,DESCRIPTION_ONLY,,skill_family_catalog.csv + zsSkills_language.dat; no static skill→icon table in DEX/jar
17318,173,Lãnh Huyết,Cold Blood,,UNKNOWN,pgg 5.pgg; index=iconId-5*1000; RoleSkill.iconId is packet field (GameWorld.java:16761 / RoleSkillList.setIconList),UNKNOWN,,DESCRIPTION_ONLY,,skill_family_catalog.csv + zsSkills_language.dat; no static skill→icon table in DEX/jar
17319,173,Lãnh Đao Khách,Cold Blade Warrior,,UNKNOWN,pgg 5.pgg; index=iconId-5*1000; RoleSkill.iconId is packet field (GameWorld.java:16761 / RoleSkillList.setIconList),UNKNOWN,,DESCRIPTION_ONLY,,skill_family_catalog.csv + zsSkills_language.dat; no static skill→icon table in DEX/jar
17320,173,Lãnh Đao Khách,Cold Blade Warrior,,UNKNOWN,pgg 5.pgg; index=iconId-5*1000; RoleSkill.iconId is packet field (GameWorld.java:16761 / RoleSkillList.setIconList),UNKNOWN,,DESCRIPTION_ONLY,,skill_family_catalog.csv + zsSkills_language.dat; no static skill→icon table in DEX/jar
17321,173,Lãnh Đao Khách,Cold Blade Warrior,,UNKNOWN,pgg 5.pgg; index=iconId-5*1000; RoleSkill.iconId is packet field (GameWorld.java:16761 / RoleSkillList.setIconList),UNKNOWN,,DESCRIPTION_ONLY,,skill_family_catalog.csv + zsSkills_language.dat; no static skill→icon table in DEX/jar
17322,173,Lãnh Đao Khách,Cold Blade Warrior,,UNKNOWN,pgg 5.pgg; index=iconId-5*1000; RoleSkill.iconId is packet field (GameWorld.java:16761 / RoleSkillList.setIconList),UNKNOWN,,DESCRIPTION_ONLY,,skill_family_catalog.csv + zsSkills_language.dat; no static skill→icon table in DEX/jar
17323,173,Lãnh Đao Khách,Cold Blade Warrior,,UNKNOWN,pgg 5.pgg; index=iconId-5*1000; RoleSkill.iconId is packet field (GameWorld.java:16761 / RoleSkillList.setIconList),UNKNOWN,,DESCRIPTION_ONLY,,skill_family_catalog.csv + zsSkills_language.dat; no static skill→icon table in DEX/jar
17324,173,Lãnh Đao Khách,Cold Blade Warrior,,UNKNOWN,pgg 5.pgg; index=iconId-5*1000; RoleSkill.iconId is packet field (GameWorld.java:16761 / RoleSkillList.setIconList),UNKNOWN,,DESCRIPTION_ONLY,,skill_family_catalog.csv + zsSkills_language.dat; no static skill→icon table in DEX/jar
17327,173,Đoạn Cảnh Trảm,Realm Severing Slash,,UNKNOWN,pgg 5.pgg; index=iconId-5*1000; RoleSkill.iconId is packet field (GameWorld.java:16761 / RoleSkillList.setIconList),UNKNOWN,,DESCRIPTION_ONLY,,skill_family_catalog.csv + zsSkills_language.dat; no static skill→icon table in DEX/jar
17328,173,Đoạn Cảnh Trảm,Realm Severing Slash,,UNKNOWN,pgg 5.pgg; index=iconId-5*1000; RoleSkill.iconId is packet field (GameWorld.java:16761 / RoleSkillList.setIconList),UNKNOWN,,DESCRIPTION_ONLY,,skill_family_catalog.csv + zsSkills_language.dat; no static skill→icon table in DEX/jar
17329,173,Đoạn Cảnh Trảm,Realm Severing Slash,,UNKNOWN,pgg 5.pgg; index=iconId-5*1000; RoleSkill.iconId is packet field (GameWorld.java:16761 / RoleSkillList.setIconList),UNKNOWN,,DESCRIPTION_ONLY,,skill_family_catalog.csv + zsSkills_language.dat; no static skill→icon table in DEX/jar
17330,173,Đoạn Cảnh Trảm,Realm Severing Slash,,UNKNOWN,pgg 5.pgg; index=iconId-5*1000; RoleSkill.iconId is packet field (GameWorld.java:16761 / RoleSkillList.setIconList),UNKNOWN,,DESCRIPTION_ONLY,,skill_family_catalog.csv + zsSkills_language.dat; no static skill→icon table in DEX/jar
17331,173,Đoạn Cảnh Trảm,Realm Severing Slash,,UNKNOWN,pgg 5.pgg; index=iconId-5*1000; RoleSkill.iconId is packet field (GameWorld.java:16761 / RoleSkillList.setIconList),UNKNOWN,,DESCRIPTION_ONLY,,skill_family_catalog.csv + zsSkills_language.dat; no static skill→icon table in DEX/jar
17332,173,Đoạn Cảnh Trảm,Realm Severing Slash,,UNKNOWN,pgg 5.pgg; index=iconId-5*1000; RoleSkill.iconId is packet field (GameWorld.java:16761 / RoleSkillList.setIconList),UNKNOWN,,DESCRIPTION_ONLY,,skill_family_catalog.csv + zsSkills_language.dat; no static skill→icon table in DEX/jar
17333,173,Sát Ý,Killing Intent,,UNKNOWN,pgg 5.pgg; index=iconId-5*1000; RoleSkill.iconId is packet field (GameWorld.java:16761 / RoleSkillList.setIconList),UNKNOWN,,DESCRIPTION_ONLY,,skill_family_catalog.csv + zsSkills_language.dat; no static skill→icon table in DEX/jar
17334,173,Sát Ý,Killing Intent,,UNKNOWN,pgg 5.pgg; index=iconId-5*1000; RoleSkill.iconId is packet field (GameWorld.java:16761 / RoleSkillList.setIconList),UNKNOWN,,DESCRIPTION_ONLY,,skill_family_catalog.csv + zsSkills_language.dat; no static skill→icon table in DEX/jar
17335,173,Sát Ý,Killing Intent,,UNKNOWN,pgg 5.pgg; index=iconId-5*1000; RoleSkill.iconId is packet field (GameWorld.java:16761 / RoleSkillList.setIconList),UNKNOWN,,DESCRIPTION_ONLY,,skill_family_catalog.csv + zsSkills_language.dat; no static skill→icon table in DEX/jar
17336,173,Sát Ý,Killing Intent,,UNKNOWN,pgg 5.pgg; index=iconId-5*1000; RoleSkill.iconId is packet field (GameWorld.java:16761 / RoleSkillList.setIconList),UNKNOWN,,DESCRIPTION_ONLY,,skill_family_catalog.csv + zsSkills_language.dat; no static skill→icon table in DEX/jar
17337,173,Sát Ý,Killing Intent,,UNKNOWN,pgg 5.pgg; index=iconId-5*1000; RoleSkill.iconId is packet field (GameWorld.java:16761 / RoleSkillList.setIconList),UNKNOWN,,DESCRIPTION_ONLY,,skill_family_catalog.csv + zsSkills_language.dat; no static skill→icon table in DEX/jar
17338,173,Sát Ý,Killing Intent,,UNKNOWN,pgg 5.pgg; index=iconId-5*1000; RoleSkill.iconId is packet field (GameWorld.java:16761 / RoleSkillList.setIconList),UNKNOWN,,DESCRIPTION_ONLY,,skill_family_catalog.csv + zsSkills_language.dat; no static skill→icon table in DEX/jar
17339,173,Huyết Tế Thị Hồn,Blood Sacrifice Soul Devour,,UNKNOWN,pgg 5.pgg; index=iconId-5*1000; RoleSkill.iconId is packet field (GameWorld.java:16761 / RoleSkillList.setIconList),UNKNOWN,,DESCRIPTION_ONLY,,skill_family_catalog.csv + zsSkills_language.dat; no static skill→icon table in DEX/jar
17340,173,Huyết Tế Thị Hồn,Blood Sacrifice Soul Devour,,UNKNOWN,pgg 5.pgg; index=iconId-5*1000; RoleSkill.iconId is packet field (GameWorld.java:16761 / RoleSkillList.setIconList),UNKNOWN,,DESCRIPTION_ONLY,,skill_family_catalog.csv + zsSkills_language.dat; no static skill→icon table in DEX/jar
17341,173,Tôi Độc,Poison Infusion,,UNKNOWN,pgg 5.pgg; index=iconId-5*1000; RoleSkill.iconId is packet field (GameWorld.java:16761 / RoleSkillList.setIconList),UNKNOWN,,DESCRIPTION_ONLY,,skill_family_catalog.csv + zsSkills_language.dat; no static skill→icon table in DEX/jar
17342,173,Tôi Độc,Poison Infusion,,UNKNOWN,pgg 5.pgg; index=iconId-5*1000; RoleSkill.iconId is packet field (GameWorld.java:16761 / RoleSkillList.setIconList),UNKNOWN,,DESCRIPTION_ONLY,,skill_family_catalog.csv + zsSkills_language.dat; no static skill→icon table in DEX/jar
17343,173,Tôi Độc,Poison Infusion,,UNKNOWN,pgg 5.pgg; index=iconId-5*1000; RoleSkill.iconId is packet field (GameWorld.java:16761 / RoleSkillList.setIconList),UNKNOWN,,DESCRIPTION_ONLY,,skill_family_catalog.csv + zsSkills_language.dat; no static skill→icon table in DEX/jar
17344,173,Tôi Độc,Poison Infusion,,UNKNOWN,pgg 5.pgg; index=iconId-5*1000; RoleSkill.iconId is packet field (GameWorld.java:16761 / RoleSkillList.setIconList),UNKNOWN,,DESCRIPTION_ONLY,,skill_family_catalog.csv + zsSkills_language.dat; no static skill→icon table in DEX/jar
17345,173,Tôi Độc,Poison Infusion,,UNKNOWN,pgg 5.pgg; index=iconId-5*1000; RoleSkill.iconId is packet field (GameWorld.java:16761 / RoleSkillList.setIconList),UNKNOWN,,DESCRIPTION_ONLY,,skill_family_catalog.csv + zsSkills_language.dat; no static skill→icon table in DEX/jar
17346,173,Tôi Độc,Poison Infusion,,UNKNOWN,pgg 5.pgg; index=iconId-5*1000; RoleSkill.iconId is packet field (GameWorld.java:16761 / RoleSkillList.setIconList),UNKNOWN,,DESCRIPTION_ONLY,,skill_family_catalog.csv + zsSkills_language.dat; no static skill→icon table in DEX/jar
17347,173,Ảnh Nguyệt Liệt Ảnh,Shadow Moon Split Shadow,,UNKNOWN,pgg 5.pgg; index=iconId-5*1000; RoleSkill.iconId is packet field (GameWorld.java:16761 / RoleSkillList.setIconList),UNKNOWN,,DESCRIPTION_ONLY,,skill_family_catalog.csv + zsSkills_language.dat; no static skill→icon table in DEX/jar
17348,173,Ảnh Nguyệt Liệt Ảnh,Shadow Moon Split Shadow,,UNKNOWN,pgg 5.pgg; index=iconId-5*1000; RoleSkill.iconId is packet field (GameWorld.java:16761 / RoleSkillList.setIconList),UNKNOWN,,DESCRIPTION_ONLY,,skill_family_catalog.csv + zsSkills_language.dat; no static skill→icon table in DEX/jar
17349,173,Ảnh Nguyệt Liệt Ảnh,Shadow Moon Split Shadow,,UNKNOWN,pgg 5.pgg; index=iconId-5*1000; RoleSkill.iconId is packet field (GameWorld.java:16761 / RoleSkillList.setIconList),UNKNOWN,,DESCRIPTION_ONLY,,skill_family_catalog.csv + zsSkills_language.dat; no static skill→icon table in DEX/jar
17350,173,Ảnh Nguyệt Liệt Ảnh,Shadow Moon Split Shadow,,UNKNOWN,pgg 5.pgg; index=iconId-5*1000; RoleSkill.iconId is packet field (GameWorld.java:16761 / RoleSkillList.setIconList),UNKNOWN,,DESCRIPTION_ONLY,,skill_family_catalog.csv + zsSkills_language.dat; no static skill→icon table in DEX/jar
17351,173,Ảnh Nguyệt Liệt Ảnh,Shadow Moon Split Shadow,,UNKNOWN,pgg 5.pgg; index=iconId-5*1000; RoleSkill.iconId is packet field (GameWorld.java:16761 / RoleSkillList.setIconList),UNKNOWN,,DESCRIPTION_ONLY,,skill_family_catalog.csv + zsSkills_language.dat; no static skill→icon table in DEX/jar
17352,173,Ảnh Nguyệt Liệt Ảnh,Shadow Moon Split Shadow,,UNKNOWN,pgg 5.pgg; index=iconId-5*1000; RoleSkill.iconId is packet field (GameWorld.java:16761 / RoleSkillList.setIconList),UNKNOWN,,DESCRIPTION_ONLY,,skill_family_catalog.csv + zsSkills_language.dat; no static skill→icon table in DEX/jar
17353,173,Vạn Độc Thực Tượng,Myriad Poison Devour,,UNKNOWN,pgg 5.pgg; index=iconId-5*1000; RoleSkill.iconId is packet field (GameWorld.java:16761 / RoleSkillList.setIconList),UNKNOWN,,DESCRIPTION_ONLY,,skill_family_catalog.csv + zsSkills_language.dat; no static skill→icon table in DEX/jar
17354,173,Vạn Độc Thực Tượng,Myriad Poison Devour,,UNKNOWN,pgg 5.pgg; index=iconId-5*1000; RoleSkill.iconId is packet field (GameWorld.java:16761 / RoleSkillList.setIconList),UNKNOWN,,DESCRIPTION_ONLY,,skill_family_catalog.csv + zsSkills_language.dat; no static skill→icon table in DEX/jar
17355,173,Vạn Độc Thực Tượng,Myriad Poison Devour,,UNKNOWN,pgg 5.pgg; index=iconId-5*1000; RoleSkill.iconId is packet field (GameWorld.java:16761 / RoleSkillList.setIconList),UNKNOWN,,DESCRIPTION_ONLY,,skill_family_catalog.csv + zsSkills_language.dat; no static skill→icon table in DEX/jar
17356,173,Vạn Độc Thực Tượng,Myriad Poison Devour,,UNKNOWN,pgg 5.pgg; index=iconId-5*1000; RoleSkill.iconId is packet field (GameWorld.java:16761 / RoleSkillList.setIconList),UNKNOWN,,DESCRIPTION_ONLY,,skill_family_catalog.csv + zsSkills_language.dat; no static skill→icon table in DEX/jar
17357,173,Vạn Độc Thực Tượng,Myriad Poison Devour,,UNKNOWN,pgg 5.pgg; index=iconId-5*1000; RoleSkill.iconId is packet field (GameWorld.java:16761 / RoleSkillList.setIconList),UNKNOWN,,DESCRIPTION_ONLY,,skill_family_catalog.csv + zsSkills_language.dat; no static skill→icon table in DEX/jar
17358,173,Vạn Độc Thực Tượng,Myriad Poison Devour,,UNKNOWN,pgg 5.pgg; index=iconId-5*1000; RoleSkill.iconId is packet field (GameWorld.java:16761 / RoleSkillList.setIconList),UNKNOWN,,DESCRIPTION_ONLY,,skill_family_catalog.csv + zsSkills_language.dat; no static skill→icon table in DEX/jar
17359,173,Vô Ảnh Thứ,Shadowless Strike,,UNKNOWN,pgg 5.pgg; index=iconId-5*1000; RoleSkill.iconId is packet field (GameWorld.java:16761 / RoleSkillList.setIconList),UNKNOWN,,DESCRIPTION_ONLY,,skill_family_catalog.csv + zsSkills_language.dat; no static skill→icon table in DEX/jar
17360,173,Vô Ảnh Thứ,Shadowless Strike,,UNKNOWN,pgg 5.pgg; index=iconId-5*1000; RoleSkill.iconId is packet field (GameWorld.java:16761 / RoleSkillList.setIconList),UNKNOWN,,DESCRIPTION_ONLY,,skill_family_catalog.csv + zsSkills_language.dat; no static skill→icon table in DEX/jar
17361,173,Vô Ảnh Thứ,Shadowless Strike,,UNKNOWN,pgg 5.pgg; index=iconId-5*1000; RoleSkill.iconId is packet field (GameWorld.java:16761 / RoleSkillList.setIconList),UNKNOWN,,DESCRIPTION_ONLY,,skill_family_catalog.csv + zsSkills_language.dat; no static skill→icon table in DEX/jar
17362,173,Vô Ảnh Thứ,Shadowless Strike,,UNKNOWN,pgg 5.pgg; index=iconId-5*1000; RoleSkill.iconId is packet field (GameWorld.java:16761 / RoleSkillList.setIconList),UNKNOWN,,DESCRIPTION_ONLY,,skill_family_catalog.csv + zsSkills_language.dat; no static skill→icon table in DEX/jar
17363,173,Vô Ảnh Thứ,Shadowless Strike,,UNKNOWN,pgg 5.pgg; index=iconId-5*1000; RoleSkill.iconId is packet field (GameWorld.java:16761 / RoleSkillList.setIconList),UNKNOWN,,DESCRIPTION_ONLY,,skill_family_catalog.csv + zsSkills_language.dat; no static skill→icon table in DEX/jar
17364,173,Vô Ảnh Thứ,Shadowless Strike,,UNKNOWN,pgg 5.pgg; index=iconId-5*1000; RoleSkill.iconId is packet field (GameWorld.java:16761 / RoleSkillList.setIconList),UNKNOWN,,DESCRIPTION_ONLY,,skill_family_catalog.csv + zsSkills_language.dat; no static skill→icon table in DEX/jar
17365,173,Thực Cốt Hủ Độc,Bone Corroding Poison,,UNKNOWN,pgg 5.pgg; index=iconId-5*1000; RoleSkill.iconId is packet field (GameWorld.java:16761 / RoleSkillList.setIconList),UNKNOWN,,DESCRIPTION_ONLY,,skill_family_catalog.csv + zsSkills_language.dat; no static skill→icon table in DEX/jar
17366,173,Thực Cốt Hủ Độc,Bone Corroding Poison,,UNKNOWN,pgg 5.pgg; index=iconId-5*1000; RoleSkill.iconId is packet field (GameWorld.java:16761 / RoleSkillList.setIconList),UNKNOWN,,DESCRIPTION_ONLY,,skill_family_catalog.csv + zsSkills_language.dat; no static skill→icon table in DEX/jar
17367,173,Thực Cốt Hủ Độc,Bone Corroding Poison,,UNKNOWN,pgg 5.pgg; index=iconId-5*1000; RoleSkill.iconId is packet field (GameWorld.java:16761 / RoleSkillList.setIconList),UNKNOWN,,DESCRIPTION_ONLY,,skill_family_catalog.csv + zsSkills_language.dat; no static skill→icon table in DEX/jar
17368,173,Thực Cốt Hủ Độc,Bone Corroding Poison,,UNKNOWN,pgg 5.pgg; index=iconId-5*1000; RoleSkill.iconId is packet field (GameWorld.java:16761 / RoleSkillList.setIconList),UNKNOWN,,DESCRIPTION_ONLY,,skill_family_catalog.csv + zsSkills_language.dat; no static skill→icon table in DEX/jar
17369,173,Thực Cốt Hủ Độc,Bone Corroding Poison,,UNKNOWN,pgg 5.pgg; index=iconId-5*1000; RoleSkill.iconId is packet field (GameWorld.java:16761 / RoleSkillList.setIconList),UNKNOWN,,DESCRIPTION_ONLY,,skill_family_catalog.csv + zsSkills_language.dat; no static skill→icon table in DEX/jar
17370,173,Thực Cốt Hủ Độc,Bone Corroding Poison,,UNKNOWN,pgg 5.pgg; index=iconId-5*1000; RoleSkill.iconId is packet field (GameWorld.java:16761 / RoleSkillList.setIconList),UNKNOWN,,DESCRIPTION_ONLY,,skill_family_catalog.csv + zsSkills_language.dat; no static skill→icon table in DEX/jar
17371,173,Kiếm Vũ Giả,Sword Dancer,,UNKNOWN,pgg 5.pgg; index=iconId-5*1000; RoleSkill.iconId is packet field (GameWorld.java:16761 / RoleSkillList.setIconList),UNKNOWN,,DESCRIPTION_ONLY,,skill_family_catalog.csv + zsSkills_language.dat; no static skill→icon table in DEX/jar
17372,173,Kiếm Vũ Giả,Sword Dancer,,UNKNOWN,pgg 5.pgg; index=iconId-5*1000; RoleSkill.iconId is packet field (GameWorld.java:16761 / RoleSkillList.setIconList),UNKNOWN,,DESCRIPTION_ONLY,,skill_family_catalog.csv + zsSkills_language.dat; no static skill→icon table in DEX/jar
17373,173,Kiếm Vũ Giả,Sword Dancer,,UNKNOWN,pgg 5.pgg; index=iconId-5*1000; RoleSkill.iconId is packet field (GameWorld.java:16761 / RoleSkillList.setIconList),UNKNOWN,,DESCRIPTION_ONLY,,skill_family_catalog.csv + zsSkills_language.dat; no static skill→icon table in DEX/jar
17374,173,Kiếm Vũ Giả,Sword Dancer,,UNKNOWN,pgg 5.pgg; index=iconId-5*1000; RoleSkill.iconId is packet field (GameWorld.java:16761 / RoleSkillList.setIconList),UNKNOWN,,DESCRIPTION_ONLY,,skill_family_catalog.csv + zsSkills_language.dat; no static skill→icon table in DEX/jar
17375,173,Kiếm Vũ Giả,Sword Dancer,,UNKNOWN,pgg 5.pgg; index=iconId-5*1000; RoleSkill.iconId is packet field (GameWorld.java:16761 / RoleSkillList.setIconList),UNKNOWN,,DESCRIPTION_ONLY,,skill_family_catalog.csv + zsSkills_language.dat; no static skill→icon table in DEX/jar
17376,173,Kiếm Vũ Giả,Sword Dancer,,UNKNOWN,pgg 5.pgg; index=iconId-5*1000; RoleSkill.iconId is packet field (GameWorld.java:16761 / RoleSkillList.setIconList),UNKNOWN,,DESCRIPTION_ONLY,,skill_family_catalog.csv + zsSkills_language.dat; no static skill→icon table in DEX/jar
17377,173,Ngưng Nhi Bất Tán,Unbroken Concentration,,UNKNOWN,pgg 5.pgg; index=iconId-5*1000; RoleSkill.iconId is packet field (GameWorld.java:16761 / RoleSkillList.setIconList),UNKNOWN,,DESCRIPTION_ONLY,,skill_family_catalog.csv + zsSkills_language.dat; no static skill→icon table in DEX/jar
17378,173,Ngưng Nhi Bất Tán,Unbroken Concentration,,UNKNOWN,pgg 5.pgg; index=iconId-5*1000; RoleSkill.iconId is packet field (GameWorld.java:16761 / RoleSkillList.setIconList),UNKNOWN,,DESCRIPTION_ONLY,,skill_family_catalog.csv + zsSkills_language.dat; no static skill→icon table in DEX/jar
17379,173,Ngưng Nhi Bất Tán,Unbroken Concentration,,UNKNOWN,pgg 5.pgg; index=iconId-5*1000; RoleSkill.iconId is packet field (GameWorld.java:16761 / RoleSkillList.setIconList),UNKNOWN,,DESCRIPTION_ONLY,,skill_family_catalog.csv + zsSkills_language.dat; no static skill→icon table in DEX/jar
17380,173,Ngưng Nhi Bất Tán,Unbroken Concentration,,UNKNOWN,pgg 5.pgg; index=iconId-5*1000; RoleSkill.iconId is packet field (GameWorld.java:16761 / RoleSkillList.setIconList),UNKNOWN,,DESCRIPTION_ONLY,,skill_family_catalog.csv + zsSkills_language.dat; no static skill→icon table in DEX/jar
17381,173,Ngưng Nhi Bất Tán,Unbroken Concentration,,UNKNOWN,pgg 5.pgg; index=iconId-5*1000; RoleSkill.iconId is packet field (GameWorld.java:16761 / RoleSkillList.setIconList),UNKNOWN,,DESCRIPTION_ONLY,,skill_family_catalog.csv + zsSkills_language.dat; no static skill→icon table in DEX/jar
17382,173,Ngưng Nhi Bất Tán,Unbroken Concentration,,UNKNOWN,pgg 5.pgg; index=iconId-5*1000; RoleSkill.iconId is packet field (GameWorld.java:16761 / RoleSkillList.setIconList),UNKNOWN,,DESCRIPTION_ONLY,,skill_family_catalog.csv + zsSkills_language.dat; no static skill→icon table in DEX/jar
17383,173,Hủ Độc Chi Ba,Wave of Corrupt Poison,,UNKNOWN,pgg 5.pgg; index=iconId-5*1000; RoleSkill.iconId is packet field (GameWorld.java:16761 / RoleSkillList.setIconList),UNKNOWN,,DESCRIPTION_ONLY,,skill_family_catalog.csv + zsSkills_language.dat; no static skill→icon table in DEX/jar
17384,173,Hủ Độc Chi Ba,Wave of Corrupt Poison,,UNKNOWN,pgg 5.pgg; index=iconId-5*1000; RoleSkill.iconId is packet field (GameWorld.java:16761 / RoleSkillList.setIconList),UNKNOWN,,DESCRIPTION_ONLY,,skill_family_catalog.csv + zsSkills_language.dat; no static skill→icon table in DEX/jar
17385,173,Hủ Độc Chi Ba,Wave of Corrupt Poison,,UNKNOWN,pgg 5.pgg; index=iconId-5*1000; RoleSkill.iconId is packet field (GameWorld.java:16761 / RoleSkillList.setIconList),UNKNOWN,,DESCRIPTION_ONLY,,skill_family_catalog.csv + zsSkills_language.dat; no static skill→icon table in DEX/jar
17386,173,Hủ Độc Chi Ba,Wave of Corrupt Poison,,UNKNOWN,pgg 5.pgg; index=iconId-5*1000; RoleSkill.iconId is packet field (GameWorld.java:16761 / RoleSkillList.setIconList),UNKNOWN,,DESCRIPTION_ONLY,,skill_family_catalog.csv + zsSkills_language.dat; no static skill→icon table in DEX/jar
17387,173,Hủ Độc Chi Ba,Wave of Corrupt Poison,,UNKNOWN,pgg 5.pgg; index=iconId-5*1000; RoleSkill.iconId is packet field (GameWorld.java:16761 / RoleSkillList.setIconList),UNKNOWN,,DESCRIPTION_ONLY,,skill_family_catalog.csv + zsSkills_language.dat; no static skill→icon table in DEX/jar
17388,173,Hủ Độc Chi Ba,Wave of Corrupt Poison,,UNKNOWN,pgg 5.pgg; index=iconId-5*1000; RoleSkill.iconId is packet field (GameWorld.java:16761 / RoleSkillList.setIconList),UNKNOWN,,DESCRIPTION_ONLY,,skill_family_catalog.csv + zsSkills_language.dat; no static skill→icon table in DEX/jar
17389,173,Kiếm Huyết Phong Hầu,Bloodseal Throat Strike,,UNKNOWN,pgg 5.pgg; index=iconId-5*1000; RoleSkill.iconId is packet field (GameWorld.java:16761 / RoleSkillList.setIconList),UNKNOWN,,DESCRIPTION_ONLY,,skill_family_catalog.csv + zsSkills_language.dat; no static skill→icon table in DEX/jar
17390,173,Kiếm Huyết Phong Hầu,Bloodseal Throat Strike,,UNKNOWN,pgg 5.pgg; index=iconId-5*1000; RoleSkill.iconId is packet field (GameWorld.java:16761 / RoleSkillList.setIconList),UNKNOWN,,DESCRIPTION_ONLY,,skill_family_catalog.csv + zsSkills_language.dat; no static skill→icon table in DEX/jar
17391,173,Kiếm Huyết Phong Hầu,Bloodseal Throat Strike,,UNKNOWN,pgg 5.pgg; index=iconId-5*1000; RoleSkill.iconId is packet field (GameWorld.java:16761 / RoleSkillList.setIconList),UNKNOWN,,DESCRIPTION_ONLY,,skill_family_catalog.csv + zsSkills_language.dat; no static skill→icon table in DEX/jar
17392,173,Kiếm Huyết Phong Hầu,Bloodseal Throat Strike,,UNKNOWN,pgg 5.pgg; index=iconId-5*1000; RoleSkill.iconId is packet field (GameWorld.java:16761 / RoleSkillList.setIconList),UNKNOWN,,DESCRIPTION_ONLY,,skill_family_catalog.csv + zsSkills_language.dat; no static skill→icon table in DEX/jar
17393,173,Kiếm Huyết Phong Hầu,Bloodseal Throat Strike,,UNKNOWN,pgg 5.pgg; index=iconId-5*1000; RoleSkill.iconId is packet field (GameWorld.java:16761 / RoleSkillList.setIconList),UNKNOWN,,DESCRIPTION_ONLY,,skill_family_catalog.csv + zsSkills_language.dat; no static skill→icon table in DEX/jar
17394,173,Kiếm Huyết Phong Hầu,Bloodseal Throat Strike,,UNKNOWN,pgg 5.pgg; index=iconId-5*1000; RoleSkill.iconId is packet field (GameWorld.java:16761 / RoleSkillList.setIconList),UNKNOWN,,DESCRIPTION_ONLY,,skill_family_catalog.csv + zsSkills_language.dat; no static skill→icon table in DEX/jar
17395,173,Bạo Vũ Lê Hoa,Pear Blossom Storm,,UNKNOWN,pgg 5.pgg; index=iconId-5*1000; RoleSkill.iconId is packet field (GameWorld.java:16761 / RoleSkillList.setIconList),UNKNOWN,,DESCRIPTION_ONLY,,skill_family_catalog.csv + zsSkills_language.dat; no static skill→icon table in DEX/jar
17396,173,Bạo Vũ Lê Hoa,Pear Blossom Storm,,UNKNOWN,pgg 5.pgg; index=iconId-5*1000; RoleSkill.iconId is packet field (GameWorld.java:16761 / RoleSkillList.setIconList),UNKNOWN,,DESCRIPTION_ONLY,,skill_family_catalog.csv + zsSkills_language.dat; no static skill→icon table in DEX/jar
17397,173,Phi Kiếm,Flying Sword,,UNKNOWN,pgg 5.pgg; index=iconId-5*1000; RoleSkill.iconId is packet field (GameWorld.java:16761 / RoleSkillList.setIconList),UNKNOWN,,DESCRIPTION_ONLY,,skill_family_catalog.csv + zsSkills_language.dat; no static skill→icon table in DEX/jar
17398,173,Phi Kiếm,Flying Sword,,UNKNOWN,pgg 5.pgg; index=iconId-5*1000; RoleSkill.iconId is packet field (GameWorld.java:16761 / RoleSkillList.setIconList),UNKNOWN,,DESCRIPTION_ONLY,,skill_family_catalog.csv + zsSkills_language.dat; no static skill→icon table in DEX/jar
17399,173,Phi Kiếm,Flying Sword,,UNKNOWN,pgg 5.pgg; index=iconId-5*1000; RoleSkill.iconId is packet field (GameWorld.java:16761 / RoleSkillList.setIconList),UNKNOWN,,DESCRIPTION_ONLY,,skill_family_catalog.csv + zsSkills_language.dat; no static skill→icon table in DEX/jar
17400,174,Phi Kiếm,Flying Sword,,UNKNOWN,pgg 5.pgg; index=iconId-5*1000; RoleSkill.iconId is packet field (GameWorld.java:16761 / RoleSkillList.setIconList),UNKNOWN,,DESCRIPTION_ONLY,,skill_family_catalog.csv + zsSkills_language.dat; no static skill→icon table in DEX/jar
17401,174,Phi Kiếm,Flying Sword,,UNKNOWN,pgg 5.pgg; index=iconId-5*1000; RoleSkill.iconId is packet field (GameWorld.java:16761 / RoleSkillList.setIconList),UNKNOWN,,DESCRIPTION_ONLY,,skill_family_catalog.csv + zsSkills_language.dat; no static skill→icon table in DEX/jar
17402,174,Phi Kiếm,Flying Sword,,UNKNOWN,pgg 5.pgg; index=iconId-5*1000; RoleSkill.iconId is packet field (GameWorld.java:16761 / RoleSkillList.setIconList),UNKNOWN,,DESCRIPTION_ONLY,,skill_family_catalog.csv + zsSkills_language.dat; no static skill→icon table in DEX/jar
17403,174,Ngự Kiếm Thuật,Sword Control Art,,UNKNOWN,pgg 5.pgg; index=iconId-5*1000; RoleSkill.iconId is packet field (GameWorld.java:16761 / RoleSkillList.setIconList),UNKNOWN,,DESCRIPTION_ONLY,,skill_family_catalog.csv + zsSkills_language.dat; no static skill→icon table in DEX/jar
17404,174,Ngự Kiếm Thuật,Sword Control Art,,UNKNOWN,pgg 5.pgg; index=iconId-5*1000; RoleSkill.iconId is packet field (GameWorld.java:16761 / RoleSkillList.setIconList),UNKNOWN,,DESCRIPTION_ONLY,,skill_family_catalog.csv + zsSkills_language.dat; no static skill→icon table in DEX/jar
17405,174,Ngự Kiếm Thuật,Sword Control Art,,UNKNOWN,pgg 5.pgg; index=iconId-5*1000; RoleSkill.iconId is packet field (GameWorld.java:16761 / RoleSkillList.setIconList),UNKNOWN,,DESCRIPTION_ONLY,,skill_family_catalog.csv + zsSkills_language.dat; no static skill→icon table in DEX/jar
17406,174,Ngự Kiếm Thuật,Sword Control Art,,UNKNOWN,pgg 5.pgg; index=iconId-5*1000; RoleSkill.iconId is packet field (GameWorld.java:16761 / RoleSkillList.setIconList),UNKNOWN,,DESCRIPTION_ONLY,,skill_family_catalog.csv + zsSkills_language.dat; no static skill→icon table in DEX/jar
17407,174,Ngự Kiếm Thuật,Sword Control Art,,UNKNOWN,pgg 5.pgg; index=iconId-5*1000; RoleSkill.iconId is packet field (GameWorld.java:16761 / RoleSkillList.setIconList),UNKNOWN,,DESCRIPTION_ONLY,,skill_family_catalog.csv + zsSkills_language.dat; no static skill→icon table in DEX/jar
17408,174,Ngự Kiếm Thuật,Sword Control Art,,UNKNOWN,pgg 5.pgg; index=iconId-5*1000; RoleSkill.iconId is packet field (GameWorld.java:16761 / RoleSkillList.setIconList),UNKNOWN,,DESCRIPTION_ONLY,,skill_family_catalog.csv + zsSkills_language.dat; no static skill→icon table in DEX/jar
17409,174,Khí Liệu Thuật,Qi Healing Art,,UNKNOWN,pgg 5.pgg; index=iconId-5*1000; RoleSkill.iconId is packet field (GameWorld.java:16761 / RoleSkillList.setIconList),UNKNOWN,,DESCRIPTION_ONLY,,skill_family_catalog.csv + zsSkills_language.dat; no static skill→icon table in DEX/jar
17410,174,Khí Liệu Thuật,Qi Healing Art,,UNKNOWN,pgg 5.pgg; index=iconId-5*1000; RoleSkill.iconId is packet field (GameWorld.java:16761 / RoleSkillList.setIconList),UNKNOWN,,DESCRIPTION_ONLY,,skill_family_catalog.csv + zsSkills_language.dat; no static skill→icon table in DEX/jar
17411,174,Khí Liệu Thuật,Qi Healing Art,,UNKNOWN,pgg 5.pgg; index=iconId-5*1000; RoleSkill.iconId is packet field (GameWorld.java:16761 / RoleSkillList.setIconList),UNKNOWN,,DESCRIPTION_ONLY,,skill_family_catalog.csv + zsSkills_language.dat; no static skill→icon table in DEX/jar
17412,174,Khí Liệu Thuật,Qi Healing Art,,UNKNOWN,pgg 5.pgg; index=iconId-5*1000; RoleSkill.iconId is packet field (GameWorld.java:16761 / RoleSkillList.setIconList),UNKNOWN,,DESCRIPTION_ONLY,,skill_family_catalog.csv + zsSkills_language.dat; no static skill→icon table in DEX/jar
17413,174,Khí Liệu Thuật,Qi Healing Art,,UNKNOWN,pgg 5.pgg; index=iconId-5*1000; RoleSkill.iconId is packet field (GameWorld.java:16761 / RoleSkillList.setIconList),UNKNOWN,,DESCRIPTION_ONLY,,skill_family_catalog.csv + zsSkills_language.dat; no static skill→icon table in DEX/jar
17414,174,Khí Liệu Thuật,Qi Healing Art,,UNKNOWN,pgg 5.pgg; index=iconId-5*1000; RoleSkill.iconId is packet field (GameWorld.java:16761 / RoleSkillList.setIconList),UNKNOWN,,DESCRIPTION_ONLY,,skill_family_catalog.csv + zsSkills_language.dat; no static skill→icon table in DEX/jar
17415,174,Linh Phiến Dược Sư,Spirit Fan Apothecary,,UNKNOWN,pgg 5.pgg; index=iconId-5*1000; RoleSkill.iconId is packet field (GameWorld.java:16761 / RoleSkillList.setIconList),UNKNOWN,,DESCRIPTION_ONLY,,skill_family_catalog.csv + zsSkills_language.dat; no static skill→icon table in DEX/jar
17416,174,Linh Phiến Dược Sư,Spirit Fan Apothecary,,UNKNOWN,pgg 5.pgg; index=iconId-5*1000; RoleSkill.iconId is packet field (GameWorld.java:16761 / RoleSkillList.setIconList),UNKNOWN,,DESCRIPTION_ONLY,,skill_family_catalog.csv + zsSkills_language.dat; no static skill→icon table in DEX/jar
17417,174,Linh Phiến Dược Sư,Spirit Fan Apothecary,,UNKNOWN,pgg 5.pgg; index=iconId-5*1000; RoleSkill.iconId is packet field (GameWorld.java:16761 / RoleSkillList.setIconList),UNKNOWN,,DESCRIPTION_ONLY,,skill_family_catalog.csv + zsSkills_language.dat; no static skill→icon table in DEX/jar
17418,174,Linh Phiến Dược Sư,Spirit Fan Apothecary,,UNKNOWN,pgg 5.pgg; index=iconId-5*1000; RoleSkill.iconId is packet field (GameWorld.java:16761 / RoleSkillList.setIconList),UNKNOWN,,DESCRIPTION_ONLY,,skill_family_catalog.csv + zsSkills_language.dat; no static skill→icon table in DEX/jar
17419,174,Linh Phiến Dược Sư,Spirit Fan Apothecary,,UNKNOWN,pgg 5.pgg; index=iconId-5*1000; RoleSkill.iconId is packet field (GameWorld.java:16761 / RoleSkillList.setIconList),UNKNOWN,,DESCRIPTION_ONLY,,skill_family_catalog.csv + zsSkills_language.dat; no static skill→icon table in DEX/jar
17420,174,Linh Phiến Dược Sư,Spirit Fan Apothecary,,UNKNOWN,pgg 5.pgg; index=iconId-5*1000; RoleSkill.iconId is packet field (GameWorld.java:16761 / RoleSkillList.setIconList),UNKNOWN,,DESCRIPTION_ONLY,,skill_family_catalog.csv + zsSkills_language.dat; no static skill→icon table in DEX/jar
17421,174,Hư Ảnh Trận Pháp,Phantom Formation,,UNKNOWN,pgg 5.pgg; index=iconId-5*1000; RoleSkill.iconId is packet field (GameWorld.java:16761 / RoleSkillList.setIconList),UNKNOWN,,DESCRIPTION_ONLY,,skill_family_catalog.csv + zsSkills_language.dat; no static skill→icon table in DEX/jar
17422,174,Hư Ảnh Trận Pháp,Phantom Formation,,UNKNOWN,pgg 5.pgg; index=iconId-5*1000; RoleSkill.iconId is packet field (GameWorld.java:16761 / RoleSkillList.setIconList),UNKNOWN,,DESCRIPTION_ONLY,,skill_family_catalog.csv + zsSkills_language.dat; no static skill→icon table in DEX/jar
17423,174,Hư Ảnh Trận Pháp,Phantom Formation,,UNKNOWN,pgg 5.pgg; index=iconId-5*1000; RoleSkill.iconId is packet field (GameWorld.java:16761 / RoleSkillList.setIconList),UNKNOWN,,DESCRIPTION_ONLY,,skill_family_catalog.csv + zsSkills_language.dat; no static skill→icon table in DEX/jar
17424,174,Hư Ảnh Trận Pháp,Phantom Formation,,UNKNOWN,pgg 5.pgg; index=iconId-5*1000; RoleSkill.iconId is packet field (GameWorld.java:16761 / RoleSkillList.setIconList),UNKNOWN,,DESCRIPTION_ONLY,,skill_family_catalog.csv + zsSkills_language.dat; no static skill→icon table in DEX/jar
17425,174,Hư Ảnh Trận Pháp,Phantom Formation,,UNKNOWN,pgg 5.pgg; index=iconId-5*1000; RoleSkill.iconId is packet field (GameWorld.java:16761 / RoleSkillList.setIconList),UNKNOWN,,DESCRIPTION_ONLY,,skill_family_catalog.csv + zsSkills_language.dat; no static skill→icon table in DEX/jar
17426,174,Hư Ảnh Trận Pháp,Phantom Formation,,UNKNOWN,pgg 5.pgg; index=iconId-5*1000; RoleSkill.iconId is packet field (GameWorld.java:16761 / RoleSkillList.setIconList),UNKNOWN,,DESCRIPTION_ONLY,,skill_family_catalog.csv + zsSkills_language.dat; no static skill→icon table in DEX/jar
17427,174,Phù Văn Cấm Cố,Rune Imprisonment,,UNKNOWN,pgg 5.pgg; index=iconId-5*1000; RoleSkill.iconId is packet field (GameWorld.java:16761 / RoleSkillList.setIconList),UNKNOWN,,DESCRIPTION_ONLY,,skill_family_catalog.csv + zsSkills_language.dat; no static skill→icon table in DEX/jar
17428,174,Phù Văn Cấm Cố,Rune Imprisonment,,UNKNOWN,pgg 5.pgg; index=iconId-5*1000; RoleSkill.iconId is packet field (GameWorld.java:16761 / RoleSkillList.setIconList),UNKNOWN,,DESCRIPTION_ONLY,,skill_family_catalog.csv + zsSkills_language.dat; no static skill→icon table in DEX/jar
17429,174,Phù Văn Cấm Cố,Rune Imprisonment,,UNKNOWN,pgg 5.pgg; index=iconId-5*1000; RoleSkill.iconId is packet field (GameWorld.java:16761 / RoleSkillList.setIconList),UNKNOWN,,DESCRIPTION_ONLY,,skill_family_catalog.csv + zsSkills_language.dat; no static skill→icon table in DEX/jar
17430,174,Phù Văn Cấm Cố,Rune Imprisonment,,UNKNOWN,pgg 5.pgg; index=iconId-5*1000; RoleSkill.iconId is packet field (GameWorld.java:16761 / RoleSkillList.setIconList),UNKNOWN,,DESCRIPTION_ONLY,,skill_family_catalog.csv + zsSkills_language.dat; no static skill→icon table in DEX/jar
17431,174,Phù Văn Cấm Cố,Rune Imprisonment,,UNKNOWN,pgg 5.pgg; index=iconId-5*1000; RoleSkill.iconId is packet field (GameWorld.java:16761 / RoleSkillList.setIconList),UNKNOWN,,DESCRIPTION_ONLY,,skill_family_catalog.csv + zsSkills_language.dat; no static skill→icon table in DEX/jar
17432,174,Phù Văn Cấm Cố,Rune Imprisonment,,UNKNOWN,pgg 5.pgg; index=iconId-5*1000; RoleSkill.iconId is packet field (GameWorld.java:16761 / RoleSkillList.setIconList),UNKNOWN,,DESCRIPTION_ONLY,,skill_family_catalog.csv + zsSkills_language.dat; no static skill→icon table in DEX/jar
17433,174,Tiên Khí Gia Trì,Immortal Aura Blessing,,UNKNOWN,pgg 5.pgg; index=iconId-5*1000; RoleSkill.iconId is packet field (GameWorld.java:16761 / RoleSkillList.setIconList),UNKNOWN,,DESCRIPTION_ONLY,,skill_family_catalog.csv + zsSkills_language.dat; no static skill→icon table in DEX/jar
17434,174,Tiên Khí Gia Trì,Immortal Aura Blessing,,UNKNOWN,pgg 5.pgg; index=iconId-5*1000; RoleSkill.iconId is packet field (GameWorld.java:16761 / RoleSkillList.setIconList),UNKNOWN,,DESCRIPTION_ONLY,,skill_family_catalog.csv + zsSkills_language.dat; no static skill→icon table in DEX/jar
17435,174,Tiên Khí Gia Trì,Immortal Aura Blessing,,UNKNOWN,pgg 5.pgg; index=iconId-5*1000; RoleSkill.iconId is packet field (GameWorld.java:16761 / RoleSkillList.setIconList),UNKNOWN,,DESCRIPTION_ONLY,,skill_family_catalog.csv + zsSkills_language.dat; no static skill→icon table in DEX/jar
17436,174,Tiên Khí Gia Trì,Immortal Aura Blessing,,UNKNOWN,pgg 5.pgg; index=iconId-5*1000; RoleSkill.iconId is packet field (GameWorld.java:16761 / RoleSkillList.setIconList),UNKNOWN,,DESCRIPTION_ONLY,,skill_family_catalog.csv + zsSkills_language.dat; no static skill→icon table in DEX/jar
17437,174,Tiên Khí Gia Trì,Immortal Aura Blessing,,UNKNOWN,pgg 5.pgg; index=iconId-5*1000; RoleSkill.iconId is packet field (GameWorld.java:16761 / RoleSkillList.setIconList),UNKNOWN,,DESCRIPTION_ONLY,,skill_family_catalog.csv + zsSkills_language.dat; no static skill→icon table in DEX/jar
17438,174,Tiên Khí Gia Trì,Immortal Aura Blessing,,UNKNOWN,pgg 5.pgg; index=iconId-5*1000; RoleSkill.iconId is packet field (GameWorld.java:16761 / RoleSkillList.setIconList),UNKNOWN,,DESCRIPTION_ONLY,,skill_family_catalog.csv + zsSkills_language.dat; no static skill→icon table in DEX/jar
17439,174,Hộ Thân Phù Chú,Protective Talisman,,UNKNOWN,pgg 5.pgg; index=iconId-5*1000; RoleSkill.iconId is packet field (GameWorld.java:16761 / RoleSkillList.setIconList),UNKNOWN,,DESCRIPTION_ONLY,,skill_family_catalog.csv + zsSkills_language.dat; no static skill→icon table in DEX/jar
17440,174,Hộ Thân Phù Chú,Protective Talisman,,UNKNOWN,pgg 5.pgg; index=iconId-5*1000; RoleSkill.iconId is packet field (GameWorld.java:16761 / RoleSkillList.setIconList),UNKNOWN,,DESCRIPTION_ONLY,,skill_family_catalog.csv + zsSkills_language.dat; no static skill→icon table in DEX/jar
17441,174,Ngự Kiếm Phi Vũ,Sword Feather Barrage,,UNKNOWN,pgg 5.pgg; index=iconId-5*1000; RoleSkill.iconId is packet field (GameWorld.java:16761 / RoleSkillList.setIconList),UNKNOWN,,DESCRIPTION_ONLY,,skill_family_catalog.csv + zsSkills_language.dat; no static skill→icon table in DEX/jar
17442,174,Ngự Kiếm Phi Vũ,Sword Feather Barrage,,UNKNOWN,pgg 5.pgg; index=iconId-5*1000; RoleSkill.iconId is packet field (GameWorld.java:16761 / RoleSkillList.setIconList),UNKNOWN,,DESCRIPTION_ONLY,,skill_family_catalog.csv + zsSkills_language.dat; no static skill→icon table in DEX/jar
17443,174,Ngự Kiếm Phi Vũ,Sword Feather Barrage,,UNKNOWN,pgg 5.pgg; index=iconId-5*1000; RoleSkill.iconId is packet field (GameWorld.java:16761 / RoleSkillList.setIconList),UNKNOWN,,DESCRIPTION_ONLY,,skill_family_catalog.csv + zsSkills_language.dat; no static skill→icon table in DEX/jar
17444,174,Ngự Kiếm Phi Vũ,Sword Feather Barrage,,UNKNOWN,pgg 5.pgg; index=iconId-5*1000; RoleSkill.iconId is packet field (GameWorld.java:16761 / RoleSkillList.setIconList),UNKNOWN,,DESCRIPTION_ONLY,,skill_family_catalog.csv + zsSkills_language.dat; no static skill→icon table in DEX/jar
17445,174,Ngự Kiếm Phi Vũ,Sword Feather Barrage,,UNKNOWN,pgg 5.pgg; index=iconId-5*1000; RoleSkill.iconId is packet field (GameWorld.java:16761 / RoleSkillList.setIconList),UNKNOWN,,DESCRIPTION_ONLY,,skill_family_catalog.csv + zsSkills_language.dat; no static skill→icon table in DEX/jar
17446,174,Ngự Kiếm Phi Vũ,Sword Feather Barrage,,UNKNOWN,pgg 5.pgg; index=iconId-5*1000; RoleSkill.iconId is packet field (GameWorld.java:16761 / RoleSkillList.setIconList),UNKNOWN,,DESCRIPTION_ONLY,,skill_family_catalog.csv + zsSkills_language.dat; no static skill→icon table in DEX/jar
17447,174,Luyện Kiếm Thuật,Sword Refinement Art,,UNKNOWN,pgg 5.pgg; index=iconId-5*1000; RoleSkill.iconId is packet field (GameWorld.java:16761 / RoleSkillList.setIconList),UNKNOWN,,DESCRIPTION_ONLY,,skill_family_catalog.csv + zsSkills_language.dat; no static skill→icon table in DEX/jar
17448,174,Luyện Kiếm Thuật,Sword Refinement Art,,UNKNOWN,pgg 5.pgg; index=iconId-5*1000; RoleSkill.iconId is packet field (GameWorld.java:16761 / RoleSkillList.setIconList),UNKNOWN,,DESCRIPTION_ONLY,,skill_family_catalog.csv + zsSkills_language.dat; no static skill→icon table in DEX/jar
17449,174,Luyện Kiếm Thuật,Sword Refinement Art,,UNKNOWN,pgg 5.pgg; index=iconId-5*1000; RoleSkill.iconId is packet field (GameWorld.java:16761 / RoleSkillList.setIconList),UNKNOWN,,DESCRIPTION_ONLY,,skill_family_catalog.csv + zsSkills_language.dat; no static skill→icon table in DEX/jar
17450,174,Luyện Kiếm Thuật,Sword Refinement Art,,UNKNOWN,pgg 5.pgg; index=iconId-5*1000; RoleSkill.iconId is packet field (GameWorld.java:16761 / RoleSkillList.setIconList),UNKNOWN,,DESCRIPTION_ONLY,,skill_family_catalog.csv + zsSkills_language.dat; no static skill→icon table in DEX/jar
17451,174,Luyện Kiếm Thuật,Sword Refinement Art,,UNKNOWN,pgg 5.pgg; index=iconId-5*1000; RoleSkill.iconId is packet field (GameWorld.java:16761 / RoleSkillList.setIconList),UNKNOWN,,DESCRIPTION_ONLY,,skill_family_catalog.csv + zsSkills_language.dat; no static skill→icon table in DEX/jar
17452,174,Luyện Kiếm Thuật,Sword Refinement Art,,UNKNOWN,pgg 5.pgg; index=iconId-5*1000; RoleSkill.iconId is packet field (GameWorld.java:16761 / RoleSkillList.setIconList),UNKNOWN,,DESCRIPTION_ONLY,,skill_family_catalog.csv + zsSkills_language.dat; no static skill→icon table in DEX/jar
17453,174,Càn Nguyên Kiếm Thánh,Qianyuan Sword Saint,,UNKNOWN,pgg 5.pgg; index=iconId-5*1000; RoleSkill.iconId is packet field (GameWorld.java:16761 / RoleSkillList.setIconList),UNKNOWN,,DESCRIPTION_ONLY,,skill_family_catalog.csv + zsSkills_language.dat; no static skill→icon table in DEX/jar
17454,174,Càn Nguyên Kiếm Thánh,Qianyuan Sword Saint,,UNKNOWN,pgg 5.pgg; index=iconId-5*1000; RoleSkill.iconId is packet field (GameWorld.java:16761 / RoleSkillList.setIconList),UNKNOWN,,DESCRIPTION_ONLY,,skill_family_catalog.csv + zsSkills_language.dat; no static skill→icon table in DEX/jar
17455,174,Càn Nguyên Kiếm Thánh,Qianyuan Sword Saint,,UNKNOWN,pgg 5.pgg; index=iconId-5*1000; RoleSkill.iconId is packet field (GameWorld.java:16761 / RoleSkillList.setIconList),UNKNOWN,,DESCRIPTION_ONLY,,skill_family_catalog.csv + zsSkills_language.dat; no static skill→icon table in DEX/jar
17456,174,Càn Nguyên Kiếm Thánh,Qianyuan Sword Saint,,UNKNOWN,pgg 5.pgg; index=iconId-5*1000; RoleSkill.iconId is packet field (GameWorld.java:16761 / RoleSkillList.setIconList),UNKNOWN,,DESCRIPTION_ONLY,,skill_family_catalog.csv + zsSkills_language.dat; no static skill→icon table in DEX/jar
17457,174,Càn Nguyên Kiếm Thánh,Qianyuan Sword Saint,,UNKNOWN,pgg 5.pgg; index=iconId-5*1000; RoleSkill.iconId is packet field (GameWorld.java:16761 / RoleSkillList.setIconList),UNKNOWN,,DESCRIPTION_ONLY,,skill_family_catalog.csv + zsSkills_language.dat; no static skill→icon table in DEX/jar
17458,174,Càn Nguyên Kiếm Thánh,Qianyuan Sword Saint,,UNKNOWN,pgg 5.pgg; index=iconId-5*1000; RoleSkill.iconId is packet field (GameWorld.java:16761 / RoleSkillList.setIconList),UNKNOWN,,DESCRIPTION_ONLY,,skill_family_catalog.csv + zsSkills_language.dat; no static skill→icon table in DEX/jar
17459,174,Trảm Long Quyết,Dragon Slaying Art,,UNKNOWN,pgg 5.pgg; index=iconId-5*1000; RoleSkill.iconId is packet field (GameWorld.java:16761 / RoleSkillList.setIconList),UNKNOWN,,DESCRIPTION_ONLY,,skill_family_catalog.csv + zsSkills_language.dat; no static skill→icon table in DEX/jar
17460,174,Trảm Long Quyết,Dragon Slaying Art,,UNKNOWN,pgg 5.pgg; index=iconId-5*1000; RoleSkill.iconId is packet field (GameWorld.java:16761 / RoleSkillList.setIconList),UNKNOWN,,DESCRIPTION_ONLY,,skill_family_catalog.csv + zsSkills_language.dat; no static skill→icon table in DEX/jar
17461,174,Trảm Long Quyết,Dragon Slaying Art,,UNKNOWN,pgg 5.pgg; index=iconId-5*1000; RoleSkill.iconId is packet field (GameWorld.java:16761 / RoleSkillList.setIconList),UNKNOWN,,DESCRIPTION_ONLY,,skill_family_catalog.csv + zsSkills_language.dat; no static skill→icon table in DEX/jar
17462,174,Trảm Long Quyết,Dragon Slaying Art,,UNKNOWN,pgg 5.pgg; index=iconId-5*1000; RoleSkill.iconId is packet field (GameWorld.java:16761 / RoleSkillList.setIconList),UNKNOWN,,DESCRIPTION_ONLY,,skill_family_catalog.csv + zsSkills_language.dat; no static skill→icon table in DEX/jar
17463,174,Trảm Long Quyết,Dragon Slaying Art,,UNKNOWN,pgg 5.pgg; index=iconId-5*1000; RoleSkill.iconId is packet field (GameWorld.java:16761 / RoleSkillList.setIconList),UNKNOWN,,DESCRIPTION_ONLY,,skill_family_catalog.csv + zsSkills_language.dat; no static skill→icon table in DEX/jar
17464,174,Trảm Long Quyết,Dragon Slaying Art,,UNKNOWN,pgg 5.pgg; index=iconId-5*1000; RoleSkill.iconId is packet field (GameWorld.java:16761 / RoleSkillList.setIconList),UNKNOWN,,DESCRIPTION_ONLY,,skill_family_catalog.csv + zsSkills_language.dat; no static skill→icon table in DEX/jar
17465,174,Thiên Sư Nộ,Heavenly Master's Wrath,,UNKNOWN,pgg 5.pgg; index=iconId-5*1000; RoleSkill.iconId is packet field (GameWorld.java:16761 / RoleSkillList.setIconList),UNKNOWN,,DESCRIPTION_ONLY,,skill_family_catalog.csv + zsSkills_language.dat; no static skill→icon table in DEX/jar
17466,174,Thiên Sư Nộ,Heavenly Master's Wrath,,UNKNOWN,pgg 5.pgg; index=iconId-5*1000; RoleSkill.iconId is packet field (GameWorld.java:16761 / RoleSkillList.setIconList),UNKNOWN,,DESCRIPTION_ONLY,,skill_family_catalog.csv + zsSkills_language.dat; no static skill→icon table in DEX/jar
17467,174,Thiên Sư Nộ,Heavenly Master's Wrath,,UNKNOWN,pgg 5.pgg; index=iconId-5*1000; RoleSkill.iconId is packet field (GameWorld.java:16761 / RoleSkillList.setIconList),UNKNOWN,,DESCRIPTION_ONLY,,skill_family_catalog.csv + zsSkills_language.dat; no static skill→icon table in DEX/jar
17468,174,Thiên Sư Nộ,Heavenly Master's Wrath,,UNKNOWN,pgg 5.pgg; index=iconId-5*1000; RoleSkill.iconId is packet field (GameWorld.java:16761 / RoleSkillList.setIconList),UNKNOWN,,DESCRIPTION_ONLY,,skill_family_catalog.csv + zsSkills_language.dat; no static skill→icon table in DEX/jar
17469,174,Thiên Sư Nộ,Heavenly Master's Wrath,,UNKNOWN,pgg 5.pgg; index=iconId-5*1000; RoleSkill.iconId is packet field (GameWorld.java:16761 / RoleSkillList.setIconList),UNKNOWN,,DESCRIPTION_ONLY,,skill_family_catalog.csv + zsSkills_language.dat; no static skill→icon table in DEX/jar
17470,174,Thiên Sư Nộ,Heavenly Master's Wrath,,UNKNOWN,pgg 5.pgg; index=iconId-5*1000; RoleSkill.iconId is packet field (GameWorld.java:16761 / RoleSkillList.setIconList),UNKNOWN,,DESCRIPTION_ONLY,,skill_family_catalog.csv + zsSkills_language.dat; no static skill→icon table in DEX/jar
17471,174,Kiếm Long Giải Giáp,Sword Dragon Armor Break,,UNKNOWN,pgg 5.pgg; index=iconId-5*1000; RoleSkill.iconId is packet field (GameWorld.java:16761 / RoleSkillList.setIconList),UNKNOWN,,DESCRIPTION_ONLY,,skill_family_catalog.csv + zsSkills_language.dat; no static skill→icon table in DEX/jar
17472,174,Kiếm Long Giải Giáp,Sword Dragon Armor Break,,UNKNOWN,pgg 5.pgg; index=iconId-5*1000; RoleSkill.iconId is packet field (GameWorld.java:16761 / RoleSkillList.setIconList),UNKNOWN,,DESCRIPTION_ONLY,,skill_family_catalog.csv + zsSkills_language.dat; no static skill→icon table in DEX/jar
17473,174,Thiên Kiếm,Heavenly Sword,,UNKNOWN,pgg 5.pgg; index=iconId-5*1000; RoleSkill.iconId is packet field (GameWorld.java:16761 / RoleSkillList.setIconList),UNKNOWN,,DESCRIPTION_ONLY,,skill_family_catalog.csv + zsSkills_language.dat; no static skill→icon table in DEX/jar
17474,174,Thiên Kiếm,Heavenly Sword,,UNKNOWN,pgg 5.pgg; index=iconId-5*1000; RoleSkill.iconId is packet field (GameWorld.java:16761 / RoleSkillList.setIconList),UNKNOWN,,DESCRIPTION_ONLY,,skill_family_catalog.csv + zsSkills_language.dat; no static skill→icon table in DEX/jar
17475,174,Thiên Kiếm,Heavenly Sword,,UNKNOWN,pgg 5.pgg; index=iconId-5*1000; RoleSkill.iconId is packet field (GameWorld.java:16761 / RoleSkillList.setIconList),UNKNOWN,,DESCRIPTION_ONLY,,skill_family_catalog.csv + zsSkills_language.dat; no static skill→icon table in DEX/jar
17476,174,Thiên Kiếm,Heavenly Sword,,UNKNOWN,pgg 5.pgg; index=iconId-5*1000; RoleSkill.iconId is packet field (GameWorld.java:16761 / RoleSkillList.setIconList),UNKNOWN,,DESCRIPTION_ONLY,,skill_family_catalog.csv + zsSkills_language.dat; no static skill→icon table in DEX/jar
17477,174,Thiên Kiếm,Heavenly Sword,,UNKNOWN,pgg 5.pgg; index=iconId-5*1000; RoleSkill.iconId is packet field (GameWorld.java:16761 / RoleSkillList.setIconList),UNKNOWN,,DESCRIPTION_ONLY,,skill_family_catalog.csv + zsSkills_language.dat; no static skill→icon table in DEX/jar
17478,174,Thiên Kiếm,Heavenly Sword,,UNKNOWN,pgg 5.pgg; index=iconId-5*1000; RoleSkill.iconId is packet field (GameWorld.java:16761 / RoleSkillList.setIconList),UNKNOWN,,DESCRIPTION_ONLY,,skill_family_catalog.csv + zsSkills_language.dat; no static skill→icon table in DEX/jar
17479,174,Khí Kiếm Thuật,Qi Sword Art,,UNKNOWN,pgg 5.pgg; index=iconId-5*1000; RoleSkill.iconId is packet field (GameWorld.java:16761 / RoleSkillList.setIconList),UNKNOWN,,DESCRIPTION_ONLY,,skill_family_catalog.csv + zsSkills_language.dat; no static skill→icon table in DEX/jar
17480,174,Khí Kiếm Thuật,Qi Sword Art,,UNKNOWN,pgg 5.pgg; index=iconId-5*1000; RoleSkill.iconId is packet field (GameWorld.java:16761 / RoleSkillList.setIconList),UNKNOWN,,DESCRIPTION_ONLY,,skill_family_catalog.csv + zsSkills_language.dat; no static skill→icon table in DEX/jar
17481,174,Khí Kiếm Thuật,Qi Sword Art,,UNKNOWN,pgg 5.pgg; index=iconId-5*1000; RoleSkill.iconId is packet field (GameWorld.java:16761 / RoleSkillList.setIconList),UNKNOWN,,DESCRIPTION_ONLY,,skill_family_catalog.csv + zsSkills_language.dat; no static skill→icon table in DEX/jar
17482,174,Khí Kiếm Thuật,Qi Sword Art,,UNKNOWN,pgg 5.pgg; index=iconId-5*1000; RoleSkill.iconId is packet field (GameWorld.java:16761 / RoleSkillList.setIconList),UNKNOWN,,DESCRIPTION_ONLY,,skill_family_catalog.csv + zsSkills_language.dat; no static skill→icon table in DEX/jar
17483,174,Khí Kiếm Thuật,Qi Sword Art,,UNKNOWN,pgg 5.pgg; index=iconId-5*1000; RoleSkill.iconId is packet field (GameWorld.java:16761 / RoleSkillList.setIconList),UNKNOWN,,DESCRIPTION_ONLY,,skill_family_catalog.csv + zsSkills_language.dat; no static skill→icon table in DEX/jar
17484,174,Khí Kiếm Thuật,Qi Sword Art,,UNKNOWN,pgg 5.pgg; index=iconId-5*1000; RoleSkill.iconId is packet field (GameWorld.java:16761 / RoleSkillList.setIconList),UNKNOWN,,DESCRIPTION_ONLY,,skill_family_catalog.csv + zsSkills_language.dat; no static skill→icon table in DEX/jar
17485,174,Vạn Kiếm Quy Tông,Ten Thousand Swords Return,,UNKNOWN,pgg 5.pgg; index=iconId-5*1000; RoleSkill.iconId is packet field (GameWorld.java:16761 / RoleSkillList.setIconList),UNKNOWN,,DESCRIPTION_ONLY,,skill_family_catalog.csv + zsSkills_language.dat; no static skill→icon table in DEX/jar
17486,174,Vạn Kiếm Quy Tông,Ten Thousand Swords Return,,UNKNOWN,pgg 5.pgg; index=iconId-5*1000; RoleSkill.iconId is packet field (GameWorld.java:16761 / RoleSkillList.setIconList),UNKNOWN,,DESCRIPTION_ONLY,,skill_family_catalog.csv + zsSkills_language.dat; no static skill→icon table in DEX/jar
17487,174,Vạn Kiếm Quy Tông,Ten Thousand Swords Return,,UNKNOWN,pgg 5.pgg; index=iconId-5*1000; RoleSkill.iconId is packet field (GameWorld.java:16761 / RoleSkillList.setIconList),UNKNOWN,,DESCRIPTION_ONLY,,skill_family_catalog.csv + zsSkills_language.dat; no static skill→icon table in DEX/jar
17488,174,Vạn Kiếm Quy Tông,Ten Thousand Swords Return,,UNKNOWN,pgg 5.pgg; index=iconId-5*1000; RoleSkill.iconId is packet field (GameWorld.java:16761 / RoleSkillList.setIconList),UNKNOWN,,DESCRIPTION_ONLY,,skill_family_catalog.csv + zsSkills_language.dat; no static skill→icon table in DEX/jar
17489,174,Vạn Kiếm Quy Tông,Ten Thousand Swords Return,,UNKNOWN,pgg 5.pgg; index=iconId-5*1000; RoleSkill.iconId is packet field (GameWorld.java:16761 / RoleSkillList.setIconList),UNKNOWN,,DESCRIPTION_ONLY,,skill_family_catalog.csv + zsSkills_language.dat; no static skill→icon table in DEX/jar
17490,174,Vạn Kiếm Quy Tông,Ten Thousand Swords Return,,UNKNOWN,pgg 5.pgg; index=iconId-5*1000; RoleSkill.iconId is packet field (GameWorld.java:16761 / RoleSkillList.setIconList),UNKNOWN,,DESCRIPTION_ONLY,,skill_family_catalog.csv + zsSkills_language.dat; no static skill→icon table in DEX/jar
17491,174,Lạc Lôi Thuật,Falling Thunder Art,,UNKNOWN,pgg 5.pgg; index=iconId-5*1000; RoleSkill.iconId is packet field (GameWorld.java:16761 / RoleSkillList.setIconList),UNKNOWN,,DESCRIPTION_ONLY,,skill_family_catalog.csv + zsSkills_language.dat; no static skill→icon table in DEX/jar
17492,174,Lạc Lôi Thuật,Falling Thunder Art,,UNKNOWN,pgg 5.pgg; index=iconId-5*1000; RoleSkill.iconId is packet field (GameWorld.java:16761 / RoleSkillList.setIconList),UNKNOWN,,DESCRIPTION_ONLY,,skill_family_catalog.csv + zsSkills_language.dat; no static skill→icon table in DEX/jar
17493,174,Lạc Lôi Thuật,Falling Thunder Art,,UNKNOWN,pgg 5.pgg; index=iconId-5*1000; RoleSkill.iconId is packet field (GameWorld.java:16761 / RoleSkillList.setIconList),UNKNOWN,,DESCRIPTION_ONLY,,skill_family_catalog.csv + zsSkills_language.dat; no static skill→icon table in DEX/jar
17494,174,Lạc Lôi Thuật,Falling Thunder Art,,UNKNOWN,pgg 5.pgg; index=iconId-5*1000; RoleSkill.iconId is packet field (GameWorld.java:16761 / RoleSkillList.setIconList),UNKNOWN,,DESCRIPTION_ONLY,,skill_family_catalog.csv + zsSkills_language.dat; no static skill→icon table in DEX/jar
17495,174,Lạc Lôi Thuật,Falling Thunder Art,,UNKNOWN,pgg 5.pgg; index=iconId-5*1000; RoleSkill.iconId is packet field (GameWorld.java:16761 / RoleSkillList.setIconList),UNKNOWN,,DESCRIPTION_ONLY,,skill_family_catalog.csv + zsSkills_language.dat; no static skill→icon table in DEX/jar
17496,174,Lạc Lôi Thuật,Falling Thunder Art,,UNKNOWN,pgg 5.pgg; index=iconId-5*1000; RoleSkill.iconId is packet field (GameWorld.java:16761 / RoleSkillList.setIconList),UNKNOWN,,DESCRIPTION_ONLY,,skill_family_catalog.csv + zsSkills_language.dat; no static skill→icon table in DEX/jar
17497,174,Điện Quang Hỏa Thạch,Lightning Flash,,UNKNOWN,pgg 5.pgg; index=iconId-5*1000; RoleSkill.iconId is packet field (GameWorld.java:16761 / RoleSkillList.setIconList),UNKNOWN,,DESCRIPTION_ONLY,,skill_family_catalog.csv + zsSkills_language.dat; no static skill→icon table in DEX/jar
17498,174,Điện Quang Hỏa Thạch,Lightning Flash,,UNKNOWN,pgg 5.pgg; index=iconId-5*1000; RoleSkill.iconId is packet field (GameWorld.java:16761 / RoleSkillList.setIconList),UNKNOWN,,DESCRIPTION_ONLY,,skill_family_catalog.csv + zsSkills_language.dat; no static skill→icon table in DEX/jar
17499,174,Điện Quang Hỏa Thạch,Lightning Flash,,UNKNOWN,pgg 5.pgg; index=iconId-5*1000; RoleSkill.iconId is packet field (GameWorld.java:16761 / RoleSkillList.setIconList),UNKNOWN,,DESCRIPTION_ONLY,,skill_family_catalog.csv + zsSkills_language.dat; no static skill→icon table in DEX/jar
17500,175,Điện Quang Hỏa Thạch,Lightning Flash,,UNKNOWN,pgg 5.pgg; index=iconId-5*1000; RoleSkill.iconId is packet field (GameWorld.java:16761 / RoleSkillList.setIconList),UNKNOWN,,DESCRIPTION_ONLY,,skill_family_catalog.csv + zsSkills_language.dat; no static skill→icon table in DEX/jar
17501,175,Điện Quang Hỏa Thạch,Lightning Flash,,UNKNOWN,pgg 5.pgg; index=iconId-5*1000; RoleSkill.iconId is packet field (GameWorld.java:16761 / RoleSkillList.setIconList),UNKNOWN,,DESCRIPTION_ONLY,,skill_family_catalog.csv + zsSkills_language.dat; no static skill→icon table in DEX/jar
17502,175,Điện Quang Hỏa Thạch,Lightning Flash,,UNKNOWN,pgg 5.pgg; index=iconId-5*1000; RoleSkill.iconId is packet field (GameWorld.java:16761 / RoleSkillList.setIconList),UNKNOWN,,DESCRIPTION_ONLY,,skill_family_catalog.csv + zsSkills_language.dat; no static skill→icon table in DEX/jar
17503,175,Bôn Lôi Chưởng,Thunderbolt Palm,,UNKNOWN,pgg 5.pgg; index=iconId-5*1000; RoleSkill.iconId is packet field (GameWorld.java:16761 / RoleSkillList.setIconList),UNKNOWN,,DESCRIPTION_ONLY,,skill_family_catalog.csv + zsSkills_language.dat; no static skill→icon table in DEX/jar
17504,175,Bôn Lôi Chưởng,Thunderbolt Palm,,UNKNOWN,pgg 5.pgg; index=iconId-5*1000; RoleSkill.iconId is packet field (GameWorld.java:16761 / RoleSkillList.setIconList),UNKNOWN,,DESCRIPTION_ONLY,,skill_family_catalog.csv + zsSkills_language.dat; no static skill→icon table in DEX/jar
17505,175,Bôn Lôi Chưởng,Thunderbolt Palm,,UNKNOWN,pgg 5.pgg; index=iconId-5*1000; RoleSkill.iconId is packet field (GameWorld.java:16761 / RoleSkillList.setIconList),UNKNOWN,,DESCRIPTION_ONLY,,skill_family_catalog.csv + zsSkills_language.dat; no static skill→icon table in DEX/jar
17506,175,Bôn Lôi Chưởng,Thunderbolt Palm,,UNKNOWN,pgg 5.pgg; index=iconId-5*1000; RoleSkill.iconId is packet field (GameWorld.java:16761 / RoleSkillList.setIconList),UNKNOWN,,DESCRIPTION_ONLY,,skill_family_catalog.csv + zsSkills_language.dat; no static skill→icon table in DEX/jar
17507,175,Bôn Lôi Chưởng,Thunderbolt Palm,,UNKNOWN,pgg 5.pgg; index=iconId-5*1000; RoleSkill.iconId is packet field (GameWorld.java:16761 / RoleSkillList.setIconList),UNKNOWN,,DESCRIPTION_ONLY,,skill_family_catalog.csv + zsSkills_language.dat; no static skill→icon table in DEX/jar
17508,175,Bôn Lôi Chưởng,Thunderbolt Palm,,UNKNOWN,pgg 5.pgg; index=iconId-5*1000; RoleSkill.iconId is packet field (GameWorld.java:16761 / RoleSkillList.setIconList),UNKNOWN,,DESCRIPTION_ONLY,,skill_family_catalog.csv + zsSkills_language.dat; no static skill→icon table in DEX/jar
17509,175,Phong Trì Điện Xế,Lightning Speed,,UNKNOWN,pgg 5.pgg; index=iconId-5*1000; RoleSkill.iconId is packet field (GameWorld.java:16761 / RoleSkillList.setIconList),UNKNOWN,,DESCRIPTION_ONLY,,skill_family_catalog.csv + zsSkills_language.dat; no static skill→icon table in DEX/jar
17510,175,Phong Trì Điện Xế,Lightning Speed,,UNKNOWN,pgg 5.pgg; index=iconId-5*1000; RoleSkill.iconId is packet field (GameWorld.java:16761 / RoleSkillList.setIconList),UNKNOWN,,DESCRIPTION_ONLY,,skill_family_catalog.csv + zsSkills_language.dat; no static skill→icon table in DEX/jar
17511,175,Phong Trì Điện Xế,Lightning Speed,,UNKNOWN,pgg 5.pgg; index=iconId-5*1000; RoleSkill.iconId is packet field (GameWorld.java:16761 / RoleSkillList.setIconList),UNKNOWN,,DESCRIPTION_ONLY,,skill_family_catalog.csv + zsSkills_language.dat; no static skill→icon table in DEX/jar
17512,175,Phong Trì Điện Xế,Lightning Speed,,UNKNOWN,pgg 5.pgg; index=iconId-5*1000; RoleSkill.iconId is packet field (GameWorld.java:16761 / RoleSkillList.setIconList),UNKNOWN,,DESCRIPTION_ONLY,,skill_family_catalog.csv + zsSkills_language.dat; no static skill→icon table in DEX/jar
17513,175,Phong Trì Điện Xế,Lightning Speed,,UNKNOWN,pgg 5.pgg; index=iconId-5*1000; RoleSkill.iconId is packet field (GameWorld.java:16761 / RoleSkillList.setIconList),UNKNOWN,,DESCRIPTION_ONLY,,skill_family_catalog.csv + zsSkills_language.dat; no static skill→icon table in DEX/jar
17514,175,Phong Trì Điện Xế,Lightning Speed,,UNKNOWN,pgg 5.pgg; index=iconId-5*1000; RoleSkill.iconId is packet field (GameWorld.java:16761 / RoleSkillList.setIconList),UNKNOWN,,DESCRIPTION_ONLY,,skill_family_catalog.csv + zsSkills_language.dat; no static skill→icon table in DEX/jar
17515,175,Lôi Trượng Thiên Tôn,Thunder Staff Celestial,,UNKNOWN,pgg 5.pgg; index=iconId-5*1000; RoleSkill.iconId is packet field (GameWorld.java:16761 / RoleSkillList.setIconList),UNKNOWN,,DESCRIPTION_ONLY,,skill_family_catalog.csv + zsSkills_language.dat; no static skill→icon table in DEX/jar
17516,175,Lôi Trượng Thiên Tôn,Thunder Staff Celestial,,UNKNOWN,pgg 5.pgg; index=iconId-5*1000; RoleSkill.iconId is packet field (GameWorld.java:16761 / RoleSkillList.setIconList),UNKNOWN,,DESCRIPTION_ONLY,,skill_family_catalog.csv + zsSkills_language.dat; no static skill→icon table in DEX/jar
17517,175,Lôi Trượng Thiên Tôn,Thunder Staff Celestial,,UNKNOWN,pgg 5.pgg; index=iconId-5*1000; RoleSkill.iconId is packet field (GameWorld.java:16761 / RoleSkillList.setIconList),UNKNOWN,,DESCRIPTION_ONLY,,skill_family_catalog.csv + zsSkills_language.dat; no static skill→icon table in DEX/jar
17518,175,Lôi Trượng Thiên Tôn,Thunder Staff Celestial,,UNKNOWN,pgg 5.pgg; index=iconId-5*1000; RoleSkill.iconId is packet field (GameWorld.java:16761 / RoleSkillList.setIconList),UNKNOWN,,DESCRIPTION_ONLY,,skill_family_catalog.csv + zsSkills_language.dat; no static skill→icon table in DEX/jar
17519,175,Lôi Trượng Thiên Tôn,Thunder Staff Celestial,,UNKNOWN,pgg 5.pgg; index=iconId-5*1000; RoleSkill.iconId is packet field (GameWorld.java:16761 / RoleSkillList.setIconList),UNKNOWN,,DESCRIPTION_ONLY,,skill_family_catalog.csv + zsSkills_language.dat; no static skill→icon table in DEX/jar
17520,175,Lôi Trượng Thiên Tôn,Thunder Staff Celestial,,UNKNOWN,pgg 5.pgg; index=iconId-5*1000; RoleSkill.iconId is packet field (GameWorld.java:16761 / RoleSkillList.setIconList),UNKNOWN,,DESCRIPTION_ONLY,,skill_family_catalog.csv + zsSkills_language.dat; no static skill→icon table in DEX/jar
17521,175,Bồ Đề Quyết,Bodhi Art,,UNKNOWN,pgg 5.pgg; index=iconId-5*1000; RoleSkill.iconId is packet field (GameWorld.java:16761 / RoleSkillList.setIconList),UNKNOWN,,DESCRIPTION_ONLY,,skill_family_catalog.csv + zsSkills_language.dat; no static skill→icon table in DEX/jar
17522,175,Bồ Đề Quyết,Bodhi Art,,UNKNOWN,pgg 5.pgg; index=iconId-5*1000; RoleSkill.iconId is packet field (GameWorld.java:16761 / RoleSkillList.setIconList),UNKNOWN,,DESCRIPTION_ONLY,,skill_family_catalog.csv + zsSkills_language.dat; no static skill→icon table in DEX/jar
17523,175,Bồ Đề Quyết,Bodhi Art,,UNKNOWN,pgg 5.pgg; index=iconId-5*1000; RoleSkill.iconId is packet field (GameWorld.java:16761 / RoleSkillList.setIconList),UNKNOWN,,DESCRIPTION_ONLY,,skill_family_catalog.csv + zsSkills_language.dat; no static skill→icon table in DEX/jar
17524,175,Bồ Đề Quyết,Bodhi Art,,UNKNOWN,pgg 5.pgg; index=iconId-5*1000; RoleSkill.iconId is packet field (GameWorld.java:16761 / RoleSkillList.setIconList),UNKNOWN,,DESCRIPTION_ONLY,,skill_family_catalog.csv + zsSkills_language.dat; no static skill→icon table in DEX/jar
17525,175,Bồ Đề Quyết,Bodhi Art,,UNKNOWN,pgg 5.pgg; index=iconId-5*1000; RoleSkill.iconId is packet field (GameWorld.java:16761 / RoleSkillList.setIconList),UNKNOWN,,DESCRIPTION_ONLY,,skill_family_catalog.csv + zsSkills_language.dat; no static skill→icon table in DEX/jar
17526,175,Bồ Đề Quyết,Bodhi Art,,UNKNOWN,pgg 5.pgg; index=iconId-5*1000; RoleSkill.iconId is packet field (GameWorld.java:16761 / RoleSkillList.setIconList),UNKNOWN,,DESCRIPTION_ONLY,,skill_family_catalog.csv + zsSkills_language.dat; no static skill→icon table in DEX/jar
17527,175,Hỗn Nguyên Chân Pháp,Primordial True Law,,UNKNOWN,pgg 5.pgg; index=iconId-5*1000; RoleSkill.iconId is packet field (GameWorld.java:16761 / RoleSkillList.setIconList),UNKNOWN,,DESCRIPTION_ONLY,,skill_family_catalog.csv + zsSkills_language.dat; no static skill→icon table in DEX/jar
17528,175,Hỗn Nguyên Chân Pháp,Primordial True Law,,UNKNOWN,pgg 5.pgg; index=iconId-5*1000; RoleSkill.iconId is packet field (GameWorld.java:16761 / RoleSkillList.setIconList),UNKNOWN,,DESCRIPTION_ONLY,,skill_family_catalog.csv + zsSkills_language.dat; no static skill→icon table in DEX/jar
17529,175,Hỗn Nguyên Chân Pháp,Primordial True Law,,UNKNOWN,pgg 5.pgg; index=iconId-5*1000; RoleSkill.iconId is packet field (GameWorld.java:16761 / RoleSkillList.setIconList),UNKNOWN,,DESCRIPTION_ONLY,,skill_family_catalog.csv + zsSkills_language.dat; no static skill→icon table in DEX/jar
17530,175,Hỗn Nguyên Chân Pháp,Primordial True Law,,UNKNOWN,pgg 5.pgg; index=iconId-5*1000; RoleSkill.iconId is packet field (GameWorld.java:16761 / RoleSkillList.setIconList),UNKNOWN,,DESCRIPTION_ONLY,,skill_family_catalog.csv + zsSkills_language.dat; no static skill→icon table in DEX/jar
17531,175,Hỗn Nguyên Chân Pháp,Primordial True Law,,UNKNOWN,pgg 5.pgg; index=iconId-5*1000; RoleSkill.iconId is packet field (GameWorld.java:16761 / RoleSkillList.setIconList),UNKNOWN,,DESCRIPTION_ONLY,,skill_family_catalog.csv + zsSkills_language.dat; no static skill→icon table in DEX/jar
17532,175,Hỗn Nguyên Chân Pháp,Primordial True Law,,UNKNOWN,pgg 5.pgg; index=iconId-5*1000; RoleSkill.iconId is packet field (GameWorld.java:16761 / RoleSkillList.setIconList),UNKNOWN,,DESCRIPTION_ONLY,,skill_family_catalog.csv + zsSkills_language.dat; no static skill→icon table in DEX/jar
17533,175,Lôi Quang Bào Hao,Thunder Roar,,UNKNOWN,pgg 5.pgg; index=iconId-5*1000; RoleSkill.iconId is packet field (GameWorld.java:16761 / RoleSkillList.setIconList),UNKNOWN,,DESCRIPTION_ONLY,,skill_family_catalog.csv + zsSkills_language.dat; no static skill→icon table in DEX/jar
17534,175,Lôi Quang Bào Hao,Thunder Roar,,UNKNOWN,pgg 5.pgg; index=iconId-5*1000; RoleSkill.iconId is packet field (GameWorld.java:16761 / RoleSkillList.setIconList),UNKNOWN,,DESCRIPTION_ONLY,,skill_family_catalog.csv + zsSkills_language.dat; no static skill→icon table in DEX/jar
17535,175,Phi Vân Chấn Điện,Flying Cloud Thunder Shock,,UNKNOWN,pgg 5.pgg; index=iconId-5*1000; RoleSkill.iconId is packet field (GameWorld.java:16761 / RoleSkillList.setIconList),UNKNOWN,,DESCRIPTION_ONLY,,skill_family_catalog.csv + zsSkills_language.dat; no static skill→icon table in DEX/jar
17536,175,Phi Vân Chấn Điện,Flying Cloud Thunder Shock,,UNKNOWN,pgg 5.pgg; index=iconId-5*1000; RoleSkill.iconId is packet field (GameWorld.java:16761 / RoleSkillList.setIconList),UNKNOWN,,DESCRIPTION_ONLY,,skill_family_catalog.csv + zsSkills_language.dat; no static skill→icon table in DEX/jar
17537,175,Phi Vân Chấn Điện,Flying Cloud Thunder Shock,,UNKNOWN,pgg 5.pgg; index=iconId-5*1000; RoleSkill.iconId is packet field (GameWorld.java:16761 / RoleSkillList.setIconList),UNKNOWN,,DESCRIPTION_ONLY,,skill_family_catalog.csv + zsSkills_language.dat; no static skill→icon table in DEX/jar
17538,175,Phi Vân Chấn Điện,Flying Cloud Thunder Shock,,UNKNOWN,pgg 5.pgg; index=iconId-5*1000; RoleSkill.iconId is packet field (GameWorld.java:16761 / RoleSkillList.setIconList),UNKNOWN,,DESCRIPTION_ONLY,,skill_family_catalog.csv + zsSkills_language.dat; no static skill→icon table in DEX/jar
17539,175,Phi Vân Chấn Điện,Flying Cloud Thunder Shock,,UNKNOWN,pgg 5.pgg; index=iconId-5*1000; RoleSkill.iconId is packet field (GameWorld.java:16761 / RoleSkillList.setIconList),UNKNOWN,,DESCRIPTION_ONLY,,skill_family_catalog.csv + zsSkills_language.dat; no static skill→icon table in DEX/jar
17540,175,Phi Vân Chấn Điện,Flying Cloud Thunder Shock,,UNKNOWN,pgg 5.pgg; index=iconId-5*1000; RoleSkill.iconId is packet field (GameWorld.java:16761 / RoleSkillList.setIconList),UNKNOWN,,DESCRIPTION_ONLY,,skill_family_catalog.csv + zsSkills_language.dat; no static skill→icon table in DEX/jar
17541,175,Điện Thiểm,Lightning Flash Step,,UNKNOWN,pgg 5.pgg; index=iconId-5*1000; RoleSkill.iconId is packet field (GameWorld.java:16761 / RoleSkillList.setIconList),UNKNOWN,,DESCRIPTION_ONLY,,skill_family_catalog.csv + zsSkills_language.dat; no static skill→icon table in DEX/jar
17542,175,Điện Thiểm,Lightning Flash Step,,UNKNOWN,pgg 5.pgg; index=iconId-5*1000; RoleSkill.iconId is packet field (GameWorld.java:16761 / RoleSkillList.setIconList),UNKNOWN,,DESCRIPTION_ONLY,,skill_family_catalog.csv + zsSkills_language.dat; no static skill→icon table in DEX/jar
17543,175,Điện Thiểm,Lightning Flash Step,,UNKNOWN,pgg 5.pgg; index=iconId-5*1000; RoleSkill.iconId is packet field (GameWorld.java:16761 / RoleSkillList.setIconList),UNKNOWN,,DESCRIPTION_ONLY,,skill_family_catalog.csv + zsSkills_language.dat; no static skill→icon table in DEX/jar
17544,175,Điện Thiểm,Lightning Flash Step,,UNKNOWN,pgg 5.pgg; index=iconId-5*1000; RoleSkill.iconId is packet field (GameWorld.java:16761 / RoleSkillList.setIconList),UNKNOWN,,DESCRIPTION_ONLY,,skill_family_catalog.csv + zsSkills_language.dat; no static skill→icon table in DEX/jar
17545,175,Điện Thiểm,Lightning Flash Step,,UNKNOWN,pgg 5.pgg; index=iconId-5*1000; RoleSkill.iconId is packet field (GameWorld.java:16761 / RoleSkillList.setIconList),UNKNOWN,,DESCRIPTION_ONLY,,skill_family_catalog.csv + zsSkills_language.dat; no static skill→icon table in DEX/jar
17546,175,Điện Thiểm,Lightning Flash Step,,UNKNOWN,pgg 5.pgg; index=iconId-5*1000; RoleSkill.iconId is packet field (GameWorld.java:16761 / RoleSkillList.setIconList),UNKNOWN,,DESCRIPTION_ONLY,,skill_family_catalog.csv + zsSkills_language.dat; no static skill→icon table in DEX/jar
17547,175,Ngũ Lôi Oanh Đỉnh,Five Thunder Strike,,UNKNOWN,pgg 5.pgg; index=iconId-5*1000; RoleSkill.iconId is packet field (GameWorld.java:16761 / RoleSkillList.setIconList),UNKNOWN,,DESCRIPTION_ONLY,,skill_family_catalog.csv + zsSkills_language.dat; no static skill→icon table in DEX/jar
17548,175,Ngũ Lôi Oanh Đỉnh,Five Thunder Strike,,UNKNOWN,pgg 5.pgg; index=iconId-5*1000; RoleSkill.iconId is packet field (GameWorld.java:16761 / RoleSkillList.setIconList),UNKNOWN,,DESCRIPTION_ONLY,,skill_family_catalog.csv + zsSkills_language.dat; no static skill→icon table in DEX/jar
17549,175,Ngũ Lôi Oanh Đỉnh,Five Thunder Strike,,UNKNOWN,pgg 5.pgg; index=iconId-5*1000; RoleSkill.iconId is packet field (GameWorld.java:16761 / RoleSkillList.setIconList),UNKNOWN,,DESCRIPTION_ONLY,,skill_family_catalog.csv + zsSkills_language.dat; no static skill→icon table in DEX/jar
17550,175,Ngũ Lôi Oanh Đỉnh,Five Thunder Strike,,UNKNOWN,pgg 5.pgg; index=iconId-5*1000; RoleSkill.iconId is packet field (GameWorld.java:16761 / RoleSkillList.setIconList),UNKNOWN,,DESCRIPTION_ONLY,,skill_family_catalog.csv + zsSkills_language.dat; no static skill→icon table in DEX/jar
17551,175,Ngũ Lôi Oanh Đỉnh,Five Thunder Strike,,UNKNOWN,pgg 5.pgg; index=iconId-5*1000; RoleSkill.iconId is packet field (GameWorld.java:16761 / RoleSkillList.setIconList),UNKNOWN,,DESCRIPTION_ONLY,,skill_family_catalog.csv + zsSkills_language.dat; no static skill→icon table in DEX/jar
17552,175,Ngũ Lôi Oanh Đỉnh,Five Thunder Strike,,UNKNOWN,pgg 5.pgg; index=iconId-5*1000; RoleSkill.iconId is packet field (GameWorld.java:16761 / RoleSkillList.setIconList),UNKNOWN,,DESCRIPTION_ONLY,,skill_family_catalog.csv + zsSkills_language.dat; no static skill→icon table in DEX/jar
17553,175,Gia Tăng Sát Thương,Damage Enhancement,,UNKNOWN,pgg 5.pgg; index=iconId-5*1000; RoleSkill.iconId is packet field (GameWorld.java:16761 / RoleSkillList.setIconList),UNKNOWN,,DESCRIPTION_ONLY,,skill_family_catalog.csv + zsSkills_language.dat; no static skill→icon table in DEX/jar
17554,175,Gia Tăng Sát Thương,Damage Enhancement,,UNKNOWN,pgg 5.pgg; index=iconId-5*1000; RoleSkill.iconId is packet field (GameWorld.java:16761 / RoleSkillList.setIconList),UNKNOWN,,DESCRIPTION_ONLY,,skill_family_catalog.csv + zsSkills_language.dat; no static skill→icon table in DEX/jar
17555,175,Gia Tăng Sát Thương,Damage Enhancement,,UNKNOWN,pgg 5.pgg; index=iconId-5*1000; RoleSkill.iconId is packet field (GameWorld.java:16761 / RoleSkillList.setIconList),UNKNOWN,,DESCRIPTION_ONLY,,skill_family_catalog.csv + zsSkills_language.dat; no static skill→icon table in DEX/jar
17556,175,Gia Tăng Sát Thương,Damage Enhancement,,UNKNOWN,pgg 5.pgg; index=iconId-5*1000; RoleSkill.iconId is packet field (GameWorld.java:16761 / RoleSkillList.setIconList),UNKNOWN,,DESCRIPTION_ONLY,,skill_family_catalog.csv + zsSkills_language.dat; no static skill→icon table in DEX/jar
17557,175,Gia Tăng Sát Thương,Damage Enhancement,,UNKNOWN,pgg 5.pgg; index=iconId-5*1000; RoleSkill.iconId is packet field (GameWorld.java:16761 / RoleSkillList.setIconList),UNKNOWN,,DESCRIPTION_ONLY,,skill_family_catalog.csv + zsSkills_language.dat; no static skill→icon table in DEX/jar
17558,175,Gia Tăng Sát Thương,Damage Enhancement,,UNKNOWN,pgg 5.pgg; index=iconId-5*1000; RoleSkill.iconId is packet field (GameWorld.java:16761 / RoleSkillList.setIconList),UNKNOWN,,DESCRIPTION_ONLY,,skill_family_catalog.csv + zsSkills_language.dat; no static skill→icon table in DEX/jar
17559,175,Thuẫn Đạo Pháp,Shield Dao Art,,UNKNOWN,pgg 5.pgg; index=iconId-5*1000; RoleSkill.iconId is packet field (GameWorld.java:16761 / RoleSkillList.setIconList),UNKNOWN,,DESCRIPTION_ONLY,,skill_family_catalog.csv + zsSkills_language.dat; no static skill→icon table in DEX/jar
17560,175,Thuẫn Đạo Pháp,Shield Dao Art,,UNKNOWN,pgg 5.pgg; index=iconId-5*1000; RoleSkill.iconId is packet field (GameWorld.java:16761 / RoleSkillList.setIconList),UNKNOWN,,DESCRIPTION_ONLY,,skill_family_catalog.csv + zsSkills_language.dat; no static skill→icon table in DEX/jar
17561,175,Thuẫn Đạo Pháp,Shield Dao Art,,UNKNOWN,pgg 5.pgg; index=iconId-5*1000; RoleSkill.iconId is packet field (GameWorld.java:16761 / RoleSkillList.setIconList),UNKNOWN,,DESCRIPTION_ONLY,,skill_family_catalog.csv + zsSkills_language.dat; no static skill→icon table in DEX/jar
17562,175,Thuẫn Đạo Pháp,Shield Dao Art,,UNKNOWN,pgg 5.pgg; index=iconId-5*1000; RoleSkill.iconId is packet field (GameWorld.java:16761 / RoleSkillList.setIconList),UNKNOWN,,DESCRIPTION_ONLY,,skill_family_catalog.csv + zsSkills_language.dat; no static skill→icon table in DEX/jar
17563,175,Thuẫn Đạo Pháp,Shield Dao Art,,UNKNOWN,pgg 5.pgg; index=iconId-5*1000; RoleSkill.iconId is packet field (GameWorld.java:16761 / RoleSkillList.setIconList),UNKNOWN,,DESCRIPTION_ONLY,,skill_family_catalog.csv + zsSkills_language.dat; no static skill→icon table in DEX/jar
17564,175,Thuẫn Đạo Pháp,Shield Dao Art,,UNKNOWN,pgg 5.pgg; index=iconId-5*1000; RoleSkill.iconId is packet field (GameWorld.java:16761 / RoleSkillList.setIconList),UNKNOWN,,DESCRIPTION_ONLY,,skill_family_catalog.csv + zsSkills_language.dat; no static skill→icon table in DEX/jar
17565,175,Phiến Thuẫn Thiên Quân,Shield Wall Army,,UNKNOWN,pgg 5.pgg; index=iconId-5*1000; RoleSkill.iconId is packet field (GameWorld.java:16761 / RoleSkillList.setIconList),UNKNOWN,,DESCRIPTION_ONLY,,skill_family_catalog.csv + zsSkills_language.dat; no static skill→icon table in DEX/jar
17566,175,Phiến Thuẫn Thiên Quân,Shield Wall Army,,UNKNOWN,pgg 5.pgg; index=iconId-5*1000; RoleSkill.iconId is packet field (GameWorld.java:16761 / RoleSkillList.setIconList),UNKNOWN,,DESCRIPTION_ONLY,,skill_family_catalog.csv + zsSkills_language.dat; no static skill→icon table in DEX/jar
17567,175,Phiến Thuẫn Thiên Quân,Shield Wall Army,,UNKNOWN,pgg 5.pgg; index=iconId-5*1000; RoleSkill.iconId is packet field (GameWorld.java:16761 / RoleSkillList.setIconList),UNKNOWN,,DESCRIPTION_ONLY,,skill_family_catalog.csv + zsSkills_language.dat; no static skill→icon table in DEX/jar
17568,175,Phiến Thuẫn Thiên Quân,Shield Wall Army,,UNKNOWN,pgg 5.pgg; index=iconId-5*1000; RoleSkill.iconId is packet field (GameWorld.java:16761 / RoleSkillList.setIconList),UNKNOWN,,DESCRIPTION_ONLY,,skill_family_catalog.csv + zsSkills_language.dat; no static skill→icon table in DEX/jar
17569,175,Phiến Thuẫn Thiên Quân,Shield Wall Army,,UNKNOWN,pgg 5.pgg; index=iconId-5*1000; RoleSkill.iconId is packet field (GameWorld.java:16761 / RoleSkillList.setIconList),UNKNOWN,,DESCRIPTION_ONLY,,skill_family_catalog.csv + zsSkills_language.dat; no static skill→icon table in DEX/jar
17570,175,Phiến Thuẫn Thiên Quân,Shield Wall Army,,UNKNOWN,pgg 5.pgg; index=iconId-5*1000; RoleSkill.iconId is packet field (GameWorld.java:16761 / RoleSkillList.setIconList),UNKNOWN,,DESCRIPTION_ONLY,,skill_family_catalog.csv + zsSkills_language.dat; no static skill→icon table in DEX/jar
17571,175,Pháp Lực Hộ Thuẫn,Mana Shield,,UNKNOWN,pgg 5.pgg; index=iconId-5*1000; RoleSkill.iconId is packet field (GameWorld.java:16761 / RoleSkillList.setIconList),UNKNOWN,,DESCRIPTION_ONLY,,skill_family_catalog.csv + zsSkills_language.dat; no static skill→icon table in DEX/jar
17572,175,Pháp Lực Hộ Thuẫn,Mana Shield,,UNKNOWN,pgg 5.pgg; index=iconId-5*1000; RoleSkill.iconId is packet field (GameWorld.java:16761 / RoleSkillList.setIconList),UNKNOWN,,DESCRIPTION_ONLY,,skill_family_catalog.csv + zsSkills_language.dat; no static skill→icon table in DEX/jar
17573,175,Pháp Lực Hộ Thuẫn,Mana Shield,,UNKNOWN,pgg 5.pgg; index=iconId-5*1000; RoleSkill.iconId is packet field (GameWorld.java:16761 / RoleSkillList.setIconList),UNKNOWN,,DESCRIPTION_ONLY,,skill_family_catalog.csv + zsSkills_language.dat; no static skill→icon table in DEX/jar
17574,175,Pháp Lực Hộ Thuẫn,Mana Shield,,UNKNOWN,pgg 5.pgg; index=iconId-5*1000; RoleSkill.iconId is packet field (GameWorld.java:16761 / RoleSkillList.setIconList),UNKNOWN,,DESCRIPTION_ONLY,,skill_family_catalog.csv + zsSkills_language.dat; no static skill→icon table in DEX/jar
17575,175,Pháp Lực Hộ Thuẫn,Mana Shield,,UNKNOWN,pgg 5.pgg; index=iconId-5*1000; RoleSkill.iconId is packet field (GameWorld.java:16761 / RoleSkillList.setIconList),UNKNOWN,,DESCRIPTION_ONLY,,skill_family_catalog.csv + zsSkills_language.dat; no static skill→icon table in DEX/jar
17576,175,Pháp Lực Hộ Thuẫn,Mana Shield,,UNKNOWN,pgg 5.pgg; index=iconId-5*1000; RoleSkill.iconId is packet field (GameWorld.java:16761 / RoleSkillList.setIconList),UNKNOWN,,DESCRIPTION_ONLY,,skill_family_catalog.csv + zsSkills_language.dat; no static skill→icon table in DEX/jar
17577,175,Lôi Minh,Thunder Roar,,UNKNOWN,pgg 5.pgg; index=iconId-5*1000; RoleSkill.iconId is packet field (GameWorld.java:16761 / RoleSkillList.setIconList),UNKNOWN,,DESCRIPTION_ONLY,,skill_family_catalog.csv + zsSkills_language.dat; no static skill→icon table in DEX/jar
17578,175,Lôi Minh,Thunder Roar,,UNKNOWN,pgg 5.pgg; index=iconId-5*1000; RoleSkill.iconId is packet field (GameWorld.java:16761 / RoleSkillList.setIconList),UNKNOWN,,DESCRIPTION_ONLY,,skill_family_catalog.csv + zsSkills_language.dat; no static skill→icon table in DEX/jar
17579,175,Lôi Minh,Thunder Roar,,UNKNOWN,pgg 5.pgg; index=iconId-5*1000; RoleSkill.iconId is packet field (GameWorld.java:16761 / RoleSkillList.setIconList),UNKNOWN,,DESCRIPTION_ONLY,,skill_family_catalog.csv + zsSkills_language.dat; no static skill→icon table in DEX/jar
17580,175,Lôi Minh,Thunder Roar,,UNKNOWN,pgg 5.pgg; index=iconId-5*1000; RoleSkill.iconId is packet field (GameWorld.java:16761 / RoleSkillList.setIconList),UNKNOWN,,DESCRIPTION_ONLY,,skill_family_catalog.csv + zsSkills_language.dat; no static skill→icon table in DEX/jar
17581,175,Lôi Minh,Thunder Roar,,UNKNOWN,pgg 5.pgg; index=iconId-5*1000; RoleSkill.iconId is packet field (GameWorld.java:16761 / RoleSkillList.setIconList),UNKNOWN,,DESCRIPTION_ONLY,,skill_family_catalog.csv + zsSkills_language.dat; no static skill→icon table in DEX/jar
17582,175,Lôi Minh,Thunder Roar,,UNKNOWN,pgg 5.pgg; index=iconId-5*1000; RoleSkill.iconId is packet field (GameWorld.java:16761 / RoleSkillList.setIconList),UNKNOWN,,DESCRIPTION_ONLY,,skill_family_catalog.csv + zsSkills_language.dat; no static skill→icon table in DEX/jar
17583,175,Tật Quang Điện Ảnh,Swift Lightning Shadow,,UNKNOWN,pgg 5.pgg; index=iconId-5*1000; RoleSkill.iconId is packet field (GameWorld.java:16761 / RoleSkillList.setIconList),UNKNOWN,,DESCRIPTION_ONLY,,skill_family_catalog.csv + zsSkills_language.dat; no static skill→icon table in DEX/jar
17584,175,Tật Quang Điện Ảnh,Swift Lightning Shadow,,UNKNOWN,pgg 5.pgg; index=iconId-5*1000; RoleSkill.iconId is packet field (GameWorld.java:16761 / RoleSkillList.setIconList),UNKNOWN,,DESCRIPTION_ONLY,,skill_family_catalog.csv + zsSkills_language.dat; no static skill→icon table in DEX/jar
