image_id,path,status,note,preview
26,res/data/img/26.img,UNKNOWN,not referenced by any .obj image slot,catalog_previews/img_26.png
27,res/data/img/27.img,UNKNOWN,not referenced by any .obj image slot,catalog_previews/img_27.png
28,res/data/img/28.img,UNKNOWN,not referenced by any .obj image slot,catalog_previews/img_28.png
29,res/data/img/29.img,UNKNOWN,not referenced by any .obj image slot,catalog_previews/img_29.png
30,res/data/img/30.img,UNKNOWN,not referenced by any .obj image slot,catalog_previews/img_30.png
31,res/data/img/31.img,UNKNOWN,not referenced by any .obj image slot,catalog_previews/img_31.png
32,res/data/img/32.img,UNKNOWN,not referenced by any .obj image slot,catalog_previews/img_32.png
33,res/data/img/33.img,UNKNOWN,not referenced by any .obj image slot,catalog_previews/img_33.png
34,res/data/img/34.img,UNKNOWN,not referenced by any .obj image slot,catalog_previews/img_34.png
35,res/data/img/35.img,UNKNOWN,not referenced by any .obj image slot,catalog_previews/img_35.png
36,res/data/img/36.img,UNKNOWN,not referenced by any .obj image slot,catalog_previews/img_36.png
37,res/data/img/37.img,UNKNOWN,not referenced by any .obj image slot,catalog_previews/img_37.png
38,res/data/img/38.img,UNKNOWN,not referenced by any .obj image slot,catalog_previews/img_38.png
39,res/data/img/39.img,UNKNOWN,not referenced by any .obj image slot,catalog_previews/img_39.png
40,res/data/img/40.img,UNKNOWN,not referenced by any .obj image slot,catalog_previews/img_40.png
41,res/data/img/41.img,UNKNOWN,not referenced by any .obj image slot,catalog_previews/img_41.png
42,res/data/img/42.img,UNKNOWN,not referenced by any .obj image slot,catalog_previews/img_42.png
43,res/data/img/43.img,UNKNOWN,not referenced by any .obj image slot,catalog_previews/img_43.png
44,res/data/img/44.img,UNKNOWN,not referenced by any .obj image slot,catalog_previews/img_44.png
45,res/data/img/45.img,UNKNOWN,not referenced by any .obj image slot,catalog_previews/img_45.png
46,res/data/img/46.img,UNKNOWN,not referenced by any .obj image slot,catalog_previews/img_46.png
47,res/data/img/47.img,UNKNOWN,not referenced by any .obj image slot,catalog_previews/img_47.png
48,res/data/img/48.img,UNKNOWN,not referenced by any .obj image slot,catalog_previews/img_48.png
49,res/data/img/49.img,UNKNOWN,not referenced by any .obj image slot,catalog_previews/img_49.png
50,res/data/img/50.img,UNKNOWN,not referenced by any .obj image slot,catalog_previews/img_50.png
51,res/data/img/51.img,UNKNOWN,not referenced by any .obj image slot,catalog_previews/img_51.png
52,res/data/img/52.img,UNKNOWN,not referenced by any .obj image slot,catalog_previews/img_52.png
53,res/data/img/53.img,UNKNOWN,not referenced by any .obj image slot,catalog_previews/img_53.png
54,res/data/img/54.img,UNKNOWN,not referenced by any .obj image slot,catalog_previews/img_54.png
55,res/data/img/55.img,UNKNOWN,not referenced by any .obj image slot,catalog_previews/img_55.png
56,res/data/img/56.img,UNKNOWN,not referenced by any .obj image slot,catalog_previews/img_56.png
57,res/data/img/57.img,UNKNOWN,not referenced by any .obj image slot,catalog_previews/img_57.png
58,res/data/img/58.img,UNKNOWN,not referenced by any .obj image slot,catalog_previews/img_58.png
59,res/data/img/59.img,UNKNOWN,not referenced by any .obj image slot,catalog_previews/img_59.png
60,res/data/img/60.img,UNKNOWN,not referenced by any .obj image slot,catalog_previews/img_60.png
61,res/data/img/61.img,UNKNOWN,not referenced by any .obj image slot,catalog_previews/img_61.png
62,res/data/img/62.img,UNKNOWN,not referenced by any .obj image slot,catalog_previews/img_62.png
63,res/data/img/63.img,UNKNOWN,not referenced by any .obj image slot,catalog_previews/img_63.png
64,res/data/img/64.img,UNKNOWN,not referenced by any .obj image slot,catalog_previews/img_64.png
65,res/data/img/65.img,UNKNOWN,not referenced by any .obj image slot,catalog_previews/img_65.png
66,res/data/img/66.img,UNKNOWN,not referenced by any .obj image slot,catalog_previews/img_66.png
67,res/data/img/67.img,UNKNOWN,not referenced by any .obj image slot,catalog_previews/img_67.png
68,res/data/img/68.img,UNKNOWN,not referenced by any .obj image slot,catalog_previews/img_68.png
69,res/data/img/69.img,UNKNOWN,not referenced by any .obj image slot,catalog_previews/img_69.png
70,res/data/img/70.img,UNKNOWN,not referenced by any .obj image slot,catalog_previews/img_70.png
71,res/data/img/71.img,UNKNOWN,not referenced by any .obj image slot,catalog_previews/img_71.png
72,res/data/img/72.img,UNKNOWN,not referenced by any .obj image slot,catalog_previews/img_72.png
73,res/data/img/73.img,UNKNOWN,not referenced by any .obj image slot,catalog_previews/img_73.png
74,res/data/img/74.img,UNKNOWN,not referenced by any .obj image slot,catalog_previews/img_74.png
75,res/data/img/75.img,UNKNOWN,not referenced by any .obj image slot,catalog_previews/img_75.png
76,res/data/img/76.img,UNKNOWN,not referenced by any .obj image slot,
77,res/data/img/77.img,UNKNOWN,not referenced by any .obj image slot,
78,res/data/img/78.img,UNKNOWN,not referenced by any .obj image slot,
79,res/data/img/79.img,UNKNOWN,not referenced by any .obj image slot,
80,res/data/img/80.img,UNKNOWN,not referenced by any .obj image slot,
81,res/data/img/81.img,UNKNOWN,not referenced by any .obj image slot,
82,res/data/img/82.img,UNKNOWN,not referenced by any .obj image slot,
83,res/data/img/83.img,UNKNOWN,not referenced by any .obj image slot,
84,res/data/img/84.img,UNKNOWN,not referenced by any .obj image slot,
85,res/data/img/85.img,UNKNOWN,not referenced by any .obj image slot,
86,res/data/img/86.img,UNKNOWN,not referenced by any .obj image slot,
87,res/data/img/87.img,UNKNOWN,not referenced by any .obj image slot,
88,res/data/img/88.img,UNKNOWN,not referenced by any .obj image slot,
89,res/data/img/89.img,UNKNOWN,not referenced by any .obj image slot,
90,res/data/img/90.img,UNKNOWN,not referenced by any .obj image slot,
91,res/data/img/91.img,UNKNOWN,not referenced by any .obj image slot,
92,res/data/img/92.img,UNKNOWN,not referenced by any .obj image slot,
93,res/data/img/93.img,UNKNOWN,not referenced by any .obj image slot,
94,res/data/img/94.img,UNKNOWN,not referenced by any .obj image slot,
95,res/data/img/95.img,UNKNOWN,not referenced by any .obj image slot,
96,res/data/img/96.img,UNKNOWN,not referenced by any .obj image slot,
97,res/data/img/97.img,UNKNOWN,not referenced by any .obj image slot,
98,res/data/img/98.img,UNKNOWN,not referenced by any .obj image slot,
99,res/data/img/99.img,UNKNOWN,not referenced by any .obj image slot,
100,res/data/img/100.img,UNKNOWN,not referenced by any .obj image slot,
101,res/data/img/101.img,UNKNOWN,not referenced by any .obj image slot,
102,res/data/img/102.img,UNKNOWN,not referenced by any .obj image slot,
103,res/data/img/103.img,UNKNOWN,not referenced by any .obj image slot,
104,res/data/img/104.img,UNKNOWN,not referenced by any .obj image slot,
105,res/data/img/105.img,UNKNOWN,not referenced by any .obj image slot,
106,res/data/img/106.img,UNKNOWN,not referenced by any .obj image slot,
107,res/data/img/107.img,UNKNOWN,not referenced by any .obj image slot,
108,res/data/img/108.img,UNKNOWN,not referenced by any .obj image slot,
109,res/data/img/109.img,UNKNOWN,not referenced by any .obj image slot,
110,res/data/img/110.img,UNKNOWN,not referenced by any .obj image slot,
111,res/data/img/111.img,UNKNOWN,not referenced by any .obj image slot,
112,res/data/img/112.img,UNKNOWN,not referenced by any .obj image slot,
113,res/data/img/113.img,UNKNOWN,not referenced by any .obj image slot,
114,res/data/img/114.img,UNKNOWN,not referenced by any .obj image slot,
115,res/data/img/115.img,UNKNOWN,not referenced by any .obj image slot,
116,res/data/img/116.img,UNKNOWN,not referenced by any .obj image slot,
117,res/data/img/117.img,UNKNOWN,not referenced by any .obj image slot,
118,res/data/img/118.img,UNKNOWN,not referenced by any .obj image slot,
119,res/data/img/119.img,UNKNOWN,not referenced by any .obj image slot,
120,res/data/img/120.img,UNKNOWN,not referenced by any .obj image slot,
121,res/data/img/121.img,UNKNOWN,not referenced by any .obj image slot,
122,res/data/img/122.img,UNKNOWN,not referenced by any .obj image slot,
123,res/data/img/123.img,UNKNOWN,not referenced by any .obj image slot,
124,res/data/img/124.img,UNKNOWN,not referenced by any .obj image slot,
125,res/data/img/125.img,UNKNOWN,not referenced by any .obj image slot,
126,res/data/img/126.img,UNKNOWN,not referenced by any .obj image slot,
127,res/data/img/127.img,UNKNOWN,not referenced by any .obj image slot,
128,res/data/img/128.img,UNKNOWN,not referenced by any .obj image slot,
129,res/data/img/129.img,UNKNOWN,not referenced by any .obj image slot,
130,res/data/img/130.img,UNKNOWN,not referenced by any .obj image slot,
131,res/data/img/131.img,UNKNOWN,not referenced by any .obj image slot,
132,res/data/img/132.img,UNKNOWN,not referenced by any .obj image slot,
133,res/data/img/133.img,UNKNOWN,not referenced by any .obj image slot,
134,res/data/img/134.img,UNKNOWN,not referenced by any .obj image slot,
135,res/data/img/135.img,UNKNOWN,not referenced by any .obj image slot,
136,res/data/img/136.img,UNKNOWN,not referenced by any .obj image slot,
137,res/data/img/137.img,UNKNOWN,not referenced by any .obj image slot,
138,res/data/img/138.img,UNKNOWN,not referenced by any .obj image slot,
139,res/data/img/139.img,UNKNOWN,not referenced by any .obj image slot,
140,res/data/img/140.img,UNKNOWN,not referenced by any .obj image slot,
141,res/data/img/141.img,UNKNOWN,not referenced by any .obj image slot,
142,res/data/img/142.img,UNKNOWN,not referenced by any .obj image slot,
143,res/data/img/143.img,UNKNOWN,not referenced by any .obj image slot,
144,res/data/img/144.img,UNKNOWN,not referenced by any .obj image slot,
145,res/data/img/145.img,UNKNOWN,not referenced by any .obj image slot,
146,res/data/img/146.img,UNKNOWN,not referenced by any .obj image slot,
147,res/data/img/147.img,UNKNOWN,not referenced by any .obj image slot,
148,res/data/img/148.img,UNKNOWN,not referenced by any .obj image slot,
149,res/data/img/149.img,UNKNOWN,not referenced by any .obj image slot,
150,res/data/img/150.img,UNKNOWN,not referenced by any .obj image slot,
151,res/data/img/151.img,UNKNOWN,not referenced by any .obj image slot,
152,res/data/img/152.img,UNKNOWN,not referenced by any .obj image slot,
153,res/data/img/153.img,UNKNOWN,not referenced by any .obj image slot,
154,res/data/img/154.img,UNKNOWN,not referenced by any .obj image slot,
155,res/data/img/155.img,UNKNOWN,not referenced by any .obj image slot,
156,res/data/img/156.img,UNKNOWN,not referenced by any .obj image slot,
157,res/data/img/157.img,UNKNOWN,not referenced by any .obj image slot,
158,res/data/img/158.img,UNKNOWN,not referenced by any .obj image slot,
159,res/data/img/159.img,UNKNOWN,not referenced by any .obj image slot,
160,res/data/img/160.img,UNKNOWN,not referenced by any .obj image slot,
161,res/data/img/161.img,UNKNOWN,not referenced by any .obj image slot,
162,res/data/img/162.img,UNKNOWN,not referenced by any .obj image slot,
163,res/data/img/163.img,UNKNOWN,not referenced by any .obj image slot,
164,res/data/img/164.img,UNKNOWN,not referenced by any .obj image slot,
165,res/data/img/165.img,UNKNOWN,not referenced by any .obj image slot,
166,res/data/img/166.img,UNKNOWN,not referenced by any .obj image slot,
167,res/data/img/167.img,UNKNOWN,not referenced by any .obj image slot,
168,res/data/img/168.img,UNKNOWN,not referenced by any .obj image slot,
169,res/data/img/169.img,UNKNOWN,not referenced by any .obj image slot,
170,res/data/img/170.img,UNKNOWN,not referenced by any .obj image slot,
171,res/data/img/171.img,UNKNOWN,not referenced by any .obj image slot,
172,res/data/img/172.img,UNKNOWN,not referenced by any .obj image slot,
173,res/data/img/173.img,UNKNOWN,not referenced by any .obj image slot,
174,res/data/img/174.img,UNKNOWN,not referenced by any .obj image slot,
175,res/data/img/175.img,UNKNOWN,not referenced by any .obj image slot,
176,res/data/img/176.img,UNKNOWN,not referenced by any .obj image slot,
177,res/data/img/177.img,UNKNOWN,not referenced by any .obj image slot,
178,res/data/img/178.img,UNKNOWN,not referenced by any .obj image slot,
179,res/data/img/179.img,UNKNOWN,not referenced by any .obj image slot,
180,res/data/img/180.img,UNKNOWN,not referenced by any .obj image slot,
181,res/data/img/181.img,UNKNOWN,not referenced by any .obj image slot,
182,res/data/img/182.img,UNKNOWN,not referenced by any .obj image slot,
183,res/data/img/183.img,UNKNOWN,not referenced by any .obj image slot,
184,res/data/img/184.img,UNKNOWN,not referenced by any .obj image slot,
185,res/data/img/185.img,UNKNOWN,not referenced by any .obj image slot,
186,res/data/img/186.img,UNKNOWN,not referenced by any .obj image slot,
187,res/data/img/187.img,UNKNOWN,not referenced by any .obj image slot,
188,res/data/img/188.img,UNKNOWN,not referenced by any .obj image slot,
189,res/data/img/189.img,UNKNOWN,not referenced by any .obj image slot,
190,res/data/img/190.img,UNKNOWN,not referenced by any .obj image slot,
191,res/data/img/191.img,UNKNOWN,not referenced by any .obj image slot,
192,res/data/img/192.img,UNKNOWN,not referenced by any .obj image slot,
193,res/data/img/193.img,UNKNOWN,not referenced by any .obj image slot,
194,res/data/img/194.img,UNKNOWN,not referenced by any .obj image slot,
195,res/data/img/195.img,UNKNOWN,not referenced by any .obj image slot,
196,res/data/img/196.img,UNKNOWN,not referenced by any .obj image slot,
197,res/data/img/197.img,UNKNOWN,not referenced by any .obj image slot,
198,res/data/img/198.img,UNKNOWN,not referenced by any .obj image slot,
199,res/data/img/199.img,UNKNOWN,not referenced by any .obj image slot,
200,res/data/img/200.img,UNKNOWN,not referenced by any .obj image slot,
201,res/data/img/201.img,UNKNOWN,not referenced by any .obj image slot,
202,res/data/img/202.img,UNKNOWN,not referenced by any .obj image slot,
203,res/data/img/203.img,UNKNOWN,not referenced by any .obj image slot,
204,res/data/img/204.img,UNKNOWN,not referenced by any .obj image slot,
205,res/data/img/205.img,UNKNOWN,not referenced by any .obj image slot,
206,res/data/img/206.img,UNKNOWN,not referenced by any .obj image slot,
207,res/data/img/207.img,UNKNOWN,not referenced by any .obj image slot,
208,res/data/img/208.img,UNKNOWN,not referenced by any .obj image slot,
209,res/data/img/209.img,UNKNOWN,not referenced by any .obj image slot,
210,res/data/img/210.img,UNKNOWN,not referenced by any .obj image slot,
211,res/data/img/211.img,UNKNOWN,not referenced by any .obj image slot,
212,res/data/img/212.img,UNKNOWN,not referenced by any .obj image slot,
213,res/data/img/213.img,UNKNOWN,not referenced by any .obj image slot,
214,res/data/img/214.img,UNKNOWN,not referenced by any .obj image slot,
215,res/data/img/215.img,UNKNOWN,not referenced by any .obj image slot,
216,res/data/img/216.img,UNKNOWN,not referenced by any .obj image slot,
217,res/data/img/217.img,UNKNOWN,not referenced by any .obj image slot,
218,res/data/img/218.img,UNKNOWN,not referenced by any .obj image slot,
219,res/data/img/219.img,UNKNOWN,not referenced by any .obj image slot,
220,res/data/img/220.img,UNKNOWN,not referenced by any .obj image slot,
221,res/data/img/221.img,UNKNOWN,not referenced by any .obj image slot,
222,res/data/img/222.img,UNKNOWN,not referenced by any .obj image slot,
223,res/data/img/223.img,UNKNOWN,not referenced by any .obj image slot,
224,res/data/img/224.img,UNKNOWN,not referenced by any .obj image slot,
225,res/data/img/225.img,UNKNOWN,not referenced by any .obj image slot,
226,res/data/img/226.img,UNKNOWN,not referenced by any .obj image slot,
227,res/data/img/227.img,UNKNOWN,not referenced by any .obj image slot,
228,res/data/img/228.img,UNKNOWN,not referenced by any .obj image slot,
229,res/data/img/229.img,UNKNOWN,not referenced by any .obj image slot,
230,res/data/img/230.img,UNKNOWN,not referenced by any .obj image slot,
231,res/data/img/231.img,UNKNOWN,not referenced by any .obj image slot,
232,res/data/img/232.img,UNKNOWN,not referenced by any .obj image slot,
233,res/data/img/233.img,UNKNOWN,not referenced by any .obj image slot,
234,res/data/img/234.img,UNKNOWN,not referenced by any .obj image slot,
235,res/data/img/235.img,UNKNOWN,not referenced by any .obj image slot,
236,res/data/img/236.img,UNKNOWN,not referenced by any .obj image slot,
237,res/data/img/237.img,UNKNOWN,not referenced by any .obj image slot,
238,res/data/img/238.img,UNKNOWN,not referenced by any .obj image slot,
239,res/data/img/239.img,UNKNOWN,not referenced by any .obj image slot,
240,res/data/img/240.img,UNKNOWN,not referenced by any .obj image slot,
241,res/data/img/241.img,UNKNOWN,not referenced by any .obj image slot,
242,res/data/img/242.img,UNKNOWN,not referenced by any .obj image slot,
243,res/data/img/243.img,UNKNOWN,not referenced by any .obj image slot,
244,res/data/img/244.img,UNKNOWN,not referenced by any .obj image slot,
246,res/data/img/246.img,UNKNOWN,not referenced by any .obj image slot,
247,res/data/img/247.img,UNKNOWN,not referenced by any .obj image slot,
248,res/data/img/248.img,UNKNOWN,not referenced by any .obj image slot,
249,res/data/img/249.img,UNKNOWN,not referenced by any .obj image slot,
250,res/data/img/250.img,UNKNOWN,not referenced by any .obj image slot,
251,res/data/img/251.img,UNKNOWN,not referenced by any .obj image slot,
252,res/data/img/252.img,UNKNOWN,not referenced by any .obj image slot,
254,res/data/img/254.img,UNKNOWN,not referenced by any .obj image slot,
255,res/data/img/255.img,UNKNOWN,not referenced by any .obj image slot,
256,res/data/img/256.img,UNKNOWN,not referenced by any .obj image slot,
257,res/data/img/257.img,UNKNOWN,not referenced by any .obj image slot,
258,res/data/img/258.img,UNKNOWN,not referenced by any .obj image slot,
259,res/data/img/259.img,UNKNOWN,not referenced by any .obj image slot,
260,res/data/img/260.img,UNKNOWN,not referenced by any .obj image slot,
261,res/data/img/261.img,UNKNOWN,not referenced by any .obj image slot,
262,res/data/img/262.img,UNKNOWN,not referenced by any .obj image slot,
263,res/data/img/263.img,UNKNOWN,not referenced by any .obj image slot,
264,res/data/img/264.img,UNKNOWN,not referenced by any .obj image slot,
265,res/data/img/265.img,UNKNOWN,not referenced by any .obj image slot,
266,res/data/img/266.img,UNKNOWN,not referenced by any .obj image slot,
267,res/data/img/267.img,UNKNOWN,not referenced by any .obj image slot,
268,res/data/img/268.img,UNKNOWN,not referenced by any .obj image slot,
269,res/data/img/269.img,UNKNOWN,not referenced by any .obj image slot,
270,res/data/img/270.img,UNKNOWN,not referenced by any .obj image slot,
271,res/data/img/271.img,UNKNOWN,not referenced by any .obj image slot,
272,res/data/img/272.img,UNKNOWN,not referenced by any .obj image slot,
273,res/data/img/273.img,UNKNOWN,not referenced by any .obj image slot,
274,res/data/img/274.img,UNKNOWN,not referenced by any .obj image slot,
275,res/data/img/275.img,UNKNOWN,not referenced by any .obj image slot,
276,res/data/img/276.img,UNKNOWN,not referenced by any .obj image slot,
277,res/data/img/277.img,UNKNOWN,not referenced by any .obj image slot,
278,res/data/img/278.img,UNKNOWN,not referenced by any .obj image slot,
279,res/data/img/279.img,UNKNOWN,not referenced by any .obj image slot,
280,res/data/img/280.img,UNKNOWN,not referenced by any .obj image slot,
281,res/data/img/281.img,UNKNOWN,not referenced by any .obj image slot,
282,res/data/img/282.img,UNKNOWN,not referenced by any .obj image slot,
283,res/data/img/283.img,UNKNOWN,not referenced by any .obj image slot,
284,res/data/img/284.img,UNKNOWN,not referenced by any .obj image slot,
285,res/data/img/285.img,UNKNOWN,not referenced by any .obj image slot,
286,res/data/img/286.img,UNKNOWN,not referenced by any .obj image slot,
287,res/data/img/287.img,UNKNOWN,not referenced by any .obj image slot,
288,res/data/img/288.img,UNKNOWN,not referenced by any .obj image slot,
289,res/data/img/289.img,UNKNOWN,not referenced by any .obj image slot,
290,res/data/img/290.img,UNKNOWN,not referenced by any .obj image slot,
291,res/data/img/291.img,UNKNOWN,not referenced by any .obj image slot,
292,res/data/img/292.img,UNKNOWN,not referenced by any .obj image slot,
293,res/data/img/293.img,UNKNOWN,not referenced by any .obj image slot,
294,res/data/img/294.img,UNKNOWN,not referenced by any .obj image slot,
295,res/data/img/295.img,UNKNOWN,not referenced by any .obj image slot,
296,res/data/img/296.img,UNKNOWN,not referenced by any .obj image slot,
297,res/data/img/297.img,UNKNOWN,not referenced by any .obj image slot,
298,res/data/img/298.img,UNKNOWN,not referenced by any .obj image slot,
299,res/data/img/299.img,UNKNOWN,not referenced by any .obj image slot,
300,res/data/img/300.img,UNKNOWN,not referenced by any .obj image slot,
301,res/data/img/301.img,UNKNOWN,not referenced by any .obj image slot,
302,res/data/img/302.img,UNKNOWN,not referenced by any .obj image slot,
303,res/data/img/303.img,UNKNOWN,not referenced by any .obj image slot,
304,res/data/img/304.img,UNKNOWN,not referenced by any .obj image slot,
305,res/data/img/305.img,UNKNOWN,not referenced by any .obj image slot,
306,res/data/img/306.img,UNKNOWN,not referenced by any .obj image slot,
307,res/data/img/307.img,UNKNOWN,not referenced by any .obj image slot,
308,res/data/img/308.img,UNKNOWN,not referenced by any .obj image slot,
309,res/data/img/309.img,UNKNOWN,not referenced by any .obj image slot,
310,res/data/img/310.img,UNKNOWN,not referenced by any .obj image slot,
311,res/data/img/311.img,UNKNOWN,not referenced by any .obj image slot,
312,res/data/img/312.img,UNKNOWN,not referenced by any .obj image slot,
313,res/data/img/313.img,UNKNOWN,not referenced by any .obj image slot,
314,res/data/img/314.img,UNKNOWN,not referenced by any .obj image slot,
315,res/data/img/315.img,UNKNOWN,not referenced by any .obj image slot,
316,res/data/img/316.img,UNKNOWN,not referenced by any .obj image slot,
317,res/data/img/317.img,UNKNOWN,not referenced by any .obj image slot,
318,res/data/img/318.img,UNKNOWN,not referenced by any .obj image slot,
319,res/data/img/319.img,UNKNOWN,not referenced by any .obj image slot,
320,res/data/img/320.img,UNKNOWN,not referenced by any .obj image slot,
321,res/data/img/321.img,UNKNOWN,not referenced by any .obj image slot,
322,res/data/img/322.img,UNKNOWN,not referenced by any .obj image slot,
323,res/data/img/323.img,UNKNOWN,not referenced by any .obj image slot,
324,res/data/img/324.img,UNKNOWN,not referenced by any .obj image slot,
325,res/data/img/325.img,UNKNOWN,not referenced by any .obj image slot,
326,res/data/img/326.img,UNKNOWN,not referenced by any .obj image slot,
327,res/data/img/327.img,UNKNOWN,not referenced by any .obj image slot,
328,res/data/img/328.img,UNKNOWN,not referenced by any .obj image slot,
329,res/data/img/329.img,UNKNOWN,not referenced by any .obj image slot,
330,res/data/img/330.img,UNKNOWN,not referenced by any .obj image slot,
331,res/data/img/331.img,UNKNOWN,not referenced by any .obj image slot,
332,res/data/img/332.img,UNKNOWN,not referenced by any .obj image slot,
333,res/data/img/333.img,UNKNOWN,not referenced by any .obj image slot,
334,res/data/img/334.img,UNKNOWN,not referenced by any .obj image slot,
335,res/data/img/335.img,UNKNOWN,not referenced by any .obj image slot,
336,res/data/img/336.img,UNKNOWN,not referenced by any .obj image slot,
337,res/data/img/337.img,UNKNOWN,not referenced by any .obj image slot,
338,res/data/img/338.img,UNKNOWN,not referenced by any .obj image slot,
339,res/data/img/339.img,UNKNOWN,not referenced by any .obj image slot,
340,res/data/img/340.img,UNKNOWN,not referenced by any .obj image slot,
341,res/data/img/341.img,UNKNOWN,not referenced by any .obj image slot,
342,res/data/img/342.img,UNKNOWN,not referenced by any .obj image slot,
343,res/data/img/343.img,UNKNOWN,not referenced by any .obj image slot,
344,res/data/img/344.img,UNKNOWN,not referenced by any .obj image slot,
345,res/data/img/345.img,UNKNOWN,not referenced by any .obj image slot,
346,res/data/img/346.img,UNKNOWN,not referenced by any .obj image slot,
347,res/data/img/347.img,UNKNOWN,not referenced by any .obj image slot,
348,res/data/img/348.img,UNKNOWN,not referenced by any .obj image slot,
349,res/data/img/349.img,UNKNOWN,not referenced by any .obj image slot,
350,res/data/img/350.img,UNKNOWN,not referenced by any .obj image slot,
351,res/data/img/351.img,UNKNOWN,not referenced by any .obj image slot,
352,res/data/img/352.img,UNKNOWN,not referenced by any .obj image slot,
353,res/data/img/353.img,UNKNOWN,not referenced by any .obj image slot,
354,res/data/img/354.img,UNKNOWN,not referenced by any .obj image slot,
355,res/data/img/355.img,UNKNOWN,not referenced by any .obj image slot,
356,res/data/img/356.img,UNKNOWN,not referenced by any .obj image slot,
357,res/data/img/357.img,UNKNOWN,not referenced by any .obj image slot,
358,res/data/img/358.img,UNKNOWN,not referenced by any .obj image slot,
359,res/data/img/359.img,UNKNOWN,not referenced by any .obj image slot,
360,res/data/img/360.img,UNKNOWN,not referenced by any .obj image slot,
361,res/data/img/361.img,UNKNOWN,not referenced by any .obj image slot,
362,res/data/img/362.img,UNKNOWN,not referenced by any .obj image slot,
363,res/data/img/363.img,UNKNOWN,not referenced by any .obj image slot,
364,res/data/img/364.img,UNKNOWN,not referenced by any .obj image slot,
365,res/data/img/365.img,UNKNOWN,not referenced by any .obj image slot,
366,res/data/img/366.img,UNKNOWN,not referenced by any .obj image slot,
367,res/data/img/367.img,UNKNOWN,not referenced by any .obj image slot,
368,res/data/img/368.img,UNKNOWN,not referenced by any .obj image slot,
369,res/data/img/369.img,UNKNOWN,not referenced by any .obj image slot,
370,res/data/img/370.img,UNKNOWN,not referenced by any .obj image slot,
371,res/data/img/371.img,UNKNOWN,not referenced by any .obj image slot,
372,res/data/img/372.img,UNKNOWN,not referenced by any .obj image slot,
373,res/data/img/373.img,UNKNOWN,not referenced by any .obj image slot,
374,res/data/img/374.img,UNKNOWN,not referenced by any .obj image slot,
375,res/data/img/375.img,UNKNOWN,not referenced by any .obj image slot,
376,res/data/img/376.img,UNKNOWN,not referenced by any .obj image slot,
377,res/data/img/377.img,UNKNOWN,not referenced by any .obj image slot,
378,res/data/img/378.img,UNKNOWN,not referenced by any .obj image slot,
379,res/data/img/379.img,UNKNOWN,not referenced by any .obj image slot,
380,res/data/img/380.img,UNKNOWN,not referenced by any .obj image slot,
381,res/data/img/381.img,UNKNOWN,not referenced by any .obj image slot,
382,res/data/img/382.img,UNKNOWN,not referenced by any .obj image slot,
383,res/data/img/383.img,UNKNOWN,not referenced by any .obj image slot,
384,res/data/img/384.img,UNKNOWN,not referenced by any .obj image slot,
385,res/data/img/385.img,UNKNOWN,not referenced by any .obj image slot,
386,res/data/img/386.img,UNKNOWN,not referenced by any .obj image slot,
387,res/data/img/387.img,UNKNOWN,not referenced by any .obj image slot,
388,res/data/img/388.img,UNKNOWN,not referenced by any .obj image slot,
389,res/data/img/389.img,UNKNOWN,not referenced by any .obj image slot,
390,res/data/img/390.img,UNKNOWN,not referenced by any .obj image slot,
391,res/data/img/391.img,UNKNOWN,not referenced by any .obj image slot,
392,res/data/img/392.img,UNKNOWN,not referenced by any .obj image slot,
393,res/data/img/393.img,UNKNOWN,not referenced by any .obj image slot,
394,res/data/img/394.img,UNKNOWN,not referenced by any .obj image slot,
395,res/data/img/395.img,UNKNOWN,not referenced by any .obj image slot,
396,res/data/img/396.img,UNKNOWN,not referenced by any .obj image slot,
397,res/data/img/397.img,UNKNOWN,not referenced by any .obj image slot,
398,res/data/img/398.img,UNKNOWN,not referenced by any .obj image slot,
399,res/data/img/399.img,UNKNOWN,not referenced by any .obj image slot,
400,res/data/img/400.img,UNKNOWN,not referenced by any .obj image slot,
401,res/data/img/401.img,UNKNOWN,not referenced by any .obj image slot,
402,res/data/img/402.img,UNKNOWN,not referenced by any .obj image slot,
403,res/data/img/403.img,UNKNOWN,not referenced by any .obj image slot,
404,res/data/img/404.img,UNKNOWN,not referenced by any .obj image slot,
405,res/data/img/405.img,UNKNOWN,not referenced by any .obj image slot,
406,res/data/img/406.img,UNKNOWN,not referenced by any .obj image slot,
407,res/data/img/407.img,UNKNOWN,not referenced by any .obj image slot,
408,res/data/img/408.img,UNKNOWN,not referenced by any .obj image slot,
409,res/data/img/409.img,UNKNOWN,not referenced by any .obj image slot,
410,res/data/img/410.img,UNKNOWN,not referenced by any .obj image slot,
411,res/data/img/411.img,UNKNOWN,not referenced by any .obj image slot,
412,res/data/img/412.img,UNKNOWN,not referenced by any .obj image slot,
413,res/data/img/413.img,UNKNOWN,not referenced by any .obj image slot,
414,res/data/img/414.img,UNKNOWN,not referenced by any .obj image slot,
415,res/data/img/415.img,UNKNOWN,not referenced by any .obj image slot,
416,res/data/img/416.img,UNKNOWN,not referenced by any .obj image slot,
417,res/data/img/417.img,UNKNOWN,not referenced by any .obj image slot,
418,res/data/img/418.img,UNKNOWN,not referenced by any .obj image slot,
419,res/data/img/419.img,UNKNOWN,not referenced by any .obj image slot,
420,res/data/img/420.img,UNKNOWN,not referenced by any .obj image slot,
421,res/data/img/421.img,UNKNOWN,not referenced by any .obj image slot,
422,res/data/img/422.img,UNKNOWN,not referenced by any .obj image slot,
423,res/data/img/423.img,UNKNOWN,not referenced by any .obj image slot,
424,res/data/img/424.img,UNKNOWN,not referenced by any .obj image slot,
425,res/data/img/425.img,UNKNOWN,not referenced by any .obj image slot,
426,res/data/img/426.img,UNKNOWN,not referenced by any .obj image slot,
427,res/data/img/427.img,UNKNOWN,not referenced by any .obj image slot,
428,res/data/img/428.img,UNKNOWN,not referenced by any .obj image slot,
429,res/data/img/429.img,UNKNOWN,not referenced by any .obj image slot,
430,res/data/img/430.img,UNKNOWN,not referenced by any .obj image slot,
431,res/data/img/431.img,UNKNOWN,not referenced by any .obj image slot,
432,res/data/img/432.img,UNKNOWN,not referenced by any .obj image slot,
433,res/data/img/433.img,UNKNOWN,not referenced by any .obj image slot,
434,res/data/img/434.img,UNKNOWN,not referenced by any .obj image slot,
435,res/data/img/435.img,UNKNOWN,not referenced by any .obj image slot,
436,res/data/img/436.img,UNKNOWN,not referenced by any .obj image slot,
437,res/data/img/437.img,UNKNOWN,not referenced by any .obj image slot,
438,res/data/img/438.img,UNKNOWN,not referenced by any .obj image slot,
439,res/data/img/439.img,UNKNOWN,not referenced by any .obj image slot,
440,res/data/img/440.img,UNKNOWN,not referenced by any .obj image slot,
441,res/data/img/441.img,UNKNOWN,not referenced by any .obj image slot,
442,res/data/img/442.img,UNKNOWN,not referenced by any .obj image slot,
443,res/data/img/443.img,UNKNOWN,not referenced by any .obj image slot,
444,res/data/img/444.img,UNKNOWN,not referenced by any .obj image slot,
445,res/data/img/445.img,UNKNOWN,not referenced by any .obj image slot,
448,res/data/img/448.img,UNKNOWN,not referenced by any .obj image slot,
449,res/data/img/449.img,UNKNOWN,not referenced by any .obj image slot,
450,res/data/img/450.img,UNKNOWN,not referenced by any .obj image slot,
451,res/data/img/451.img,UNKNOWN,not referenced by any .obj image slot,
452,res/data/img/452.img,UNKNOWN,not referenced by any .obj image slot,
453,res/data/img/453.img,UNKNOWN,not referenced by any .obj image slot,
454,res/data/img/454.img,UNKNOWN,not referenced by any .obj image slot,
455,res/data/img/455.img,UNKNOWN,not referenced by any .obj image slot,
456,res/data/img/456.img,UNKNOWN,not referenced by any .obj image slot,
457,res/data/img/457.img,UNKNOWN,not referenced by any .obj image slot,
462,res/data/img/462.img,UNKNOWN,not referenced by any .obj image slot,
463,res/data/img/463.img,UNKNOWN,not referenced by any .obj image slot,
464,res/data/img/464.img,UNKNOWN,not referenced by any .obj image slot,
465,res/data/img/465.img,UNKNOWN,not referenced by any .obj image slot,
466,res/data/img/466.img,UNKNOWN,not referenced by any .obj image slot,
467,res/data/img/467.img,UNKNOWN,not referenced by any .obj image slot,
468,res/data/img/468.img,UNKNOWN,not referenced by any .obj image slot,
469,res/data/img/469.img,UNKNOWN,not referenced by any .obj image slot,
470,res/data/img/470.img,UNKNOWN,not referenced by any .obj image slot,
471,res/data/img/471.img,UNKNOWN,not referenced by any .obj image slot,
472,res/data/img/472.img,UNKNOWN,not referenced by any .obj image slot,
473,res/data/img/473.img,UNKNOWN,not referenced by any .obj image slot,
474,res/data/img/474.img,UNKNOWN,not referenced by any .obj image slot,
475,res/data/img/475.img,UNKNOWN,not referenced by any .obj image slot,
476,res/data/img/476.img,UNKNOWN,not referenced by any .obj image slot,
477,res/data/img/477.img,UNKNOWN,not referenced by any .obj image slot,
478,res/data/img/478.img,UNKNOWN,not referenced by any .obj image slot,
479,res/data/img/479.img,UNKNOWN,not referenced by any .obj image slot,
480,res/data/img/480.img,UNKNOWN,not referenced by any .obj image slot,
481,res/data/img/481.img,UNKNOWN,not referenced by any .obj image slot,
482,res/data/img/482.img,UNKNOWN,not referenced by any .obj image slot,
483,res/data/img/483.img,UNKNOWN,not referenced by any .obj image slot,
484,res/data/img/484.img,UNKNOWN,not referenced by any .obj image slot,
485,res/data/img/485.img,UNKNOWN,not referenced by any .obj image slot,
486,res/data/img/486.img,UNKNOWN,not referenced by any .obj image slot,
487,res/data/img/487.img,UNKNOWN,not referenced by any .obj image slot,
488,res/data/img/488.img,UNKNOWN,not referenced by any .obj image slot,
489,res/data/img/489.img,UNKNOWN,not referenced by any .obj image slot,
490,res/data/img/490.img,UNKNOWN,not referenced by any .obj image slot,
491,res/data/img/491.img,UNKNOWN,not referenced by any .obj image slot,
492,res/data/img/492.img,UNKNOWN,not referenced by any .obj image slot,
493,res/data/img/493.img,UNKNOWN,not referenced by any .obj image slot,
494,res/data/img/494.img,UNKNOWN,not referenced by any .obj image slot,
495,res/data/img/495.img,UNKNOWN,not referenced by any .obj image slot,
496,res/data/img/496.img,UNKNOWN,not referenced by any .obj image slot,
497,res/data/img/497.img,UNKNOWN,not referenced by any .obj image slot,
498,res/data/img/498.img,UNKNOWN,not referenced by any .obj image slot,
499,res/data/img/499.img,UNKNOWN,not referenced by any .obj image slot,
500,res/data/img/500.img,UNKNOWN,not referenced by any .obj image slot,
501,res/data/img/501.img,UNKNOWN,not referenced by any .obj image slot,
502,res/data/img/502.img,UNKNOWN,not referenced by any .obj image slot,
503,res/data/img/503.img,UNKNOWN,not referenced by any .obj image slot,
504,res/data/img/504.img,UNKNOWN,not referenced by any .obj image slot,
505,res/data/img/505.img,UNKNOWN,not referenced by any .obj image slot,
506,res/data/img/506.img,UNKNOWN,not referenced by any .obj image slot,
507,res/data/img/507.img,UNKNOWN,not referenced by any .obj image slot,
508,res/data/img/508.img,UNKNOWN,not referenced by any .obj image slot,
509,res/data/img/509.img,UNKNOWN,not referenced by any .obj image slot,
510,res/data/img/510.img,UNKNOWN,not referenced by any .obj image slot,
511,res/data/img/511.img,UNKNOWN,not referenced by any .obj image slot,
512,res/data/img/512.img,UNKNOWN,not referenced by any .obj image slot,
513,res/data/img/513.img,UNKNOWN,not referenced by any .obj image slot,
514,res/data/img/514.img,UNKNOWN,not referenced by any .obj image slot,
515,res/data/img/515.img,UNKNOWN,not referenced by any .obj image slot,
516,res/data/img/516.img,UNKNOWN,not referenced by any .obj image slot,
517,res/data/img/517.img,UNKNOWN,not referenced by any .obj image slot,
518,res/data/img/518.img,UNKNOWN,not referenced by any .obj image slot,
519,res/data/img/519.img,UNKNOWN,not referenced by any .obj image slot,
520,res/data/img/520.img,UNKNOWN,not referenced by any .obj image slot,
521,res/data/img/521.img,UNKNOWN,not referenced by any .obj image slot,
522,res/data/img/522.img,UNKNOWN,not referenced by any .obj image slot,
523,res/data/img/523.img,UNKNOWN,not referenced by any .obj image slot,
524,res/data/img/524.img,UNKNOWN,not referenced by any .obj image slot,
525,res/data/img/525.img,UNKNOWN,not referenced by any .obj image slot,
526,res/data/img/526.img,UNKNOWN,not referenced by any .obj image slot,
527,res/data/img/527.img,UNKNOWN,not referenced by any .obj image slot,
528,res/data/img/528.img,UNKNOWN,not referenced by any .obj image slot,
529,res/data/img/529.img,UNKNOWN,not referenced by any .obj image slot,
530,res/data/img/530.img,UNKNOWN,not referenced by any .obj image slot,
531,res/data/img/531.img,UNKNOWN,not referenced by any .obj image slot,
532,res/data/img/532.img,UNKNOWN,not referenced by any .obj image slot,
533,res/data/img/533.img,UNKNOWN,not referenced by any .obj image slot,
534,res/data/img/534.img,UNKNOWN,not referenced by any .obj image slot,
535,res/data/img/535.img,UNKNOWN,not referenced by any .obj image slot,
536,res/data/img/536.img,UNKNOWN,not referenced by any .obj image slot,
537,res/data/img/537.img,UNKNOWN,not referenced by any .obj image slot,
538,res/data/img/538.img,UNKNOWN,not referenced by any .obj image slot,
539,res/data/img/539.img,UNKNOWN,not referenced by any .obj image slot,
540,res/data/img/540.img,UNKNOWN,not referenced by any .obj image slot,
541,res/data/img/541.img,UNKNOWN,not referenced by any .obj image slot,
542,res/data/img/542.img,UNKNOWN,not referenced by any .obj image slot,
543,res/data/img/543.img,UNKNOWN,not referenced by any .obj image slot,
544,res/data/img/544.img,UNKNOWN,not referenced by any .obj image slot,
545,res/data/img/545.img,UNKNOWN,not referenced by any .obj image slot,
546,res/data/img/546.img,UNKNOWN,not referenced by any .obj image slot,
547,res/data/img/547.img,UNKNOWN,not referenced by any .obj image slot,
548,res/data/img/548.img,UNKNOWN,not referenced by any .obj image slot,
549,res/data/img/549.img,UNKNOWN,not referenced by any .obj image slot,
550,res/data/img/550.img,UNKNOWN,not referenced by any .obj image slot,
551,res/data/img/551.img,UNKNOWN,not referenced by any .obj image slot,
552,res/data/img/552.img,UNKNOWN,not referenced by any .obj image slot,
553,res/data/img/553.img,UNKNOWN,not referenced by any .obj image slot,
554,res/data/img/554.img,UNKNOWN,not referenced by any .obj image slot,
555,res/data/img/555.img,UNKNOWN,not referenced by any .obj image slot,
556,res/data/img/556.img,UNKNOWN,not referenced by any .obj image slot,
557,res/data/img/557.img,UNKNOWN,not referenced by any .obj image slot,
558,res/data/img/558.img,UNKNOWN,not referenced by any .obj image slot,
559,res/data/img/559.img,UNKNOWN,not referenced by any .obj image slot,
560,res/data/img/560.img,UNKNOWN,not referenced by any .obj image slot,
561,res/data/img/561.img,UNKNOWN,not referenced by any .obj image slot,
562,res/data/img/562.img,UNKNOWN,not referenced by any .obj image slot,
563,res/data/img/563.img,UNKNOWN,not referenced by any .obj image slot,
564,res/data/img/564.img,UNKNOWN,not referenced by any .obj image slot,
565,res/data/img/565.img,UNKNOWN,not referenced by any .obj image slot,
566,res/data/img/566.img,UNKNOWN,not referenced by any .obj image slot,
567,res/data/img/567.img,UNKNOWN,not referenced by any .obj image slot,
568,res/data/img/568.img,UNKNOWN,not referenced by any .obj image slot,
569,res/data/img/569.img,UNKNOWN,not referenced by any .obj image slot,
570,res/data/img/570.img,UNKNOWN,not referenced by any .obj image slot,
571,res/data/img/571.img,UNKNOWN,not referenced by any .obj image slot,
572,res/data/img/572.img,UNKNOWN,not referenced by any .obj image slot,
573,res/data/img/573.img,UNKNOWN,not referenced by any .obj image slot,
574,res/data/img/574.img,UNKNOWN,not referenced by any .obj image slot,
575,res/data/img/575.img,UNKNOWN,not referenced by any .obj image slot,
576,res/data/img/576.img,UNKNOWN,not referenced by any .obj image slot,
577,res/data/img/577.img,UNKNOWN,not referenced by any .obj image slot,
578,res/data/img/578.img,UNKNOWN,not referenced by any .obj image slot,
579,res/data/img/579.img,UNKNOWN,not referenced by any .obj image slot,
580,res/data/img/580.img,UNKNOWN,not referenced by any .obj image slot,
581,res/data/img/581.img,UNKNOWN,not referenced by any .obj image slot,
582,res/data/img/582.img,UNKNOWN,not referenced by any .obj image slot,
583,res/data/img/583.img,UNKNOWN,not referenced by any .obj image slot,
584,res/data/img/584.img,UNKNOWN,not referenced by any .obj image slot,
585,res/data/img/585.img,UNKNOWN,not referenced by any .obj image slot,
586,res/data/img/586.img,UNKNOWN,not referenced by any .obj image slot,
587,res/data/img/587.img,UNKNOWN,not referenced by any .obj image slot,
588,res/data/img/588.img,UNKNOWN,not referenced by any .obj image slot,
589,res/data/img/589.img,UNKNOWN,not referenced by any .obj image slot,
590,res/data/img/590.img,UNKNOWN,not referenced by any .obj image slot,
591,res/data/img/591.img,UNKNOWN,not referenced by any .obj image slot,
592,res/data/img/592.img,UNKNOWN,not referenced by any .obj image slot,
593,res/data/img/593.img,UNKNOWN,not referenced by any .obj image slot,
594,res/data/img/594.img,UNKNOWN,not referenced by any .obj image slot,
595,res/data/img/595.img,UNKNOWN,not referenced by any .obj image slot,
596,res/data/img/596.img,UNKNOWN,not referenced by any .obj image slot,
597,res/data/img/597.img,UNKNOWN,not referenced by any .obj image slot,
598,res/data/img/598.img,UNKNOWN,not referenced by any .obj image slot,
599,res/data/img/599.img,UNKNOWN,not referenced by any .obj image slot,
600,res/data/img/600.img,UNKNOWN,not referenced by any .obj image slot,
601,res/data/img/601.img,UNKNOWN,not referenced by any .obj image slot,
602,res/data/img/602.img,UNKNOWN,not referenced by any .obj image slot,
603,res/data/img/603.img,UNKNOWN,not referenced by any .obj image slot,
604,res/data/img/604.img,UNKNOWN,not referenced by any .obj image slot,
605,res/data/img/605.img,UNKNOWN,not referenced by any .obj image slot,
606,res/data/img/606.img,UNKNOWN,not referenced by any .obj image slot,
607,res/data/img/607.img,UNKNOWN,not referenced by any .obj image slot,
608,res/data/img/608.img,UNKNOWN,not referenced by any .obj image slot,
609,res/data/img/609.img,UNKNOWN,not referenced by any .obj image slot,
610,res/data/img/610.img,UNKNOWN,not referenced by any .obj image slot,
611,res/data/img/611.img,UNKNOWN,not referenced by any .obj image slot,
612,res/data/img/612.img,UNKNOWN,not referenced by any .obj image slot,
613,res/data/img/613.img,UNKNOWN,not referenced by any .obj image slot,
614,res/data/img/614.img,UNKNOWN,not referenced by any .obj image slot,
615,res/data/img/615.img,UNKNOWN,not referenced by any .obj image slot,
616,res/data/img/616.img,UNKNOWN,not referenced by any .obj image slot,
617,res/data/img/617.img,UNKNOWN,not referenced by any .obj image slot,
618,res/data/img/618.img,UNKNOWN,not referenced by any .obj image slot,
619,res/data/img/619.img,UNKNOWN,not referenced by any .obj image slot,
620,res/data/img/620.img,UNKNOWN,not referenced by any .obj image slot,
621,res/data/img/621.img,UNKNOWN,not referenced by any .obj image slot,
622,res/data/img/622.img,UNKNOWN,not referenced by any .obj image slot,
623,res/data/img/623.img,UNKNOWN,not referenced by any .obj image slot,
624,res/data/img/624.img,UNKNOWN,not referenced by any .obj image slot,
625,res/data/img/625.img,UNKNOWN,not referenced by any .obj image slot,
626,res/data/img/626.img,UNKNOWN,not referenced by any .obj image slot,
627,res/data/img/627.img,UNKNOWN,not referenced by any .obj image slot,
628,res/data/img/628.img,UNKNOWN,not referenced by any .obj image slot,
629,res/data/img/629.img,UNKNOWN,not referenced by any .obj image slot,
630,res/data/img/630.img,UNKNOWN,not referenced by any .obj image slot,
631,res/data/img/631.img,UNKNOWN,not referenced by any .obj image slot,
632,res/data/img/632.img,UNKNOWN,not referenced by any .obj image slot,
633,res/data/img/633.img,UNKNOWN,not referenced by any .obj image slot,
634,res/data/img/634.img,UNKNOWN,not referenced by any .obj image slot,
635,res/data/img/635.img,UNKNOWN,not referenced by any .obj image slot,
636,res/data/img/636.img,UNKNOWN,not referenced by any .obj image slot,
637,res/data/img/637.img,UNKNOWN,not referenced by any .obj image slot,
638,res/data/img/638.img,UNKNOWN,not referenced by any .obj image slot,
639,res/data/img/639.img,UNKNOWN,not referenced by any .obj image slot,
640,res/data/img/640.img,UNKNOWN,not referenced by any .obj image slot,
641,res/data/img/641.img,UNKNOWN,not referenced by any .obj image slot,
642,res/data/img/642.img,UNKNOWN,not referenced by any .obj image slot,
643,res/data/img/643.img,UNKNOWN,not referenced by any .obj image slot,
644,res/data/img/644.img,UNKNOWN,not referenced by any .obj image slot,
645,res/data/img/645.img,UNKNOWN,not referenced by any .obj image slot,
646,res/data/img/646.img,UNKNOWN,not referenced by any .obj image slot,
647,res/data/img/647.img,UNKNOWN,not referenced by any .obj image slot,
648,res/data/img/648.img,UNKNOWN,not referenced by any .obj image slot,
649,res/data/img/649.img,UNKNOWN,not referenced by any .obj image slot,
650,res/data/img/650.img,UNKNOWN,not referenced by any .obj image slot,
651,res/data/img/651.img,UNKNOWN,not referenced by any .obj image slot,
652,res/data/img/652.img,UNKNOWN,not referenced by any .obj image slot,
653,res/data/img/653.img,UNKNOWN,not referenced by any .obj image slot,
654,res/data/img/654.img,UNKNOWN,not referenced by any .obj image slot,
655,res/data/img/655.img,UNKNOWN,not referenced by any .obj image slot,
656,res/data/img/656.img,UNKNOWN,not referenced by any .obj image slot,
657,res/data/img/657.img,UNKNOWN,not referenced by any .obj image slot,
658,res/data/img/658.img,UNKNOWN,not referenced by any .obj image slot,
659,res/data/img/659.img,UNKNOWN,not referenced by any .obj image slot,
660,res/data/img/660.img,UNKNOWN,not referenced by any .obj image slot,
661,res/data/img/661.img,UNKNOWN,not referenced by any .obj image slot,
662,res/data/img/662.img,UNKNOWN,not referenced by any .obj image slot,
663,res/data/img/663.img,UNKNOWN,not referenced by any .obj image slot,
664,res/data/img/664.img,UNKNOWN,not referenced by any .obj image slot,
665,res/data/img/665.img,UNKNOWN,not referenced by any .obj image slot,
666,res/data/img/666.img,UNKNOWN,not referenced by any .obj image slot,
667,res/data/img/667.img,UNKNOWN,not referenced by any .obj image slot,
668,res/data/img/668.img,UNKNOWN,not referenced by any .obj image slot,
669,res/data/img/669.img,UNKNOWN,not referenced by any .obj image slot,
670,res/data/img/670.img,UNKNOWN,not referenced by any .obj image slot,
671,res/data/img/671.img,UNKNOWN,not referenced by any .obj image slot,
672,res/data/img/672.img,UNKNOWN,not referenced by any .obj image slot,
673,res/data/img/673.img,UNKNOWN,not referenced by any .obj image slot,
674,res/data/img/674.img,UNKNOWN,not referenced by any .obj image slot,
675,res/data/img/675.img,UNKNOWN,not referenced by any .obj image slot,
676,res/data/img/676.img,UNKNOWN,not referenced by any .obj image slot,
677,res/data/img/677.img,UNKNOWN,not referenced by any .obj image slot,
678,res/data/img/678.img,UNKNOWN,not referenced by any .obj image slot,
679,res/data/img/679.img,UNKNOWN,not referenced by any .obj image slot,
680,res/data/img/680.img,UNKNOWN,not referenced by any .obj image slot,
681,res/data/img/681.img,UNKNOWN,not referenced by any .obj image slot,
682,res/data/img/682.img,UNKNOWN,not referenced by any .obj image slot,
683,res/data/img/683.img,UNKNOWN,not referenced by any .obj image slot,
684,res/data/img/684.img,UNKNOWN,not referenced by any .obj image slot,
685,res/data/img/685.img,UNKNOWN,not referenced by any .obj image slot,
686,res/data/img/686.img,UNKNOWN,not referenced by any .obj image slot,
687,res/data/img/687.img,UNKNOWN,not referenced by any .obj image slot,
688,res/data/img/688.img,UNKNOWN,not referenced by any .obj image slot,
689,res/data/img/689.img,UNKNOWN,not referenced by any .obj image slot,
690,res/data/img/690.img,UNKNOWN,not referenced by any .obj image slot,
691,res/data/img/691.img,UNKNOWN,not referenced by any .obj image slot,
692,res/data/img/692.img,UNKNOWN,not referenced by any .obj image slot,
693,res/data/img/693.img,UNKNOWN,not referenced by any .obj image slot,
694,res/data/img/694.img,UNKNOWN,not referenced by any .obj image slot,
695,res/data/img/695.img,UNKNOWN,not referenced by any .obj image slot,
696,res/data/img/696.img,UNKNOWN,not referenced by any .obj image slot,
697,res/data/img/697.img,UNKNOWN,not referenced by any .obj image slot,
698,res/data/img/698.img,UNKNOWN,not referenced by any .obj image slot,
699,res/data/img/699.img,UNKNOWN,not referenced by any .obj image slot,
700,res/data/img/700.img,UNKNOWN,not referenced by any .obj image slot,
701,res/data/img/701.img,UNKNOWN,not referenced by any .obj image slot,
702,res/data/img/702.img,UNKNOWN,not referenced by any .obj image slot,
703,res/data/img/703.img,UNKNOWN,not referenced by any .obj image slot,
704,res/data/img/704.img,UNKNOWN,not referenced by any .obj image slot,
705,res/data/img/705.img,UNKNOWN,not referenced by any .obj image slot,
706,res/data/img/706.img,UNKNOWN,not referenced by any .obj image slot,
707,res/data/img/707.img,UNKNOWN,not referenced by any .obj image slot,
708,res/data/img/708.img,UNKNOWN,not referenced by any .obj image slot,
709,res/data/img/709.img,UNKNOWN,not referenced by any .obj image slot,
710,res/data/img/710.img,UNKNOWN,not referenced by any .obj image slot,
711,res/data/img/711.img,UNKNOWN,not referenced by any .obj image slot,
712,res/data/img/712.img,UNKNOWN,not referenced by any .obj image slot,
713,res/data/img/713.img,UNKNOWN,not referenced by any .obj image slot,
714,res/data/img/714.img,UNKNOWN,not referenced by any .obj image slot,
715,res/data/img/715.img,UNKNOWN,not referenced by any .obj image slot,
716,res/data/img/716.img,UNKNOWN,not referenced by any .obj image slot,
717,res/data/img/717.img,UNKNOWN,not referenced by any .obj image slot,
718,res/data/img/718.img,UNKNOWN,not referenced by any .obj image slot,
719,res/data/img/719.img,UNKNOWN,not referenced by any .obj image slot,
720,res/data/img/720.img,UNKNOWN,not referenced by any .obj image slot,
721,res/data/img/721.img,UNKNOWN,not referenced by any .obj image slot,
722,res/data/img/722.img,UNKNOWN,not referenced by any .obj image slot,
723,res/data/img/723.img,UNKNOWN,not referenced by any .obj image slot,
724,res/data/img/724.img,UNKNOWN,not referenced by any .obj image slot,
725,res/data/img/725.img,UNKNOWN,not referenced by any .obj image slot,
726,res/data/img/726.img,UNKNOWN,not referenced by any .obj image slot,
727,res/data/img/727.img,UNKNOWN,not referenced by any .obj image slot,
728,res/data/img/728.img,UNKNOWN,not referenced by any .obj image slot,
729,res/data/img/729.img,UNKNOWN,not referenced by any .obj image slot,
730,res/data/img/730.img,UNKNOWN,not referenced by any .obj image slot,
731,res/data/img/731.img,UNKNOWN,not referenced by any .obj image slot,
732,res/data/img/732.img,UNKNOWN,not referenced by any .obj image slot,
733,res/data/img/733.img,UNKNOWN,not referenced by any .obj image slot,
734,res/data/img/734.img,UNKNOWN,not referenced by any .obj image slot,
735,res/data/img/735.img,UNKNOWN,not referenced by any .obj image slot,
736,res/data/img/736.img,UNKNOWN,not referenced by any .obj image slot,
737,res/data/img/737.img,UNKNOWN,not referenced by any .obj image slot,
738,res/data/img/738.img,UNKNOWN,not referenced by any .obj image slot,
739,res/data/img/739.img,UNKNOWN,not referenced by any .obj image slot,
740,res/data/img/740.img,UNKNOWN,not referenced by any .obj image slot,
741,res/data/img/741.img,UNKNOWN,not referenced by any .obj image slot,
742,res/data/img/742.img,UNKNOWN,not referenced by any .obj image slot,
743,res/data/img/743.img,UNKNOWN,not referenced by any .obj image slot,
744,res/data/img/744.img,UNKNOWN,not referenced by any .obj image slot,
745,res/data/img/745.img,UNKNOWN,not referenced by any .obj image slot,
746,res/data/img/746.img,UNKNOWN,not referenced by any .obj image slot,
747,res/data/img/747.img,UNKNOWN,not referenced by any .obj image slot,
748,res/data/img/748.img,UNKNOWN,not referenced by any .obj image slot,
749,res/data/img/749.img,UNKNOWN,not referenced by any .obj image slot,
750,res/data/img/750.img,UNKNOWN,not referenced by any .obj image slot,
751,res/data/img/751.img,UNKNOWN,not referenced by any .obj image slot,
752,res/data/img/752.img,UNKNOWN,not referenced by any .obj image slot,
753,res/data/img/753.img,UNKNOWN,not referenced by any .obj image slot,
754,res/data/img/754.img,UNKNOWN,not referenced by any .obj image slot,
755,res/data/img/755.img,UNKNOWN,not referenced by any .obj image slot,
756,res/data/img/756.img,UNKNOWN,not referenced by any .obj image slot,
757,res/data/img/757.img,UNKNOWN,not referenced by any .obj image slot,
758,res/data/img/758.img,UNKNOWN,not referenced by any .obj image slot,
759,res/data/img/759.img,UNKNOWN,not referenced by any .obj image slot,
760,res/data/img/760.img,UNKNOWN,not referenced by any .obj image slot,
761,res/data/img/761.img,UNKNOWN,not referenced by any .obj image slot,
762,res/data/img/762.img,UNKNOWN,not referenced by any .obj image slot,
763,res/data/img/763.img,UNKNOWN,not referenced by any .obj image slot,
764,res/data/img/764.img,UNKNOWN,not referenced by any .obj image slot,
765,res/data/img/765.img,UNKNOWN,not referenced by any .obj image slot,
766,res/data/img/766.img,UNKNOWN,not referenced by any .obj image slot,
767,res/data/img/767.img,UNKNOWN,not referenced by any .obj image slot,
768,res/data/img/768.img,UNKNOWN,not referenced by any .obj image slot,
769,res/data/img/769.img,UNKNOWN,not referenced by any .obj image slot,
770,res/data/img/770.img,UNKNOWN,not referenced by any .obj image slot,
771,res/data/img/771.img,UNKNOWN,not referenced by any .obj image slot,
772,res/data/img/772.img,UNKNOWN,not referenced by any .obj image slot,
773,res/data/img/773.img,UNKNOWN,not referenced by any .obj image slot,
774,res/data/img/774.img,UNKNOWN,not referenced by any .obj image slot,
775,res/data/img/775.img,UNKNOWN,not referenced by any .obj image slot,
776,res/data/img/776.img,UNKNOWN,not referenced by any .obj image slot,
777,res/data/img/777.img,UNKNOWN,not referenced by any .obj image slot,
778,res/data/img/778.img,UNKNOWN,not referenced by any .obj image slot,
779,res/data/img/779.img,UNKNOWN,not referenced by any .obj image slot,
780,res/data/img/780.img,UNKNOWN,not referenced by any .obj image slot,
800,res/data/img/800.img,UNKNOWN,not referenced by any .obj image slot,
801,res/data/img/801.img,UNKNOWN,not referenced by any .obj image slot,
802,res/data/img/802.img,UNKNOWN,not referenced by any .obj image slot,
803,res/data/img/803.img,UNKNOWN,not referenced by any .obj image slot,
804,res/data/img/804.img,UNKNOWN,not referenced by any .obj image slot,
805,res/data/img/805.img,UNKNOWN,not referenced by any .obj image slot,
806,res/data/img/806.img,UNKNOWN,not referenced by any .obj image slot,
807,res/data/img/807.img,UNKNOWN,not referenced by any .obj image slot,
808,res/data/img/808.img,UNKNOWN,not referenced by any .obj image slot,
809,res/data/img/809.img,UNKNOWN,not referenced by any .obj image slot,
810,res/data/img/810.img,UNKNOWN,not referenced by any .obj image slot,
811,res/data/img/811.img,UNKNOWN,not referenced by any .obj image slot,
812,res/data/img/812.img,UNKNOWN,not referenced by any .obj image slot,
813,res/data/img/813.img,UNKNOWN,not referenced by any .obj image slot,
814,res/data/img/814.img,UNKNOWN,not referenced by any .obj image slot,
815,res/data/img/815.img,UNKNOWN,not referenced by any .obj image slot,
816,res/data/img/816.img,UNKNOWN,not referenced by any .obj image slot,
817,res/data/img/817.img,UNKNOWN,not referenced by any .obj image slot,
818,res/data/img/818.img,UNKNOWN,not referenced by any .obj image slot,
819,res/data/img/819.img,UNKNOWN,not referenced by any .obj image slot,
820,res/data/img/820.img,UNKNOWN,not referenced by any .obj image slot,
821,res/data/img/821.img,UNKNOWN,not referenced by any .obj image slot,
822,res/data/img/822.img,UNKNOWN,not referenced by any .obj image slot,
823,res/data/img/823.img,UNKNOWN,not referenced by any .obj image slot,
824,res/data/img/824.img,UNKNOWN,not referenced by any .obj image slot,
825,res/data/img/825.img,UNKNOWN,not referenced by any .obj image slot,
826,res/data/img/826.img,UNKNOWN,not referenced by any .obj image slot,
827,res/data/img/827.img,UNKNOWN,not referenced by any .obj image slot,
828,res/data/img/828.img,UNKNOWN,not referenced by any .obj image slot,
829,res/data/img/829.img,UNKNOWN,not referenced by any .obj image slot,
830,res/data/img/830.img,UNKNOWN,not referenced by any .obj image slot,
831,res/data/img/831.img,UNKNOWN,not referenced by any .obj image slot,
832,res/data/img/832.img,UNKNOWN,not referenced by any .obj image slot,
833,res/data/img/833.img,UNKNOWN,not referenced by any .obj image slot,
834,res/data/img/834.img,UNKNOWN,not referenced by any .obj image slot,
835,res/data/img/835.img,UNKNOWN,not referenced by any .obj image slot,
836,res/data/img/836.img,UNKNOWN,not referenced by any .obj image slot,
837,res/data/img/837.img,UNKNOWN,not referenced by any .obj image slot,
838,res/data/img/838.img,UNKNOWN,not referenced by any .obj image slot,
839,res/data/img/839.img,UNKNOWN,not referenced by any .obj image slot,
840,res/data/img/840.img,UNKNOWN,not referenced by any .obj image slot,
841,res/data/img/841.img,UNKNOWN,not referenced by any .obj image slot,
842,res/data/img/842.img,UNKNOWN,not referenced by any .obj image slot,
843,res/data/img/843.img,UNKNOWN,not referenced by any .obj image slot,
844,res/data/img/844.img,UNKNOWN,not referenced by any .obj image slot,
845,res/data/img/845.img,UNKNOWN,not referenced by any .obj image slot,
846,res/data/img/846.img,UNKNOWN,not referenced by any .obj image slot,
847,res/data/img/847.img,UNKNOWN,not referenced by any .obj image slot,
848,res/data/img/848.img,UNKNOWN,not referenced by any .obj image slot,
849,res/data/img/849.img,UNKNOWN,not referenced by any .obj image slot,
850,res/data/img/850.img,UNKNOWN,not referenced by any .obj image slot,
851,res/data/img/851.img,UNKNOWN,not referenced by any .obj image slot,
852,res/data/img/852.img,UNKNOWN,not referenced by any .obj image slot,
853,res/data/img/853.img,UNKNOWN,not referenced by any .obj image slot,
854,res/data/img/854.img,UNKNOWN,not referenced by any .obj image slot,
855,res/data/img/855.img,UNKNOWN,not referenced by any .obj image slot,
856,res/data/img/856.img,UNKNOWN,not referenced by any .obj image slot,
857,res/data/img/857.img,UNKNOWN,not referenced by any .obj image slot,
858,res/data/img/858.img,UNKNOWN,not referenced by any .obj image slot,
859,res/data/img/859.img,UNKNOWN,not referenced by any .obj image slot,
860,res/data/img/860.img,UNKNOWN,not referenced by any .obj image slot,
861,res/data/img/861.img,UNKNOWN,not referenced by any .obj image slot,
862,res/data/img/862.img,UNKNOWN,not referenced by any .obj image slot,
863,res/data/img/863.img,UNKNOWN,not referenced by any .obj image slot,
864,res/data/img/864.img,UNKNOWN,not referenced by any .obj image slot,
865,res/data/img/865.img,UNKNOWN,not referenced by any .obj image slot,
866,res/data/img/866.img,UNKNOWN,not referenced by any .obj image slot,
867,res/data/img/867.img,UNKNOWN,not referenced by any .obj image slot,
868,res/data/img/868.img,UNKNOWN,not referenced by any .obj image slot,
869,res/data/img/869.img,UNKNOWN,not referenced by any .obj image slot,
870,res/data/img/870.img,UNKNOWN,not referenced by any .obj image slot,
871,res/data/img/871.img,UNKNOWN,not referenced by any .obj image slot,
872,res/data/img/872.img,UNKNOWN,not referenced by any .obj image slot,
873,res/data/img/873.img,UNKNOWN,not referenced by any .obj image slot,
874,res/data/img/874.img,UNKNOWN,not referenced by any .obj image slot,
875,res/data/img/875.img,UNKNOWN,not referenced by any .obj image slot,
876,res/data/img/876.img,UNKNOWN,not referenced by any .obj image slot,
877,res/data/img/877.img,UNKNOWN,not referenced by any .obj image slot,
878,res/data/img/878.img,UNKNOWN,not referenced by any .obj image slot,
879,res/data/img/879.img,UNKNOWN,not referenced by any .obj image slot,
880,res/data/img/880.img,UNKNOWN,not referenced by any .obj image slot,
881,res/data/img/881.img,UNKNOWN,not referenced by any .obj image slot,
882,res/data/img/882.img,UNKNOWN,not referenced by any .obj image slot,
883,res/data/img/883.img,UNKNOWN,not referenced by any .obj image slot,
884,res/data/img/884.img,UNKNOWN,not referenced by any .obj image slot,
885,res/data/img/885.img,UNKNOWN,not referenced by any .obj image slot,
886,res/data/img/886.img,UNKNOWN,not referenced by any .obj image slot,
887,res/data/img/887.img,UNKNOWN,not referenced by any .obj image slot,
888,res/data/img/888.img,UNKNOWN,not referenced by any .obj image slot,
889,res/data/img/889.img,UNKNOWN,not referenced by any .obj image slot,
890,res/data/img/890.img,UNKNOWN,not referenced by any .obj image slot,
891,res/data/img/891.img,UNKNOWN,not referenced by any .obj image slot,
892,res/data/img/892.img,UNKNOWN,not referenced by any .obj image slot,
893,res/data/img/893.img,UNKNOWN,not referenced by any .obj image slot,
894,res/data/img/894.img,UNKNOWN,not referenced by any .obj image slot,
895,res/data/img/895.img,UNKNOWN,not referenced by any .obj image slot,
896,res/data/img/896.img,UNKNOWN,not referenced by any .obj image slot,
897,res/data/img/897.img,UNKNOWN,not referenced by any .obj image slot,
898,res/data/img/898.img,UNKNOWN,not referenced by any .obj image slot,
899,res/data/img/899.img,UNKNOWN,not referenced by any .obj image slot,
900,res/data/img/900.img,UNKNOWN,not referenced by any .obj image slot,
901,res/data/img/901.img,UNKNOWN,not referenced by any .obj image slot,
902,res/data/img/902.img,UNKNOWN,not referenced by any .obj image slot,
903,res/data/img/903.img,UNKNOWN,not referenced by any .obj image slot,
904,res/data/img/904.img,UNKNOWN,not referenced by any .obj image slot,
905,res/data/img/905.img,UNKNOWN,not referenced by any .obj image slot,
906,res/data/img/906.img,UNKNOWN,not referenced by any .obj image slot,
907,res/data/img/907.img,UNKNOWN,not referenced by any .obj image slot,
908,res/data/img/908.img,UNKNOWN,not referenced by any .obj image slot,
909,res/data/img/909.img,UNKNOWN,not referenced by any .obj image slot,
910,res/data/img/910.img,UNKNOWN,not referenced by any .obj image slot,
911,res/data/img/911.img,UNKNOWN,not referenced by any .obj image slot,
912,res/data/img/912.img,UNKNOWN,not referenced by any .obj image slot,
913,res/data/img/913.img,UNKNOWN,not referenced by any .obj image slot,
914,res/data/img/914.img,UNKNOWN,not referenced by any .obj image slot,
915,res/data/img/915.img,UNKNOWN,not referenced by any .obj image slot,
916,res/data/img/916.img,UNKNOWN,not referenced by any .obj image slot,
917,res/data/img/917.img,UNKNOWN,not referenced by any .obj image slot,
918,res/data/img/918.img,UNKNOWN,not referenced by any .obj image slot,
919,res/data/img/919.img,UNKNOWN,not referenced by any .obj image slot,
920,res/data/img/920.img,UNKNOWN,not referenced by any .obj image slot,
921,res/data/img/921.img,UNKNOWN,not referenced by any .obj image slot,
922,res/data/img/922.img,UNKNOWN,not referenced by any .obj image slot,
923,res/data/img/923.img,UNKNOWN,not referenced by any .obj image slot,
924,res/data/img/924.img,UNKNOWN,not referenced by any .obj image slot,
925,res/data/img/925.img,UNKNOWN,not referenced by any .obj image slot,
926,res/data/img/926.img,UNKNOWN,not referenced by any .obj image slot,
927,res/data/img/927.img,UNKNOWN,not referenced by any .obj image slot,
928,res/data/img/928.img,UNKNOWN,not referenced by any .obj image slot,
929,res/data/img/929.img,UNKNOWN,not referenced by any .obj image slot,
930,res/data/img/930.img,UNKNOWN,not referenced by any .obj image slot,
931,res/data/img/931.img,UNKNOWN,not referenced by any .obj image slot,
932,res/data/img/932.img,UNKNOWN,not referenced by any .obj image slot,
933,res/data/img/933.img,UNKNOWN,not referenced by any .obj image slot,
934,res/data/img/934.img,UNKNOWN,not referenced by any .obj image slot,
935,res/data/img/935.img,UNKNOWN,not referenced by any .obj image slot,
936,res/data/img/936.img,UNKNOWN,not referenced by any .obj image slot,
937,res/data/img/937.img,UNKNOWN,not referenced by any .obj image slot,
938,res/data/img/938.img,UNKNOWN,not referenced by any .obj image slot,
939,res/data/img/939.img,UNKNOWN,not referenced by any .obj image slot,
940,res/data/img/940.img,UNKNOWN,not referenced by any .obj image slot,
941,res/data/img/941.img,UNKNOWN,not referenced by any .obj image slot,
942,res/data/img/942.img,UNKNOWN,not referenced by any .obj image slot,
943,res/data/img/943.img,UNKNOWN,not referenced by any .obj image slot,
944,res/data/img/944.img,UNKNOWN,not referenced by any .obj image slot,
945,res/data/img/945.img,UNKNOWN,not referenced by any .obj image slot,
946,res/data/img/946.img,UNKNOWN,not referenced by any .obj image slot,
947,res/data/img/947.img,UNKNOWN,not referenced by any .obj image slot,
948,res/data/img/948.img,UNKNOWN,not referenced by any .obj image slot,
949,res/data/img/949.img,UNKNOWN,not referenced by any .obj image slot,
950,res/data/img/950.img,UNKNOWN,not referenced by any .obj image slot,
951,res/data/img/951.img,UNKNOWN,not referenced by any .obj image slot,
952,res/data/img/952.img,UNKNOWN,not referenced by any .obj image slot,
953,res/data/img/953.img,UNKNOWN,not referenced by any .obj image slot,
954,res/data/img/954.img,UNKNOWN,not referenced by any .obj image slot,
955,res/data/img/955.img,UNKNOWN,not referenced by any .obj image slot,
956,res/data/img/956.img,UNKNOWN,not referenced by any .obj image slot,
957,res/data/img/957.img,UNKNOWN,not referenced by any .obj image slot,
958,res/data/img/958.img,UNKNOWN,not referenced by any .obj image slot,
959,res/data/img/959.img,UNKNOWN,not referenced by any .obj image slot,
960,res/data/img/960.img,UNKNOWN,not referenced by any .obj image slot,
961,res/data/img/961.img,UNKNOWN,not referenced by any .obj image slot,
962,res/data/img/962.img,UNKNOWN,not referenced by any .obj image slot,
963,res/data/img/963.img,UNKNOWN,not referenced by any .obj image slot,
964,res/data/img/964.img,UNKNOWN,not referenced by any .obj image slot,
965,res/data/img/965.img,UNKNOWN,not referenced by any .obj image slot,
966,res/data/img/966.img,UNKNOWN,not referenced by any .obj image slot,
967,res/data/img/967.img,UNKNOWN,not referenced by any .obj image slot,
968,res/data/img/968.img,UNKNOWN,not referenced by any .obj image slot,
969,res/data/img/969.img,UNKNOWN,not referenced by any .obj image slot,
970,res/data/img/970.img,UNKNOWN,not referenced by any .obj image slot,
971,res/data/img/971.img,UNKNOWN,not referenced by any .obj image slot,
972,res/data/img/972.img,UNKNOWN,not referenced by any .obj image slot,
973,res/data/img/973.img,UNKNOWN,not referenced by any .obj image slot,
974,res/data/img/974.img,UNKNOWN,not referenced by any .obj image slot,
975,res/data/img/975.img,UNKNOWN,not referenced by any .obj image slot,
976,res/data/img/976.img,UNKNOWN,not referenced by any .obj image slot,
977,res/data/img/977.img,UNKNOWN,not referenced by any .obj image slot,
978,res/data/img/978.img,UNKNOWN,not referenced by any .obj image slot,
979,res/data/img/979.img,UNKNOWN,not referenced by any .obj image slot,
980,res/data/img/980.img,UNKNOWN,not referenced by any .obj image slot,
981,res/data/img/981.img,UNKNOWN,not referenced by any .obj image slot,
982,res/data/img/982.img,UNKNOWN,not referenced by any .obj image slot,
983,res/data/img/983.img,UNKNOWN,not referenced by any .obj image slot,
984,res/data/img/984.img,UNKNOWN,not referenced by any .obj image slot,
985,res/data/img/985.img,UNKNOWN,not referenced by any .obj image slot,
986,res/data/img/986.img,UNKNOWN,not referenced by any .obj image slot,
987,res/data/img/987.img,UNKNOWN,not referenced by any .obj image slot,
988,res/data/img/988.img,UNKNOWN,not referenced by any .obj image slot,
989,res/data/img/989.img,UNKNOWN,not referenced by any .obj image slot,
990,res/data/img/990.img,UNKNOWN,not referenced by any .obj image slot,
991,res/data/img/991.img,UNKNOWN,not referenced by any .obj image slot,
992,res/data/img/992.img,UNKNOWN,not referenced by any .obj image slot,
993,res/data/img/993.img,UNKNOWN,not referenced by any .obj image slot,
994,res/data/img/994.img,UNKNOWN,not referenced by any .obj image slot,
995,res/data/img/995.img,UNKNOWN,not referenced by any .obj image slot,
996,res/data/img/996.img,UNKNOWN,not referenced by any .obj image slot,
997,res/data/img/997.img,UNKNOWN,not referenced by any .obj image slot,
998,res/data/img/998.img,UNKNOWN,not referenced by any .obj image slot,
999,res/data/img/999.img,UNKNOWN,not referenced by any .obj image slot,
1000,res/data/img/1000.img,UNKNOWN,not referenced by any .obj image slot,
1001,res/data/img/1001.img,UNKNOWN,not referenced by any .obj image slot,
1002,res/data/img/1002.img,UNKNOWN,not referenced by any .obj image slot,
2000,res/data/img/2000.img,UNKNOWN,not referenced by any .obj image slot,
2001,res/data/img/2001.img,UNKNOWN,not referenced by any .obj image slot,
2002,res/data/img/2002.img,UNKNOWN,not referenced by any .obj image slot,
2003,res/data/img/2003.img,UNKNOWN,not referenced by any .obj image slot,
2004,res/data/img/2004.img,UNKNOWN,not referenced by any .obj image slot,
2005,res/data/img/2005.img,UNKNOWN,not referenced by any .obj image slot,
2006,res/data/img/2006.img,UNKNOWN,not referenced by any .obj image slot,
2007,res/data/img/2007.img,UNKNOWN,not referenced by any .obj image slot,
2008,res/data/img/2008.img,UNKNOWN,not referenced by any .obj image slot,
2009,res/data/img/2009.img,UNKNOWN,not referenced by any .obj image slot,
2010,res/data/img/2010.img,UNKNOWN,not referenced by any .obj image slot,
2011,res/data/img/2011.img,UNKNOWN,not referenced by any .obj image slot,
2012,res/data/img/2012.img,UNKNOWN,not referenced by any .obj image slot,
2013,res/data/img/2013.img,UNKNOWN,not referenced by any .obj image slot,
2014,res/data/img/2014.img,UNKNOWN,not referenced by any .obj image slot,
2015,res/data/img/2015.img,UNKNOWN,not referenced by any .obj image slot,
2016,res/data/img/2016.img,UNKNOWN,not referenced by any .obj image slot,
2017,res/data/img/2017.img,UNKNOWN,not referenced by any .obj image slot,
2018,res/data/img/2018.img,UNKNOWN,not referenced by any .obj image slot,
2019,res/data/img/2019.img,UNKNOWN,not referenced by any .obj image slot,
2020,res/data/img/2020.img,UNKNOWN,not referenced by any .obj image slot,
2021,res/data/img/2021.img,UNKNOWN,not referenced by any .obj image slot,
2022,res/data/img/2022.img,UNKNOWN,not referenced by any .obj image slot,
2023,res/data/img/2023.img,UNKNOWN,not referenced by any .obj image slot,
2024,res/data/img/2024.img,UNKNOWN,not referenced by any .obj image slot,
2025,res/data/img/2025.img,UNKNOWN,not referenced by any .obj image slot,
2026,res/data/img/2026.img,UNKNOWN,not referenced by any .obj image slot,
2027,res/data/img/2027.img,UNKNOWN,not referenced by any .obj image slot,
2028,res/data/img/2028.img,UNKNOWN,not referenced by any .obj image slot,
2029,res/data/img/2029.img,UNKNOWN,not referenced by any .obj image slot,
2030,res/data/img/2030.img,UNKNOWN,not referenced by any .obj image slot,
2031,res/data/img/2031.img,UNKNOWN,not referenced by any .obj image slot,
2032,res/data/img/2032.img,UNKNOWN,not referenced by any .obj image slot,
2033,res/data/img/2033.img,UNKNOWN,not referenced by any .obj image slot,
3020,res/data/img/3020.img,UNKNOWN,not referenced by any .obj image slot,
3021,res/data/img/3021.img,UNKNOWN,not referenced by any .obj image slot,
3022,res/data/img/3022.img,UNKNOWN,not referenced by any .obj image slot,
3023,res/data/img/3023.img,UNKNOWN,not referenced by any .obj image slot,
3024,res/data/img/3024.img,UNKNOWN,not referenced by any .obj image slot,
3025,res/data/img/3025.img,UNKNOWN,not referenced by any .obj image slot,
3026,res/data/img/3026.img,UNKNOWN,not referenced by any .obj image slot,
3027,res/data/img/3027.img,UNKNOWN,not referenced by any .obj image slot,
3028,res/data/img/3028.img,UNKNOWN,not referenced by any .obj image slot,
3029,res/data/img/3029.img,UNKNOWN,not referenced by any .obj image slot,
3030,res/data/img/3030.img,UNKNOWN,not referenced by any .obj image slot,
3031,res/data/img/3031.img,UNKNOWN,not referenced by any .obj image slot,
3032,res/data/img/3032.img,UNKNOWN,not referenced by any .obj image slot,
3033,res/data/img/3033.img,UNKNOWN,not referenced by any .obj image slot,
3034,res/data/img/3034.img,UNKNOWN,not referenced by any .obj image slot,
3035,res/data/img/3035.img,UNKNOWN,not referenced by any .obj image slot,
3036,res/data/img/3036.img,UNKNOWN,not referenced by any .obj image slot,
3037,res/data/img/3037.img,UNKNOWN,not referenced by any .obj image slot,
3038,res/data/img/3038.img,UNKNOWN,not referenced by any .obj image slot,
3039,res/data/img/3039.img,UNKNOWN,not referenced by any .obj image slot,
3040,res/data/img/3040.img,UNKNOWN,not referenced by any .obj image slot,
3041,res/data/img/3041.img,UNKNOWN,not referenced by any .obj image slot,
3042,res/data/img/3042.img,UNKNOWN,not referenced by any .obj image slot,
3043,res/data/img/3043.img,UNKNOWN,not referenced by any .obj image slot,
3044,res/data/img/3044.img,UNKNOWN,not referenced by any .obj image slot,
3045,res/data/img/3045.img,UNKNOWN,not referenced by any .obj image slot,
3046,res/data/img/3046.img,UNKNOWN,not referenced by any .obj image slot,
3047,res/data/img/3047.img,UNKNOWN,not referenced by any .obj image slot,
3048,res/data/img/3048.img,UNKNOWN,not referenced by any .obj image slot,
3049,res/data/img/3049.img,UNKNOWN,not referenced by any .obj image slot,
3050,res/data/img/3050.img,UNKNOWN,not referenced by any .obj image slot,
3051,res/data/img/3051.img,UNKNOWN,not referenced by any .obj image slot,
3052,res/data/img/3052.img,UNKNOWN,not referenced by any .obj image slot,
3053,res/data/img/3053.img,UNKNOWN,not referenced by any .obj image slot,
3054,res/data/img/3054.img,UNKNOWN,not referenced by any .obj image slot,
3055,res/data/img/3055.img,UNKNOWN,not referenced by any .obj image slot,
3056,res/data/img/3056.img,UNKNOWN,not referenced by any .obj image slot,
3057,res/data/img/3057.img,UNKNOWN,not referenced by any .obj image slot,
3058,res/data/img/3058.img,UNKNOWN,not referenced by any .obj image slot,
3059,res/data/img/3059.img,UNKNOWN,not referenced by any .obj image slot,
3060,res/data/img/3060.img,UNKNOWN,not referenced by any .obj image slot,
3061,res/data/img/3061.img,UNKNOWN,not referenced by any .obj image slot,
3062,res/data/img/3062.img,UNKNOWN,not referenced by any .obj image slot,
3063,res/data/img/3063.img,UNKNOWN,not referenced by any .obj image slot,
3064,res/data/img/3064.img,UNKNOWN,not referenced by any .obj image slot,
3065,res/data/img/3065.img,UNKNOWN,not referenced by any .obj image slot,
3066,res/data/img/3066.img,UNKNOWN,not referenced by any .obj image slot,
3068,res/data/img/3068.img,UNKNOWN,not referenced by any .obj image slot,
3069,res/data/img/3069.img,UNKNOWN,not referenced by any .obj image slot,
3070,res/data/img/3070.img,UNKNOWN,not referenced by any .obj image slot,
3071,res/data/img/3071.img,UNKNOWN,not referenced by any .obj image slot,
3072,res/data/img/3072.img,UNKNOWN,not referenced by any .obj image slot,
3073,res/data/img/3073.img,UNKNOWN,not referenced by any .obj image slot,
3074,res/data/img/3074.img,UNKNOWN,not referenced by any .obj image slot,
3075,res/data/img/3075.img,UNKNOWN,not referenced by any .obj image slot,
3076,res/data/img/3076.img,UNKNOWN,not referenced by any .obj image slot,
3077,res/data/img/3077.img,UNKNOWN,not referenced by any .obj image slot,
3078,res/data/img/3078.img,UNKNOWN,not referenced by any .obj image slot,
3079,res/data/img/3079.img,UNKNOWN,not referenced by any .obj image slot,
3080,res/data/img/3080.img,UNKNOWN,not referenced by any .obj image slot,
3081,res/data/img/3081.img,UNKNOWN,not referenced by any .obj image slot,
3082,res/data/img/3082.img,UNKNOWN,not referenced by any .obj image slot,
3083,res/data/img/3083.img,UNKNOWN,not referenced by any .obj image slot,
3084,res/data/img/3084.img,UNKNOWN,not referenced by any .obj image slot,
3085,res/data/img/3085.img,UNKNOWN,not referenced by any .obj image slot,
3086,res/data/img/3086.img,UNKNOWN,not referenced by any .obj image slot,
3087,res/data/img/3087.img,UNKNOWN,not referenced by any .obj image slot,
3088,res/data/img/3088.img,UNKNOWN,not referenced by any .obj image slot,
3089,res/data/img/3089.img,UNKNOWN,not referenced by any .obj image slot,
3090,res/data/img/3090.img,UNKNOWN,not referenced by any .obj image slot,
3091,res/data/img/3091.img,UNKNOWN,not referenced by any .obj image slot,
3092,res/data/img/3092.img,UNKNOWN,not referenced by any .obj image slot,
3093,res/data/img/3093.img,UNKNOWN,not referenced by any .obj image slot,
3094,res/data/img/3094.img,UNKNOWN,not referenced by any .obj image slot,
3095,res/data/img/3095.img,UNKNOWN,not referenced by any .obj image slot,
3096,res/data/img/3096.img,UNKNOWN,not referenced by any .obj image slot,
3097,res/data/img/3097.img,UNKNOWN,not referenced by any .obj image slot,
3098,res/data/img/3098.img,UNKNOWN,not referenced by any .obj image slot,
3099,res/data/img/3099.img,UNKNOWN,not referenced by any .obj image slot,
3100,res/data/img/3100.img,UNKNOWN,not referenced by any .obj image slot,
3101,res/data/img/3101.img,UNKNOWN,not referenced by any .obj image slot,
3102,res/data/img/3102.img,UNKNOWN,not referenced by any .obj image slot,
3103,res/data/img/3103.img,UNKNOWN,not referenced by any .obj image slot,
3104,res/data/img/3104.img,UNKNOWN,not referenced by any .obj image slot,
3105,res/data/img/3105.img,UNKNOWN,not referenced by any .obj image slot,
3106,res/data/img/3106.img,UNKNOWN,not referenced by any .obj image slot,
3107,res/data/img/3107.img,UNKNOWN,not referenced by any .obj image slot,
3108,res/data/img/3108.img,UNKNOWN,not referenced by any .obj image slot,
3109,res/data/img/3109.img,UNKNOWN,not referenced by any .obj image slot,
3110,res/data/img/3110.img,UNKNOWN,not referenced by any .obj image slot,
3111,res/data/img/3111.img,UNKNOWN,not referenced by any .obj image slot,
3112,res/data/img/3112.img,UNKNOWN,not referenced by any .obj image slot,
3113,res/data/img/3113.img,UNKNOWN,not referenced by any .obj image slot,
3114,res/data/img/3114.img,UNKNOWN,not referenced by any .obj image slot,
3115,res/data/img/3115.img,UNKNOWN,not referenced by any .obj image slot,
3116,res/data/img/3116.img,UNKNOWN,not referenced by any .obj image slot,
3117,res/data/img/3117.img,UNKNOWN,not referenced by any .obj image slot,
3118,res/data/img/3118.img,UNKNOWN,not referenced by any .obj image slot,
3119,res/data/img/3119.img,UNKNOWN,not referenced by any .obj image slot,
3120,res/data/img/3120.img,UNKNOWN,not referenced by any .obj image slot,
3121,res/data/img/3121.img,UNKNOWN,not referenced by any .obj image slot,
3122,res/data/img/3122.img,UNKNOWN,not referenced by any .obj image slot,
3123,res/data/img/3123.img,UNKNOWN,not referenced by any .obj image slot,
3124,res/data/img/3124.img,UNKNOWN,not referenced by any .obj image slot,
3125,res/data/img/3125.img,UNKNOWN,not referenced by any .obj image slot,
3126,res/data/img/3126.img,UNKNOWN,not referenced by any .obj image slot,
3127,res/data/img/3127.img,UNKNOWN,not referenced by any .obj image slot,
3128,res/data/img/3128.img,UNKNOWN,not referenced by any .obj image slot,
3129,res/data/img/3129.img,UNKNOWN,not referenced by any .obj image slot,
3130,res/data/img/3130.img,UNKNOWN,not referenced by any .obj image slot,
3131,res/data/img/3131.img,UNKNOWN,not referenced by any .obj image slot,
3132,res/data/img/3132.img,UNKNOWN,not referenced by any .obj image slot,
3133,res/data/img/3133.img,UNKNOWN,not referenced by any .obj image slot,
3134,res/data/img/3134.img,UNKNOWN,not referenced by any .obj image slot,
3135,res/data/img/3135.img,UNKNOWN,not referenced by any .obj image slot,
3136,res/data/img/3136.img,UNKNOWN,not referenced by any .obj image slot,
3137,res/data/img/3137.img,UNKNOWN,not referenced by any .obj image slot,
3138,res/data/img/3138.img,UNKNOWN,not referenced by any .obj image slot,
3139,res/data/img/3139.img,UNKNOWN,not referenced by any .obj image slot,
3140,res/data/img/3140.img,UNKNOWN,not referenced by any .obj image slot,
3141,res/data/img/3141.img,UNKNOWN,not referenced by any .obj image slot,
3142,res/data/img/3142.img,UNKNOWN,not referenced by any .obj image slot,
3143,res/data/img/3143.img,UNKNOWN,not referenced by any .obj image slot,
3144,res/data/img/3144.img,UNKNOWN,not referenced by any .obj image slot,
3145,res/data/img/3145.img,UNKNOWN,not referenced by any .obj image slot,
3146,res/data/img/3146.img,UNKNOWN,not referenced by any .obj image slot,
3147,res/data/img/3147.img,UNKNOWN,not referenced by any .obj image slot,
3148,res/data/img/3148.img,UNKNOWN,not referenced by any .obj image slot,
3149,res/data/img/3149.img,UNKNOWN,not referenced by any .obj image slot,
3150,res/data/img/3150.img,UNKNOWN,not referenced by any .obj image slot,
3151,res/data/img/3151.img,UNKNOWN,not referenced by any .obj image slot,
3152,res/data/img/3152.img,UNKNOWN,not referenced by any .obj image slot,
3153,res/data/img/3153.img,UNKNOWN,not referenced by any .obj image slot,
3154,res/data/img/3154.img,UNKNOWN,not referenced by any .obj image slot,
3155,res/data/img/3155.img,UNKNOWN,not referenced by any .obj image slot,
3156,res/data/img/3156.img,UNKNOWN,not referenced by any .obj image slot,
3157,res/data/img/3157.img,UNKNOWN,not referenced by any .obj image slot,
3158,res/data/img/3158.img,UNKNOWN,not referenced by any .obj image slot,
3159,res/data/img/3159.img,UNKNOWN,not referenced by any .obj image slot,
3160,res/data/img/3160.img,UNKNOWN,not referenced by any .obj image slot,
3161,res/data/img/3161.img,UNKNOWN,not referenced by any .obj image slot,
3162,res/data/img/3162.img,UNKNOWN,not referenced by any .obj image slot,
3163,res/data/img/3163.img,UNKNOWN,not referenced by any .obj image slot,
3164,res/data/img/3164.img,UNKNOWN,not referenced by any .obj image slot,
3165,res/data/img/3165.img,UNKNOWN,not referenced by any .obj image slot,
3166,res/data/img/3166.img,UNKNOWN,not referenced by any .obj image slot,
3167,res/data/img/3167.img,UNKNOWN,not referenced by any .obj image slot,
3176,res/data/img/3176.img,UNKNOWN,not referenced by any .obj image slot,
3177,res/data/img/3177.img,UNKNOWN,not referenced by any .obj image slot,
3178,res/data/img/3178.img,UNKNOWN,not referenced by any .obj image slot,
3179,res/data/img/3179.img,UNKNOWN,not referenced by any .obj image slot,
3180,res/data/img/3180.img,UNKNOWN,not referenced by any .obj image slot,
3181,res/data/img/3181.img,UNKNOWN,not referenced by any .obj image slot,
3182,res/data/img/3182.img,UNKNOWN,not referenced by any .obj image slot,
3186,res/data/img/3186.img,UNKNOWN,not referenced by any .obj image slot,
3187,res/data/img/3187.img,UNKNOWN,not referenced by any .obj image slot,
3188,res/data/img/3188.img,UNKNOWN,not referenced by any .obj image slot,
3189,res/data/img/3189.img,UNKNOWN,not referenced by any .obj image slot,
3190,res/data/img/3190.img,UNKNOWN,not referenced by any .obj image slot,
3191,res/data/img/3191.img,UNKNOWN,not referenced by any .obj image slot,
3192,res/data/img/3192.img,UNKNOWN,not referenced by any .obj image slot,
3193,res/data/img/3193.img,UNKNOWN,not referenced by any .obj image slot,
3194,res/data/img/3194.img,UNKNOWN,not referenced by any .obj image slot,
3195,res/data/img/3195.img,UNKNOWN,not referenced by any .obj image slot,
3197,res/data/img/3197.img,UNKNOWN,not referenced by any .obj image slot,
3198,res/data/img/3198.img,UNKNOWN,not referenced by any .obj image slot,
3199,res/data/img/3199.img,UNKNOWN,not referenced by any .obj image slot,
3200,res/data/img/3200.img,UNKNOWN,not referenced by any .obj image slot,
3201,res/data/img/3201.img,UNKNOWN,not referenced by any .obj image slot,
3204,res/data/img/3204.img,UNKNOWN,not referenced by any .obj image slot,
3205,res/data/img/3205.img,UNKNOWN,not referenced by any .obj image slot,
3206,res/data/img/3206.img,UNKNOWN,not referenced by any .obj image slot,
3207,res/data/img/3207.img,UNKNOWN,not referenced by any .obj image slot,
3208,res/data/img/3208.img,UNKNOWN,not referenced by any .obj image slot,
3209,res/data/img/3209.img,UNKNOWN,not referenced by any .obj image slot,
3210,res/data/img/3210.img,UNKNOWN,not referenced by any .obj image slot,
3211,res/data/img/3211.img,UNKNOWN,not referenced by any .obj image slot,
3212,res/data/img/3212.img,UNKNOWN,not referenced by any .obj image slot,
3213,res/data/img/3213.img,UNKNOWN,not referenced by any .obj image slot,
3214,res/data/img/3214.img,UNKNOWN,not referenced by any .obj image slot,
3215,res/data/img/3215.img,UNKNOWN,not referenced by any .obj image slot,
3216,res/data/img/3216.img,UNKNOWN,not referenced by any .obj image slot,
3217,res/data/img/3217.img,UNKNOWN,not referenced by any .obj image slot,
3218,res/data/img/3218.img,UNKNOWN,not referenced by any .obj image slot,
3219,res/data/img/3219.img,UNKNOWN,not referenced by any .obj image slot,
3220,res/data/img/3220.img,UNKNOWN,not referenced by any .obj image slot,
3221,res/data/img/3221.img,UNKNOWN,not referenced by any .obj image slot,
3222,res/data/img/3222.img,UNKNOWN,not referenced by any .obj image slot,
3223,res/data/img/3223.img,UNKNOWN,not referenced by any .obj image slot,
3224,res/data/img/3224.img,UNKNOWN,not referenced by any .obj image slot,
3225,res/data/img/3225.img,UNKNOWN,not referenced by any .obj image slot,
3226,res/data/img/3226.img,UNKNOWN,not referenced by any .obj image slot,
3227,res/data/img/3227.img,UNKNOWN,not referenced by any .obj image slot,
3228,res/data/img/3228.img,UNKNOWN,not referenced by any .obj image slot,
3229,res/data/img/3229.img,UNKNOWN,not referenced by any .obj image slot,
3230,res/data/img/3230.img,UNKNOWN,not referenced by any .obj image slot,
3231,res/data/img/3231.img,UNKNOWN,not referenced by any .obj image slot,
3232,res/data/img/3232.img,UNKNOWN,not referenced by any .obj image slot,
3233,res/data/img/3233.img,UNKNOWN,not referenced by any .obj image slot,
3234,res/data/img/3234.img,UNKNOWN,not referenced by any .obj image slot,
3235,res/data/img/3235.img,UNKNOWN,not referenced by any .obj image slot,
3236,res/data/img/3236.img,UNKNOWN,not referenced by any .obj image slot,
3237,res/data/img/3237.img,UNKNOWN,not referenced by any .obj image slot,
3238,res/data/img/3238.img,UNKNOWN,not referenced by any .obj image slot,
3239,res/data/img/3239.img,UNKNOWN,not referenced by any .obj image slot,
3240,res/data/img/3240.img,UNKNOWN,not referenced by any .obj image slot,
3241,res/data/img/3241.img,UNKNOWN,not referenced by any .obj image slot,
3243,res/data/img/3243.img,UNKNOWN,not referenced by any .obj image slot,
3244,res/data/img/3244.img,UNKNOWN,not referenced by any .obj image slot,
3245,res/data/img/3245.img,UNKNOWN,not referenced by any .obj image slot,
3246,res/data/img/3246.img,UNKNOWN,not referenced by any .obj image slot,
3247,res/data/img/3247.img,UNKNOWN,not referenced by any .obj image slot,
3248,res/data/img/3248.img,UNKNOWN,not referenced by any .obj image slot,
3249,res/data/img/3249.img,UNKNOWN,not referenced by any .obj image slot,
3250,res/data/img/3250.img,UNKNOWN,not referenced by any .obj image slot,
3251,res/data/img/3251.img,UNKNOWN,not referenced by any .obj image slot,
3252,res/data/img/3252.img,UNKNOWN,not referenced by any .obj image slot,
3253,res/data/img/3253.img,UNKNOWN,not referenced by any .obj image slot,
3254,res/data/img/3254.img,UNKNOWN,not referenced by any .obj image slot,
3256,res/data/img/3256.img,UNKNOWN,not referenced by any .obj image slot,
3260,res/data/img/3260.img,UNKNOWN,not referenced by any .obj image slot,
3264,res/data/img/3264.img,UNKNOWN,not referenced by any .obj image slot,
3268,res/data/img/3268.img,UNKNOWN,not referenced by any .obj image slot,
3269,res/data/img/3269.img,UNKNOWN,not referenced by any .obj image slot,
3270,res/data/img/3270.img,UNKNOWN,not referenced by any .obj image slot,
3271,res/data/img/3271.img,UNKNOWN,not referenced by any .obj image slot,
3273,res/data/img/3273.img,UNKNOWN,not referenced by any .obj image slot,
3274,res/data/img/3274.img,UNKNOWN,not referenced by any .obj image slot,
3275,res/data/img/3275.img,UNKNOWN,not referenced by any .obj image slot,
3276,res/data/img/3276.img,UNKNOWN,not referenced by any .obj image slot,
3278,res/data/img/3278.img,UNKNOWN,not referenced by any .obj image slot,
3279,res/data/img/3279.img,UNKNOWN,not referenced by any .obj image slot,
3280,res/data/img/3280.img,UNKNOWN,not referenced by any .obj image slot,
3281,res/data/img/3281.img,UNKNOWN,not referenced by any .obj image slot,
3284,res/data/img/3284.img,UNKNOWN,not referenced by any .obj image slot,
3285,res/data/img/3285.img,UNKNOWN,not referenced by any .obj image slot,
3286,res/data/img/3286.img,UNKNOWN,not referenced by any .obj image slot,
3287,res/data/img/3287.img,UNKNOWN,not referenced by any .obj image slot,
3288,res/data/img/3288.img,UNKNOWN,not referenced by any .obj image slot,
5000,res/data/img/5000.img,UNKNOWN,not referenced by any .obj image slot,
5001,res/data/img/5001.img,UNKNOWN,not referenced by any .obj image slot,
5002,res/data/img/5002.img,UNKNOWN,not referenced by any .obj image slot,
5003,res/data/img/5003.img,UNKNOWN,not referenced by any .obj image slot,
5004,res/data/img/5004.img,UNKNOWN,not referenced by any .obj image slot,
5005,res/data/img/5005.img,UNKNOWN,not referenced by any .obj image slot,
5006,res/data/img/5006.img,UNKNOWN,not referenced by any .obj image slot,
5007,res/data/img/5007.img,UNKNOWN,not referenced by any .obj image slot,
5008,res/data/img/5008.img,UNKNOWN,not referenced by any .obj image slot,
5009,res/data/img/5009.img,UNKNOWN,not referenced by any .obj image slot,
5010,res/data/img/5010.img,UNKNOWN,not referenced by any .obj image slot,
5011,res/data/img/5011.img,UNKNOWN,not referenced by any .obj image slot,
5012,res/data/img/5012.img,UNKNOWN,not referenced by any .obj image slot,
5013,res/data/img/5013.img,UNKNOWN,not referenced by any .obj image slot,
5014,res/data/img/5014.img,UNKNOWN,not referenced by any .obj image slot,
5015,res/data/img/5015.img,UNKNOWN,not referenced by any .obj image slot,
5023,res/data/img/5023.img,UNKNOWN,not referenced by any .obj image slot,
5024,res/data/img/5024.img,UNKNOWN,not referenced by any .obj image slot,
5025,res/data/img/5025.img,UNKNOWN,not referenced by any .obj image slot,
5026,res/data/img/5026.img,UNKNOWN,not referenced by any .obj image slot,
5027,res/data/img/5027.img,UNKNOWN,not referenced by any .obj image slot,
5028,res/data/img/5028.img,UNKNOWN,not referenced by any .obj image slot,
5029,res/data/img/5029.img,UNKNOWN,not referenced by any .obj image slot,
5030,res/data/img/5030.img,UNKNOWN,not referenced by any .obj image slot,
5031,res/data/img/5031.img,UNKNOWN,not referenced by any .obj image slot,
5032,res/data/img/5032.img,UNKNOWN,not referenced by any .obj image slot,
5033,res/data/img/5033.img,UNKNOWN,not referenced by any .obj image slot,
5034,res/data/img/5034.img,UNKNOWN,not referenced by any .obj image slot,
5035,res/data/img/5035.img,UNKNOWN,not referenced by any .obj image slot,
5036,res/data/img/5036.img,UNKNOWN,not referenced by any .obj image slot,
5037,res/data/img/5037.img,UNKNOWN,not referenced by any .obj image slot,
5038,res/data/img/5038.img,UNKNOWN,not referenced by any .obj image slot,
5039,res/data/img/5039.img,UNKNOWN,not referenced by any .obj image slot,
5040,res/data/img/5040.img,UNKNOWN,not referenced by any .obj image slot,
5041,res/data/img/5041.img,UNKNOWN,not referenced by any .obj image slot,
5042,res/data/img/5042.img,UNKNOWN,not referenced by any .obj image slot,
5043,res/data/img/5043.img,UNKNOWN,not referenced by any .obj image slot,
5044,res/data/img/5044.img,UNKNOWN,not referenced by any .obj image slot,
5045,res/data/img/5045.img,UNKNOWN,not referenced by any .obj image slot,
5046,res/data/img/5046.img,UNKNOWN,not referenced by any .obj image slot,
5047,res/data/img/5047.img,UNKNOWN,not referenced by any .obj image slot,
5048,res/data/img/5048.img,UNKNOWN,not referenced by any .obj image slot,
5049,res/data/img/5049.img,UNKNOWN,not referenced by any .obj image slot,
5060,res/data/img/5060.img,UNKNOWN,not referenced by any .obj image slot,
5061,res/data/img/5061.img,UNKNOWN,not referenced by any .obj image slot,
5062,res/data/img/5062.img,UNKNOWN,not referenced by any .obj image slot,
5063,res/data/img/5063.img,UNKNOWN,not referenced by any .obj image slot,
5064,res/data/img/5064.img,UNKNOWN,not referenced by any .obj image slot,
5065,res/data/img/5065.img,UNKNOWN,not referenced by any .obj image slot,
5066,res/data/img/5066.img,UNKNOWN,not referenced by any .obj image slot,
5067,res/data/img/5067.img,UNKNOWN,not referenced by any .obj image slot,
5068,res/data/img/5068.img,UNKNOWN,not referenced by any .obj image slot,
5069,res/data/img/5069.img,UNKNOWN,not referenced by any .obj image slot,
5070,res/data/img/5070.img,UNKNOWN,not referenced by any .obj image slot,
5071,res/data/img/5071.img,UNKNOWN,not referenced by any .obj image slot,
5072,res/data/img/5072.img,UNKNOWN,not referenced by any .obj image slot,
5073,res/data/img/5073.img,UNKNOWN,not referenced by any .obj image slot,
5074,res/data/img/5074.img,UNKNOWN,not referenced by any .obj image slot,
5075,res/data/img/5075.img,UNKNOWN,not referenced by any .obj image slot,
5076,res/data/img/5076.img,UNKNOWN,not referenced by any .obj image slot,
5077,res/data/img/5077.img,UNKNOWN,not referenced by any .obj image slot,
5078,res/data/img/5078.img,UNKNOWN,not referenced by any .obj image slot,
5079,res/data/img/5079.img,UNKNOWN,not referenced by any .obj image slot,
5080,res/data/img/5080.img,UNKNOWN,not referenced by any .obj image slot,
5081,res/data/img/5081.img,UNKNOWN,not referenced by any .obj image slot,
5082,res/data/img/5082.img,UNKNOWN,not referenced by any .obj image slot,
5083,res/data/img/5083.img,UNKNOWN,not referenced by any .obj image slot,
5084,res/data/img/5084.img,UNKNOWN,not referenced by any .obj image slot,
5085,res/data/img/5085.img,UNKNOWN,not referenced by any .obj image slot,
5086,res/data/img/5086.img,UNKNOWN,not referenced by any .obj image slot,
5087,res/data/img/5087.img,UNKNOWN,not referenced by any .obj image slot,
5088,res/data/img/5088.img,UNKNOWN,not referenced by any .obj image slot,
5089,res/data/img/5089.img,UNKNOWN,not referenced by any .obj image slot,
5090,res/data/img/5090.img,UNKNOWN,not referenced by any .obj image slot,
5091,res/data/img/5091.img,UNKNOWN,not referenced by any .obj image slot,
5092,res/data/img/5092.img,UNKNOWN,not referenced by any .obj image slot,
5093,res/data/img/5093.img,UNKNOWN,not referenced by any .obj image slot,
5094,res/data/img/5094.img,UNKNOWN,not referenced by any .obj image slot,
5095,res/data/img/5095.img,UNKNOWN,not referenced by any .obj image slot,
5096,res/data/img/5096.img,UNKNOWN,not referenced by any .obj image slot,
5097,res/data/img/5097.img,UNKNOWN,not referenced by any .obj image slot,
5098,res/data/img/5098.img,UNKNOWN,not referenced by any .obj image slot,
5099,res/data/img/5099.img,UNKNOWN,not referenced by any .obj image slot,
5100,res/data/img/5100.img,UNKNOWN,not referenced by any .obj image slot,
5101,res/data/img/5101.img,UNKNOWN,not referenced by any .obj image slot,
5102,res/data/img/5102.img,UNKNOWN,not referenced by any .obj image slot,
5103,res/data/img/5103.img,UNKNOWN,not referenced by any .obj image slot,
5104,res/data/img/5104.img,UNKNOWN,not referenced by any .obj image slot,
5105,res/data/img/5105.img,UNKNOWN,not referenced by any .obj image slot,
5106,res/data/img/5106.img,UNKNOWN,not referenced by any .obj image slot,
5107,res/data/img/5107.img,UNKNOWN,not referenced by any .obj image slot,
5108,res/data/img/5108.img,UNKNOWN,not referenced by any .obj image slot,
5109,res/data/img/5109.img,UNKNOWN,not referenced by any .obj image slot,
5110,res/data/img/5110.img,UNKNOWN,not referenced by any .obj image slot,
5111,res/data/img/5111.img,UNKNOWN,not referenced by any .obj image slot,
5112,res/data/img/5112.img,UNKNOWN,not referenced by any .obj image slot,
6500,res/data/img/6500.img,UNKNOWN,not referenced by any .obj image slot,
6501,res/data/img/6501.img,UNKNOWN,not referenced by any .obj image slot,
6502,res/data/img/6502.img,UNKNOWN,not referenced by any .obj image slot,
6503,res/data/img/6503.img,UNKNOWN,not referenced by any .obj image slot,
6504,res/data/img/6504.img,UNKNOWN,not referenced by any .obj image slot,
6505,res/data/img/6505.img,UNKNOWN,not referenced by any .obj image slot,
6506,res/data/img/6506.img,UNKNOWN,not referenced by any .obj image slot,
6507,res/data/img/6507.img,UNKNOWN,not referenced by any .obj image slot,
7000,res/data/img/7000.img,UNKNOWN,not referenced by any .obj image slot,
7001,res/data/img/7001.img,UNKNOWN,not referenced by any .obj image slot,
7002,res/data/img/7002.img,UNKNOWN,not referenced by any .obj image slot,
7003,res/data/img/7003.img,UNKNOWN,not referenced by any .obj image slot,
7004,res/data/img/7004.img,UNKNOWN,not referenced by any .obj image slot,
7005,res/data/img/7005.img,UNKNOWN,not referenced by any .obj image slot,
7006,res/data/img/7006.img,UNKNOWN,not referenced by any .obj image slot,
7007,res/data/img/7007.img,UNKNOWN,not referenced by any .obj image slot,
7008,res/data/img/7008.img,UNKNOWN,not referenced by any .obj image slot,
7009,res/data/img/7009.img,UNKNOWN,not referenced by any .obj image slot,
7010,res/data/img/7010.img,UNKNOWN,not referenced by any .obj image slot,
7011,res/data/img/7011.img,UNKNOWN,not referenced by any .obj image slot,
7012,res/data/img/7012.img,UNKNOWN,not referenced by any .obj image slot,
7013,res/data/img/7013.img,UNKNOWN,not referenced by any .obj image slot,
7014,res/data/img/7014.img,UNKNOWN,not referenced by any .obj image slot,
7015,res/data/img/7015.img,UNKNOWN,not referenced by any .obj image slot,
7016,res/data/img/7016.img,UNKNOWN,not referenced by any .obj image slot,
7017,res/data/img/7017.img,UNKNOWN,not referenced by any .obj image slot,
7018,res/data/img/7018.img,UNKNOWN,not referenced by any .obj image slot,
7019,res/data/img/7019.img,UNKNOWN,not referenced by any .obj image slot,
7020,res/data/img/7020.img,UNKNOWN,not referenced by any .obj image slot,
7021,res/data/img/7021.img,UNKNOWN,not referenced by any .obj image slot,
7022,res/data/img/7022.img,UNKNOWN,not referenced by any .obj image slot,
7023,res/data/img/7023.img,UNKNOWN,not referenced by any .obj image slot,
7024,res/data/img/7024.img,UNKNOWN,not referenced by any .obj image slot,
7025,res/data/img/7025.img,UNKNOWN,not referenced by any .obj image slot,
7026,res/data/img/7026.img,UNKNOWN,not referenced by any .obj image slot,
7027,res/data/img/7027.img,UNKNOWN,not referenced by any .obj image slot,
7028,res/data/img/7028.img,UNKNOWN,not referenced by any .obj image slot,
7029,res/data/img/7029.img,UNKNOWN,not referenced by any .obj image slot,
7031,res/data/img/7031.img,UNKNOWN,not referenced by any .obj image slot,
7032,res/data/img/7032.img,UNKNOWN,not referenced by any .obj image slot,
7033,res/data/img/7033.img,UNKNOWN,not referenced by any .obj image slot,
7034,res/data/img/7034.img,UNKNOWN,not referenced by any .obj image slot,
7035,res/data/img/7035.img,UNKNOWN,not referenced by any .obj image slot,
7036,res/data/img/7036.img,UNKNOWN,not referenced by any .obj image slot,
7037,res/data/img/7037.img,UNKNOWN,not referenced by any .obj image slot,
7038,res/data/img/7038.img,UNKNOWN,not referenced by any .obj image slot,
7039,res/data/img/7039.img,UNKNOWN,not referenced by any .obj image slot,
7040,res/data/img/7040.img,UNKNOWN,not referenced by any .obj image slot,
7041,res/data/img/7041.img,UNKNOWN,not referenced by any .obj image slot,
7042,res/data/img/7042.img,UNKNOWN,not referenced by any .obj image slot,
7043,res/data/img/7043.img,UNKNOWN,not referenced by any .obj image slot,
7044,res/data/img/7044.img,UNKNOWN,not referenced by any .obj image slot,
7045,res/data/img/7045.img,UNKNOWN,not referenced by any .obj image slot,
7046,res/data/img/7046.img,UNKNOWN,not referenced by any .obj image slot,
7047,res/data/img/7047.img,UNKNOWN,not referenced by any .obj image slot,
7048,res/data/img/7048.img,UNKNOWN,not referenced by any .obj image slot,
7049,res/data/img/7049.img,UNKNOWN,not referenced by any .obj image slot,
7050,res/data/img/7050.img,UNKNOWN,not referenced by any .obj image slot,
7051,res/data/img/7051.img,UNKNOWN,not referenced by any .obj image slot,
7052,res/data/img/7052.img,UNKNOWN,not referenced by any .obj image slot,
7053,res/data/img/7053.img,UNKNOWN,not referenced by any .obj image slot,
7054,res/data/img/7054.img,UNKNOWN,not referenced by any .obj image slot,
7055,res/data/img/7055.img,UNKNOWN,not referenced by any .obj image slot,
7056,res/data/img/7056.img,UNKNOWN,not referenced by any .obj image slot,
7057,res/data/img/7057.img,UNKNOWN,not referenced by any .obj image slot,
7058,res/data/img/7058.img,UNKNOWN,not referenced by any .obj image slot,
7059,res/data/img/7059.img,UNKNOWN,not referenced by any .obj image slot,
7060,res/data/img/7060.img,UNKNOWN,not referenced by any .obj image slot,
7061,res/data/img/7061.img,UNKNOWN,not referenced by any .obj image slot,
7062,res/data/img/7062.img,UNKNOWN,not referenced by any .obj image slot,
7063,res/data/img/7063.img,UNKNOWN,not referenced by any .obj image slot,
7064,res/data/img/7064.img,UNKNOWN,not referenced by any .obj image slot,
7065,res/data/img/7065.img,UNKNOWN,not referenced by any .obj image slot,
7066,res/data/img/7066.img,UNKNOWN,not referenced by any .obj image slot,
7067,res/data/img/7067.img,UNKNOWN,not referenced by any .obj image slot,
7068,res/data/img/7068.img,UNKNOWN,not referenced by any .obj image slot,
7069,res/data/img/7069.img,UNKNOWN,not referenced by any .obj image slot,
7070,res/data/img/7070.img,UNKNOWN,not referenced by any .obj image slot,
7071,res/data/img/7071.img,UNKNOWN,not referenced by any .obj image slot,
7072,res/data/img/7072.img,UNKNOWN,not referenced by any .obj image slot,
7073,res/data/img/7073.img,UNKNOWN,not referenced by any .obj image slot,
7074,res/data/img/7074.img,UNKNOWN,not referenced by any .obj image slot,
7075,res/data/img/7075.img,UNKNOWN,not referenced by any .obj image slot,
7076,res/data/img/7076.img,UNKNOWN,not referenced by any .obj image slot,
7077,res/data/img/7077.img,UNKNOWN,not referenced by any .obj image slot,
7078,res/data/img/7078.img,UNKNOWN,not referenced by any .obj image slot,
7079,res/data/img/7079.img,UNKNOWN,not referenced by any .obj image slot,
7080,res/data/img/7080.img,UNKNOWN,not referenced by any .obj image slot,
7081,res/data/img/7081.img,UNKNOWN,not referenced by any .obj image slot,
7082,res/data/img/7082.img,UNKNOWN,not referenced by any .obj image slot,
7083,res/data/img/7083.img,UNKNOWN,not referenced by any .obj image slot,
7084,res/data/img/7084.img,UNKNOWN,not referenced by any .obj image slot,
7085,res/data/img/7085.img,UNKNOWN,not referenced by any .obj image slot,
7086,res/data/img/7086.img,UNKNOWN,not referenced by any .obj image slot,
7087,res/data/img/7087.img,UNKNOWN,not referenced by any .obj image slot,
7088,res/data/img/7088.img,UNKNOWN,not referenced by any .obj image slot,
7089,res/data/img/7089.img,UNKNOWN,not referenced by any .obj image slot,
7090,res/data/img/7090.img,UNKNOWN,not referenced by any .obj image slot,
7091,res/data/img/7091.img,UNKNOWN,not referenced by any .obj image slot,
7092,res/data/img/7092.img,UNKNOWN,not referenced by any .obj image slot,
7093,res/data/img/7093.img,UNKNOWN,not referenced by any .obj image slot,
7094,res/data/img/7094.img,UNKNOWN,not referenced by any .obj image slot,
7095,res/data/img/7095.img,UNKNOWN,not referenced by any .obj image slot,
7096,res/data/img/7096.img,UNKNOWN,not referenced by any .obj image slot,
7097,res/data/img/7097.img,UNKNOWN,not referenced by any .obj image slot,
7098,res/data/img/7098.img,UNKNOWN,not referenced by any .obj image slot,
7099,res/data/img/7099.img,UNKNOWN,not referenced by any .obj image slot,
7100,res/data/img/7100.img,UNKNOWN,not referenced by any .obj image slot,
7101,res/data/img/7101.img,UNKNOWN,not referenced by any .obj image slot,
7102,res/data/img/7102.img,UNKNOWN,not referenced by any .obj image slot,
7103,res/data/img/7103.img,UNKNOWN,not referenced by any .obj image slot,
7104,res/data/img/7104.img,UNKNOWN,not referenced by any .obj image slot,
7105,res/data/img/7105.img,UNKNOWN,not referenced by any .obj image slot,
7106,res/data/img/7106.img,UNKNOWN,not referenced by any .obj image slot,
7107,res/data/img/7107.img,UNKNOWN,not referenced by any .obj image slot,
7108,res/data/img/7108.img,UNKNOWN,not referenced by any .obj image slot,
7109,res/data/img/7109.img,UNKNOWN,not referenced by any .obj image slot,
7110,res/data/img/7110.img,UNKNOWN,not referenced by any .obj image slot,
7111,res/data/img/7111.img,UNKNOWN,not referenced by any .obj image slot,
7112,res/data/img/7112.img,UNKNOWN,not referenced by any .obj image slot,
7113,res/data/img/7113.img,UNKNOWN,not referenced by any .obj image slot,
7114,res/data/img/7114.img,UNKNOWN,not referenced by any .obj image slot,
7115,res/data/img/7115.img,UNKNOWN,not referenced by any .obj image slot,
7116,res/data/img/7116.img,UNKNOWN,not referenced by any .obj image slot,
7117,res/data/img/7117.img,UNKNOWN,not referenced by any .obj image slot,
7118,res/data/img/7118.img,UNKNOWN,not referenced by any .obj image slot,
7119,res/data/img/7119.img,UNKNOWN,not referenced by any .obj image slot,
7120,res/data/img/7120.img,UNKNOWN,not referenced by any .obj image slot,
7121,res/data/img/7121.img,UNKNOWN,not referenced by any .obj image slot,
7122,res/data/img/7122.img,UNKNOWN,not referenced by any .obj image slot,
7123,res/data/img/7123.img,UNKNOWN,not referenced by any .obj image slot,
7124,res/data/img/7124.img,UNKNOWN,not referenced by any .obj image slot,
7125,res/data/img/7125.img,UNKNOWN,not referenced by any .obj image slot,
7126,res/data/img/7126.img,UNKNOWN,not referenced by any .obj image slot,
7127,res/data/img/7127.img,UNKNOWN,not referenced by any .obj image slot,
7128,res/data/img/7128.img,UNKNOWN,not referenced by any .obj image slot,
7129,res/data/img/7129.img,UNKNOWN,not referenced by any .obj image slot,
7130,res/data/img/7130.img,UNKNOWN,not referenced by any .obj image slot,
7131,res/data/img/7131.img,UNKNOWN,not referenced by any .obj image slot,
7132,res/data/img/7132.img,UNKNOWN,not referenced by any .obj image slot,
7133,res/data/img/7133.img,UNKNOWN,not referenced by any .obj image slot,
7134,res/data/img/7134.img,UNKNOWN,not referenced by any .obj image slot,
7135,res/data/img/7135.img,UNKNOWN,not referenced by any .obj image slot,
7136,res/data/img/7136.img,UNKNOWN,not referenced by any .obj image slot,
7137,res/data/img/7137.img,UNKNOWN,not referenced by any .obj image slot,
7138,res/data/img/7138.img,UNKNOWN,not referenced by any .obj image slot,
7139,res/data/img/7139.img,UNKNOWN,not referenced by any .obj image slot,
7140,res/data/img/7140.img,UNKNOWN,not referenced by any .obj image slot,
7141,res/data/img/7141.img,UNKNOWN,not referenced by any .obj image slot,
7142,res/data/img/7142.img,UNKNOWN,not referenced by any .obj image slot,
7143,res/data/img/7143.img,UNKNOWN,not referenced by any .obj image slot,
7144,res/data/img/7144.img,UNKNOWN,not referenced by any .obj image slot,
7145,res/data/img/7145.img,UNKNOWN,not referenced by any .obj image slot,
7146,res/data/img/7146.img,UNKNOWN,not referenced by any .obj image slot,
7147,res/data/img/7147.img,UNKNOWN,not referenced by any .obj image slot,
7148,res/data/img/7148.img,UNKNOWN,not referenced by any .obj image slot,
7149,res/data/img/7149.img,UNKNOWN,not referenced by any .obj image slot,
7150,res/data/img/7150.img,UNKNOWN,not referenced by any .obj image slot,
7151,res/data/img/7151.img,UNKNOWN,not referenced by any .obj image slot,
7152,res/data/img/7152.img,UNKNOWN,not referenced by any .obj image slot,
7153,res/data/img/7153.img,UNKNOWN,not referenced by any .obj image slot,
7154,res/data/img/7154.img,UNKNOWN,not referenced by any .obj image slot,
7155,res/data/img/7155.img,UNKNOWN,not referenced by any .obj image slot,
7156,res/data/img/7156.img,UNKNOWN,not referenced by any .obj image slot,
7157,res/data/img/7157.img,UNKNOWN,not referenced by any .obj image slot,
7158,res/data/img/7158.img,UNKNOWN,not referenced by any .obj image slot,
7159,res/data/img/7159.img,UNKNOWN,not referenced by any .obj image slot,
7160,res/data/img/7160.img,UNKNOWN,not referenced by any .obj image slot,
7161,res/data/img/7161.img,UNKNOWN,not referenced by any .obj image slot,
7162,res/data/img/7162.img,UNKNOWN,not referenced by any .obj image slot,
7163,res/data/img/7163.img,UNKNOWN,not referenced by any .obj image slot,
7164,res/data/img/7164.img,UNKNOWN,not referenced by any .obj image slot,
7165,res/data/img/7165.img,UNKNOWN,not referenced by any .obj image slot,
7166,res/data/img/7166.img,UNKNOWN,not referenced by any .obj image slot,
7167,res/data/img/7167.img,UNKNOWN,not referenced by any .obj image slot,
7168,res/data/img/7168.img,UNKNOWN,not referenced by any .obj image slot,
7169,res/data/img/7169.img,UNKNOWN,not referenced by any .obj image slot,
7170,res/data/img/7170.img,UNKNOWN,not referenced by any .obj image slot,
7171,res/data/img/7171.img,UNKNOWN,not referenced by any .obj image slot,
7172,res/data/img/7172.img,UNKNOWN,not referenced by any .obj image slot,
7173,res/data/img/7173.img,UNKNOWN,not referenced by any .obj image slot,
7174,res/data/img/7174.img,UNKNOWN,not referenced by any .obj image slot,
7175,res/data/img/7175.img,UNKNOWN,not referenced by any .obj image slot,
7176,res/data/img/7176.img,UNKNOWN,not referenced by any .obj image slot,
7183,res/data/img/7183.img,UNKNOWN,not referenced by any .obj image slot,
7184,res/data/img/7184.img,UNKNOWN,not referenced by any .obj image slot,
7185,res/data/img/7185.img,UNKNOWN,not referenced by any .obj image slot,
7186,res/data/img/7186.img,UNKNOWN,not referenced by any .obj image slot,
7187,res/data/img/7187.img,UNKNOWN,not referenced by any .obj image slot,
7188,res/data/img/7188.img,UNKNOWN,not referenced by any .obj image slot,
7189,res/data/img/7189.img,UNKNOWN,not referenced by any .obj image slot,
7190,res/data/img/7190.img,UNKNOWN,not referenced by any .obj image slot,
7191,res/data/img/7191.img,UNKNOWN,not referenced by any .obj image slot,
8000,res/data/img/8000.img,UNKNOWN,not referenced by any .obj image slot,
8001,res/data/img/8001.img,UNKNOWN,not referenced by any .obj image slot,
8002,res/data/img/8002.img,UNKNOWN,not referenced by any .obj image slot,
8003,res/data/img/8003.img,UNKNOWN,not referenced by any .obj image slot,
8004,res/data/img/8004.img,UNKNOWN,not referenced by any .obj image slot,
8005,res/data/img/8005.img,UNKNOWN,not referenced by any .obj image slot,
8006,res/data/img/8006.img,UNKNOWN,not referenced by any .obj image slot,
8007,res/data/img/8007.img,UNKNOWN,not referenced by any .obj image slot,
8008,res/data/img/8008.img,UNKNOWN,not referenced by any .obj image slot,
8009,res/data/img/8009.img,UNKNOWN,not referenced by any .obj image slot,
8010,res/data/img/8010.img,UNKNOWN,not referenced by any .obj image slot,
8011,res/data/img/8011.img,UNKNOWN,not referenced by any .obj image slot,
8012,res/data/img/8012.img,UNKNOWN,not referenced by any .obj image slot,
8013,res/data/img/8013.img,UNKNOWN,not referenced by any .obj image slot,
8014,res/data/img/8014.img,UNKNOWN,not referenced by any .obj image slot,
8015,res/data/img/8015.img,UNKNOWN,not referenced by any .obj image slot,
8016,res/data/img/8016.img,UNKNOWN,not referenced by any .obj image slot,
8017,res/data/img/8017.img,UNKNOWN,not referenced by any .obj image slot,
8018,res/data/img/8018.img,UNKNOWN,not referenced by any .obj image slot,
8019,res/data/img/8019.img,UNKNOWN,not referenced by any .obj image slot,
8020,res/data/img/8020.img,UNKNOWN,not referenced by any .obj image slot,
8021,res/data/img/8021.img,UNKNOWN,not referenced by any .obj image slot,
8022,res/data/img/8022.img,UNKNOWN,not referenced by any .obj image slot,
8023,res/data/img/8023.img,UNKNOWN,not referenced by any .obj image slot,
8024,res/data/img/8024.img,UNKNOWN,not referenced by any .obj image slot,
9001,res/data/img/9001.img,UNKNOWN,not referenced by any .obj image slot,
9002,res/data/img/9002.img,UNKNOWN,not referenced by any .obj image slot,
9004,res/data/img/9004.img,UNKNOWN,not referenced by any .obj image slot,
9005,res/data/img/9005.img,UNKNOWN,not referenced by any .obj image slot,
9006,res/data/img/9006.img,UNKNOWN,not referenced by any .obj image slot,
10010,res/data/img/10010.img,UNKNOWN,not referenced by any .obj image slot,
11030,res/data/img/11030.img,UNKNOWN,not referenced by any .obj image slot,
12000,res/data/img/12000.img,UNKNOWN,not referenced by any .obj image slot,
14010,res/data/img/14010.img,UNKNOWN,not referenced by any .obj image slot,
15010,res/data/img/15010.img,UNKNOWN,not referenced by any .obj image slot,
16000,res/data/img/16000.img,UNKNOWN,not referenced by any .obj image slot,
16001,res/data/img/16001.img,UNKNOWN,not referenced by any .obj image slot,
16003,res/data/img/16003.img,UNKNOWN,not referenced by any .obj image slot,
16009,res/data/img/16009.img,UNKNOWN,not referenced by any .obj image slot,
16012,res/data/img/16012.img,UNKNOWN,not referenced by any .obj image slot,
16014,res/data/img/16014.img,UNKNOWN,not referenced by any .obj image slot,
16015,res/data/img/16015.img,UNKNOWN,not referenced by any .obj image slot,
16016,res/data/img/16016.img,UNKNOWN,not referenced by any .obj image slot,
16021,res/data/img/16021.img,UNKNOWN,not referenced by any .obj image slot,
16025,res/data/img/16025.img,UNKNOWN,not referenced by any .obj image slot,
16027,res/data/img/16027.img,UNKNOWN,not referenced by any .obj image slot,
16029,res/data/img/16029.img,UNKNOWN,not referenced by any .obj image slot,
16032,res/data/img/16032.img,UNKNOWN,not referenced by any .obj image slot,
16038,res/data/img/16038.img,UNKNOWN,not referenced by any .obj image slot,
16039,res/data/img/16039.img,UNKNOWN,not referenced by any .obj image slot,
16040,res/data/img/16040.img,UNKNOWN,not referenced by any .obj image slot,
16041,res/data/img/16041.img,UNKNOWN,not referenced by any .obj image slot,
16042,res/data/img/16042.img,UNKNOWN,not referenced by any .obj image slot,
16043,res/data/img/16043.img,UNKNOWN,not referenced by any .obj image slot,
16044,res/data/img/16044.img,UNKNOWN,not referenced by any .obj image slot,
16045,res/data/img/16045.img,UNKNOWN,not referenced by any .obj image slot,
17000,res/data/img/17000.img,UNKNOWN,not referenced by any .obj image slot,
17001,res/data/img/17001.img,UNKNOWN,not referenced by any .obj image slot,
17002,res/data/img/17002.img,UNKNOWN,not referenced by any .obj image slot,
17003,res/data/img/17003.img,UNKNOWN,not referenced by any .obj image slot,
17004,res/data/img/17004.img,UNKNOWN,not referenced by any .obj image slot,
17005,res/data/img/17005.img,UNKNOWN,not referenced by any .obj image slot,
17006,res/data/img/17006.img,UNKNOWN,not referenced by any .obj image slot,
17007,res/data/img/17007.img,UNKNOWN,not referenced by any .obj image slot,
17008,res/data/img/17008.img,UNKNOWN,not referenced by any .obj image slot,
17009,res/data/img/17009.img,UNKNOWN,not referenced by any .obj image slot,
17010,res/data/img/17010.img,UNKNOWN,not referenced by any .obj image slot,
17011,res/data/img/17011.img,UNKNOWN,not referenced by any .obj image slot,
17012,res/data/img/17012.img,UNKNOWN,not referenced by any .obj image slot,
17013,res/data/img/17013.img,UNKNOWN,not referenced by any .obj image slot,
17014,res/data/img/17014.img,UNKNOWN,not referenced by any .obj image slot,
17015,res/data/img/17015.img,UNKNOWN,not referenced by any .obj image slot,
17016,res/data/img/17016.img,UNKNOWN,not referenced by any .obj image slot,
17017,res/data/img/17017.img,UNKNOWN,not referenced by any .obj image slot,
17018,res/data/img/17018.img,UNKNOWN,not referenced by any .obj image slot,
17019,res/data/img/17019.img,UNKNOWN,not referenced by any .obj image slot,
17020,res/data/img/17020.img,UNKNOWN,not referenced by any .obj image slot,
17021,res/data/img/17021.img,UNKNOWN,not referenced by any .obj image slot,
17022,res/data/img/17022.img,UNKNOWN,not referenced by any .obj image slot,
17023,res/data/img/17023.img,UNKNOWN,not referenced by any .obj image slot,
17024,res/data/img/17024.img,UNKNOWN,not referenced by any .obj image slot,
17025,res/data/img/17025.img,UNKNOWN,not referenced by any .obj image slot,
17026,res/data/img/17026.img,UNKNOWN,not referenced by any .obj image slot,
17027,res/data/img/17027.img,UNKNOWN,not referenced by any .obj image slot,
17028,res/data/img/17028.img,UNKNOWN,not referenced by any .obj image slot,
17029,res/data/img/17029.img,UNKNOWN,not referenced by any .obj image slot,
17030,res/data/img/17030.img,UNKNOWN,not referenced by any .obj image slot,
17031,res/data/img/17031.img,UNKNOWN,not referenced by any .obj image slot,
17032,res/data/img/17032.img,UNKNOWN,not referenced by any .obj image slot,
17033,res/data/img/17033.img,UNKNOWN,not referenced by any .obj image slot,
17034,res/data/img/17034.img,UNKNOWN,not referenced by any .obj image slot,
17035,res/data/img/17035.img,UNKNOWN,not referenced by any .obj image slot,
17036,res/data/img/17036.img,UNKNOWN,not referenced by any .obj image slot,
17037,res/data/img/17037.img,UNKNOWN,not referenced by any .obj image slot,
17038,res/data/img/17038.img,UNKNOWN,not referenced by any .obj image slot,
17039,res/data/img/17039.img,UNKNOWN,not referenced by any .obj image slot,
17040,res/data/img/17040.img,UNKNOWN,not referenced by any .obj image slot,
17041,res/data/img/17041.img,UNKNOWN,not referenced by any .obj image slot,
17042,res/data/img/17042.img,UNKNOWN,not referenced by any .obj image slot,
17043,res/data/img/17043.img,UNKNOWN,not referenced by any .obj image slot,
17044,res/data/img/17044.img,UNKNOWN,not referenced by any .obj image slot,
17045,res/data/img/17045.img,UNKNOWN,not referenced by any .obj image slot,
17046,res/data/img/17046.img,UNKNOWN,not referenced by any .obj image slot,
17047,res/data/img/17047.img,UNKNOWN,not referenced by any .obj image slot,
17048,res/data/img/17048.img,UNKNOWN,not referenced by any .obj image slot,
20001,res/data/img/20001.img,UNKNOWN,not referenced by any .obj image slot,
22120,res/data/img/22120.img,UNKNOWN,not referenced by any .obj image slot,
22121,res/data/img/22121.img,UNKNOWN,not referenced by any .obj image slot,
22122,res/data/img/22122.img,UNKNOWN,not referenced by any .obj image slot,
22123,res/data/img/22123.img,UNKNOWN,not referenced by any .obj image slot,
22124,res/data/img/22124.img,UNKNOWN,not referenced by any .obj image slot,
22125,res/data/img/22125.img,UNKNOWN,not referenced by any .obj image slot,
22126,res/data/img/22126.img,UNKNOWN,not referenced by any .obj image slot,
22127,res/data/img/22127.img,UNKNOWN,not referenced by any .obj image slot,
22128,res/data/img/22128.img,UNKNOWN,not referenced by any .obj image slot,
22129,res/data/img/22129.img,UNKNOWN,not referenced by any .obj image slot,
22130,res/data/img/22130.img,UNKNOWN,not referenced by any .obj image slot,
22131,res/data/img/22131.img,UNKNOWN,not referenced by any .obj image slot,
22132,res/data/img/22132.img,UNKNOWN,not referenced by any .obj image slot,
22133,res/data/img/22133.img,UNKNOWN,not referenced by any .obj image slot,
22134,res/data/img/22134.img,UNKNOWN,not referenced by any .obj image slot,
22135,res/data/img/22135.img,UNKNOWN,not referenced by any .obj image slot,
22136,res/data/img/22136.img,UNKNOWN,not referenced by any .obj image slot,
22137,res/data/img/22137.img,UNKNOWN,not referenced by any .obj image slot,
22138,res/data/img/22138.img,UNKNOWN,not referenced by any .obj image slot,
22139,res/data/img/22139.img,UNKNOWN,not referenced by any .obj image slot,
22140,res/data/img/22140.img,UNKNOWN,not referenced by any .obj image slot,
22141,res/data/img/22141.img,UNKNOWN,not referenced by any .obj image slot,
22142,res/data/img/22142.img,UNKNOWN,not referenced by any .obj image slot,
22143,res/data/img/22143.img,UNKNOWN,not referenced by any .obj image slot,
22144,res/data/img/22144.img,UNKNOWN,not referenced by any .obj image slot,
22145,res/data/img/22145.img,UNKNOWN,not referenced by any .obj image slot,
22146,res/data/img/22146.img,UNKNOWN,not referenced by any .obj image slot,
22147,res/data/img/22147.img,UNKNOWN,not referenced by any .obj image slot,
22148,res/data/img/22148.img,UNKNOWN,not referenced by any .obj image slot,
22149,res/data/img/22149.img,UNKNOWN,not referenced by any .obj image slot,
22150,res/data/img/22150.img,UNKNOWN,not referenced by any .obj image slot,
22151,res/data/img/22151.img,UNKNOWN,not referenced by any .obj image slot,
22152,res/data/img/22152.img,UNKNOWN,not referenced by any .obj image slot,
22153,res/data/img/22153.img,UNKNOWN,not referenced by any .obj image slot,
22154,res/data/img/22154.img,UNKNOWN,not referenced by any .obj image slot,
22155,res/data/img/22155.img,UNKNOWN,not referenced by any .obj image slot,
22156,res/data/img/22156.img,UNKNOWN,not referenced by any .obj image slot,
22157,res/data/img/22157.img,UNKNOWN,not referenced by any .obj image slot,
22158,res/data/img/22158.img,UNKNOWN,not referenced by any .obj image slot,
22159,res/data/img/22159.img,UNKNOWN,not referenced by any .obj image slot,
22160,res/data/img/22160.img,UNKNOWN,not referenced by any .obj image slot,
24415,res/data/img/24415.img,UNKNOWN,not referenced by any .obj image slot,
24416,res/data/img/24416.img,UNKNOWN,not referenced by any .obj image slot,
24417,res/data/img/24417.img,UNKNOWN,not referenced by any .obj image slot,
25536,res/data/img/25536.img,UNKNOWN,not referenced by any .obj image slot,
25537,res/data/img/25537.img,UNKNOWN,not referenced by any .obj image slot,
25538,res/data/img/25538.img,UNKNOWN,not referenced by any .obj image slot,
25539,res/data/img/25539.img,UNKNOWN,not referenced by any .obj image slot,
25540,res/data/img/25540.img,UNKNOWN,not referenced by any .obj image slot,
25541,res/data/img/25541.img,UNKNOWN,not referenced by any .obj image slot,
25542,res/data/img/25542.img,UNKNOWN,not referenced by any .obj image slot,
25543,res/data/img/25543.img,UNKNOWN,not referenced by any .obj image slot,
25544,res/data/img/25544.img,UNKNOWN,not referenced by any .obj image slot,
25545,res/data/img/25545.img,UNKNOWN,not referenced by any .obj image slot,
25546,res/data/img/25546.img,UNKNOWN,not referenced by any .obj image slot,
25547,res/data/img/25547.img,UNKNOWN,not referenced by any .obj image slot,
25548,res/data/img/25548.img,UNKNOWN,not referenced by any .obj image slot,
25549,res/data/img/25549.img,UNKNOWN,not referenced by any .obj image slot,
25550,res/data/img/25550.img,UNKNOWN,not referenced by any .obj image slot,
25551,res/data/img/25551.img,UNKNOWN,not referenced by any .obj image slot,
25552,res/data/img/25552.img,UNKNOWN,not referenced by any .obj image slot,
25553,res/data/img/25553.img,UNKNOWN,not referenced by any .obj image slot,
25554,res/data/img/25554.img,UNKNOWN,not referenced by any .obj image slot,
25555,res/data/img/25555.img,UNKNOWN,not referenced by any .obj image slot,
25556,res/data/img/25556.img,UNKNOWN,not referenced by any .obj image slot,
25557,res/data/img/25557.img,UNKNOWN,not referenced by any .obj image slot,
25558,res/data/img/25558.img,UNKNOWN,not referenced by any .obj image slot,
25559,res/data/img/25559.img,UNKNOWN,not referenced by any .obj image slot,
25560,res/data/img/25560.img,UNKNOWN,not referenced by any .obj image slot,
25561,res/data/img/25561.img,UNKNOWN,not referenced by any .obj image slot,
25562,res/data/img/25562.img,UNKNOWN,not referenced by any .obj image slot,
31002,res/data/img/31002.img,UNKNOWN,not referenced by any .obj image slot,
31003,res/data/img/31003.img,UNKNOWN,not referenced by any .obj image slot,
31004,res/data/img/31004.img,UNKNOWN,not referenced by any .obj image slot,
31005,res/data/img/31005.img,UNKNOWN,not referenced by any .obj image slot,
31006,res/data/img/31006.img,UNKNOWN,not referenced by any .obj image slot,
31007,res/data/img/31007.img,UNKNOWN,not referenced by any .obj image slot,
31008,res/data/img/31008.img,UNKNOWN,not referenced by any .obj image slot,
31009,res/data/img/31009.img,UNKNOWN,not referenced by any .obj image slot,
31010,res/data/img/31010.img,UNKNOWN,not referenced by any .obj image slot,
31011,res/data/img/31011.img,UNKNOWN,not referenced by any .obj image slot,
31012,res/data/img/31012.img,UNKNOWN,not referenced by any .obj image slot,
31013,res/data/img/31013.img,UNKNOWN,not referenced by any .obj image slot,
31014,res/data/img/31014.img,UNKNOWN,not referenced by any .obj image slot,
31015,res/data/img/31015.img,UNKNOWN,not referenced by any .obj image slot,
31016,res/data/img/31016.img,UNKNOWN,not referenced by any .obj image slot,
31017,res/data/img/31017.img,UNKNOWN,not referenced by any .obj image slot,
31018,res/data/img/31018.img,UNKNOWN,not referenced by any .obj image slot,
31020,res/data/img/31020.img,UNKNOWN,not referenced by any .obj image slot,
31021,res/data/img/31021.img,UNKNOWN,not referenced by any .obj image slot,
31022,res/data/img/31022.img,UNKNOWN,not referenced by any .obj image slot,
31023,res/data/img/31023.img,UNKNOWN,not referenced by any .obj image slot,
31024,res/data/img/31024.img,UNKNOWN,not referenced by any .obj image slot,
31025,res/data/img/31025.img,UNKNOWN,not referenced by any .obj image slot,
31026,res/data/img/31026.img,UNKNOWN,not referenced by any .obj image slot,
31027,res/data/img/31027.img,UNKNOWN,not referenced by any .obj image slot,
31028,res/data/img/31028.img,UNKNOWN,not referenced by any .obj image slot,
31029,res/data/img/31029.img,UNKNOWN,not referenced by any .obj image slot,
31030,res/data/img/31030.img,UNKNOWN,not referenced by any .obj image slot,
31031,res/data/img/31031.img,UNKNOWN,not referenced by any .obj image slot,
31032,res/data/img/31032.img,UNKNOWN,not referenced by any .obj image slot,
31033,res/data/img/31033.img,UNKNOWN,not referenced by any .obj image slot,
31034,res/data/img/31034.img,UNKNOWN,not referenced by any .obj image slot,
31035,res/data/img/31035.img,UNKNOWN,not referenced by any .obj image slot,
31036,res/data/img/31036.img,UNKNOWN,not referenced by any .obj image slot,
31037,res/data/img/31037.img,UNKNOWN,not referenced by any .obj image slot,
