resource,id,path,status,note
prop,0,prop/0.png,UNKNOWN,ImageManager path category 'prop' builds /{dir}/{id}.png; entity key formation not proven
prop,1,prop/1.png,UNKNOWN,ImageManager path category 'prop' builds /{dir}/{id}.png; entity key formation not proven
prop,2,prop/2.png,UNKNOWN,ImageManager path category 'prop' builds /{dir}/{id}.png; entity key formation not proven
prop,3,prop/3.png,UNKNOWN,ImageManager path category 'prop' builds /{dir}/{id}.png; entity key formation not proven
prop,4,prop/4.png,UNKNOWN,ImageManager path category 'prop' builds /{dir}/{id}.png; entity key formation not proven
prop,5,prop/5.png,UNKNOWN,ImageManager path category 'prop' builds /{dir}/{id}.png; entity key formation not proven
prop,6,prop/6.png,UNKNOWN,ImageManager path category 'prop' builds /{dir}/{id}.png; entity key formation not proven
prop,7,prop/7.png,UNKNOWN,ImageManager path category 'prop' builds /{dir}/{id}.png; entity key formation not proven
prop,8,prop/8.png,UNKNOWN,ImageManager path category 'prop' builds /{dir}/{id}.png; entity key formation not proven
prop,9,prop/9.png,UNKNOWN,ImageManager path category 'prop' builds /{dir}/{id}.png; entity key formation not proven
prop,10,prop/10.png,UNKNOWN,ImageManager path category 'prop' builds /{dir}/{id}.png; entity key formation not proven
prop,11,prop/11.png,UNKNOWN,ImageManager path category 'prop' builds /{dir}/{id}.png; entity key formation not proven
prop,12,prop/12.png,UNKNOWN,ImageManager path category 'prop' builds /{dir}/{id}.png; entity key formation not proven
prop,13,prop/13.png,UNKNOWN,ImageManager path category 'prop' builds /{dir}/{id}.png; entity key formation not proven
prop,14,prop/14.png,UNKNOWN,ImageManager path category 'prop' builds /{dir}/{id}.png; entity key formation not proven
prop,15,prop/15.png,UNKNOWN,ImageManager path category 'prop' builds /{dir}/{id}.png; entity key formation not proven
prop,16,prop/16.png,UNKNOWN,ImageManager path category 'prop' builds /{dir}/{id}.png; entity key formation not proven
prop,17,prop/17.png,UNKNOWN,ImageManager path category 'prop' builds /{dir}/{id}.png; entity key formation not proven
prop,18,prop/18.png,UNKNOWN,ImageManager path category 'prop' builds /{dir}/{id}.png; entity key formation not proven
prop,19,prop/19.png,UNKNOWN,ImageManager path category 'prop' builds /{dir}/{id}.png; entity key formation not proven
prop,20,prop/20.png,UNKNOWN,ImageManager path category 'prop' builds /{dir}/{id}.png; entity key formation not proven
prop,21,prop/21.png,UNKNOWN,ImageManager path category 'prop' builds /{dir}/{id}.png; entity key formation not proven
prop,22,prop/22.png,UNKNOWN,ImageManager path category 'prop' builds /{dir}/{id}.png; entity key formation not proven
prop,23,prop/23.png,UNKNOWN,ImageManager path category 'prop' builds /{dir}/{id}.png; entity key formation not proven
prop,24,prop/24.png,UNKNOWN,ImageManager path category 'prop' builds /{dir}/{id}.png; entity key formation not proven
prop,25,prop/25.png,UNKNOWN,ImageManager path category 'prop' builds /{dir}/{id}.png; entity key formation not proven
prop,26,prop/26.png,UNKNOWN,ImageManager path category 'prop' builds /{dir}/{id}.png; entity key formation not proven
prop,27,prop/27.png,UNKNOWN,ImageManager path category 'prop' builds /{dir}/{id}.png; entity key formation not proven
prop,28,prop/28.png,UNKNOWN,ImageManager path category 'prop' builds /{dir}/{id}.png; entity key formation not proven
prop,29,prop/29.png,UNKNOWN,ImageManager path category 'prop' builds /{dir}/{id}.png; entity key formation not proven
prop,30,prop/30.png,UNKNOWN,ImageManager path category 'prop' builds /{dir}/{id}.png; entity key formation not proven
prop,31,prop/31.png,UNKNOWN,ImageManager path category 'prop' builds /{dir}/{id}.png; entity key formation not proven
prop,32,prop/32.png,UNKNOWN,ImageManager path category 'prop' builds /{dir}/{id}.png; entity key formation not proven
prop,33,prop/33.png,UNKNOWN,ImageManager path category 'prop' builds /{dir}/{id}.png; entity key formation not proven
prop,34,prop/34.png,UNKNOWN,ImageManager path category 'prop' builds /{dir}/{id}.png; entity key formation not proven
prop,35,prop/35.png,UNKNOWN,ImageManager path category 'prop' builds /{dir}/{id}.png; entity key formation not proven
prop,36,prop/36.png,UNKNOWN,ImageManager path category 'prop' builds /{dir}/{id}.png; entity key formation not proven
prop,37,prop/37.png,UNKNOWN,ImageManager path category 'prop' builds /{dir}/{id}.png; entity key formation not proven
prop,38,prop/38.png,UNKNOWN,ImageManager path category 'prop' builds /{dir}/{id}.png; entity key formation not proven
prop,39,prop/39.png,UNKNOWN,ImageManager path category 'prop' builds /{dir}/{id}.png; entity key formation not proven
prop,40,prop/40.png,UNKNOWN,ImageManager path category 'prop' builds /{dir}/{id}.png; entity key formation not proven
prop,41,prop/41.png,UNKNOWN,ImageManager path category 'prop' builds /{dir}/{id}.png; entity key formation not proven
prop,42,prop/42.png,UNKNOWN,ImageManager path category 'prop' builds /{dir}/{id}.png; entity key formation not proven
prop,43,prop/43.png,UNKNOWN,ImageManager path category 'prop' builds /{dir}/{id}.png; entity key formation not proven
prop,44,prop/44.png,UNKNOWN,ImageManager path category 'prop' builds /{dir}/{id}.png; entity key formation not proven
prop,45,prop/45.png,UNKNOWN,ImageManager path category 'prop' builds /{dir}/{id}.png; entity key formation not proven
prop,46,prop/46.png,UNKNOWN,ImageManager path category 'prop' builds /{dir}/{id}.png; entity key formation not proven
prop,47,prop/47.png,UNKNOWN,ImageManager path category 'prop' builds /{dir}/{id}.png; entity key formation not proven
prop,48,prop/48.png,UNKNOWN,ImageManager path category 'prop' builds /{dir}/{id}.png; entity key formation not proven
prop,49,prop/49.png,UNKNOWN,ImageManager path category 'prop' builds /{dir}/{id}.png; entity key formation not proven
prop,50,prop/50.png,UNKNOWN,ImageManager path category 'prop' builds /{dir}/{id}.png; entity key formation not proven
prop,51,prop/51.png,UNKNOWN,ImageManager path category 'prop' builds /{dir}/{id}.png; entity key formation not proven
prop,52,prop/52.png,UNKNOWN,ImageManager path category 'prop' builds /{dir}/{id}.png; entity key formation not proven
prop,53,prop/53.png,UNKNOWN,ImageManager path category 'prop' builds /{dir}/{id}.png; entity key formation not proven
prop,54,prop/54.png,UNKNOWN,ImageManager path category 'prop' builds /{dir}/{id}.png; entity key formation not proven
prop,55,prop/55.png,UNKNOWN,ImageManager path category 'prop' builds /{dir}/{id}.png; entity key formation not proven
prop,56,prop/56.png,UNKNOWN,ImageManager path category 'prop' builds /{dir}/{id}.png; entity key formation not proven
prop,57,prop/57.png,UNKNOWN,ImageManager path category 'prop' builds /{dir}/{id}.png; entity key formation not proven
prop,58,prop/58.png,UNKNOWN,ImageManager path category 'prop' builds /{dir}/{id}.png; entity key formation not proven
prop,59,prop/59.png,UNKNOWN,ImageManager path category 'prop' builds /{dir}/{id}.png; entity key formation not proven
prop,60,prop/60.png,UNKNOWN,ImageManager path category 'prop' builds /{dir}/{id}.png; entity key formation not proven
prop,61,prop/61.png,UNKNOWN,ImageManager path category 'prop' builds /{dir}/{id}.png; entity key formation not proven
prop,62,prop/62.png,UNKNOWN,ImageManager path category 'prop' builds /{dir}/{id}.png; entity key formation not proven
prop,63,prop/63.png,UNKNOWN,ImageManager path category 'prop' builds /{dir}/{id}.png; entity key formation not proven
prop,64,prop/64.png,UNKNOWN,ImageManager path category 'prop' builds /{dir}/{id}.png; entity key formation not proven
prop,65,prop/65.png,UNKNOWN,ImageManager path category 'prop' builds /{dir}/{id}.png; entity key formation not proven
prop,66,prop/66.png,UNKNOWN,ImageManager path category 'prop' builds /{dir}/{id}.png; entity key formation not proven
prop,67,prop/67.png,UNKNOWN,ImageManager path category 'prop' builds /{dir}/{id}.png; entity key formation not proven
prop,68,prop/68.png,UNKNOWN,ImageManager path category 'prop' builds /{dir}/{id}.png; entity key formation not proven
prop,69,prop/69.png,UNKNOWN,ImageManager path category 'prop' builds /{dir}/{id}.png; entity key formation not proven
prop,70,prop/70.png,UNKNOWN,ImageManager path category 'prop' builds /{dir}/{id}.png; entity key formation not proven
prop,71,prop/71.png,UNKNOWN,ImageManager path category 'prop' builds /{dir}/{id}.png; entity key formation not proven
prop,72,prop/72.png,UNKNOWN,ImageManager path category 'prop' builds /{dir}/{id}.png; entity key formation not proven
prop,73,prop/73.png,UNKNOWN,ImageManager path category 'prop' builds /{dir}/{id}.png; entity key formation not proven
prop,74,prop/74.png,UNKNOWN,ImageManager path category 'prop' builds /{dir}/{id}.png; entity key formation not proven
prop,75,prop/75.png,UNKNOWN,ImageManager path category 'prop' builds /{dir}/{id}.png; entity key formation not proven
prop,76,prop/76.png,UNKNOWN,ImageManager path category 'prop' builds /{dir}/{id}.png; entity key formation not proven
prop,77,prop/77.png,UNKNOWN,ImageManager path category 'prop' builds /{dir}/{id}.png; entity key formation not proven
prop,78,prop/78.png,UNKNOWN,ImageManager path category 'prop' builds /{dir}/{id}.png; entity key formation not proven
prop,79,prop/79.png,UNKNOWN,ImageManager path category 'prop' builds /{dir}/{id}.png; entity key formation not proven
prop,80,prop/80.png,UNKNOWN,ImageManager path category 'prop' builds /{dir}/{id}.png; entity key formation not proven
prop,81,prop/81.png,UNKNOWN,ImageManager path category 'prop' builds /{dir}/{id}.png; entity key formation not proven
prop,82,prop/82.png,UNKNOWN,ImageManager path category 'prop' builds /{dir}/{id}.png; entity key formation not proven
prop,83,prop/83.png,UNKNOWN,ImageManager path category 'prop' builds /{dir}/{id}.png; entity key formation not proven
prop,84,prop/84.png,UNKNOWN,ImageManager path category 'prop' builds /{dir}/{id}.png; entity key formation not proven
prop,85,prop/85.png,UNKNOWN,ImageManager path category 'prop' builds /{dir}/{id}.png; entity key formation not proven
prop,86,prop/86.png,UNKNOWN,ImageManager path category 'prop' builds /{dir}/{id}.png; entity key formation not proven
prop,87,prop/87.png,UNKNOWN,ImageManager path category 'prop' builds /{dir}/{id}.png; entity key formation not proven
prop,88,prop/88.png,UNKNOWN,ImageManager path category 'prop' builds /{dir}/{id}.png; entity key formation not proven
prop,89,prop/89.png,UNKNOWN,ImageManager path category 'prop' builds /{dir}/{id}.png; entity key formation not proven
prop,90,prop/90.png,UNKNOWN,ImageManager path category 'prop' builds /{dir}/{id}.png; entity key formation not proven
prop,91,prop/91.png,UNKNOWN,ImageManager path category 'prop' builds /{dir}/{id}.png; entity key formation not proven
prop,92,prop/92.png,UNKNOWN,ImageManager path category 'prop' builds /{dir}/{id}.png; entity key formation not proven
prop,93,prop/93.png,UNKNOWN,ImageManager path category 'prop' builds /{dir}/{id}.png; entity key formation not proven
prop,94,prop/94.png,UNKNOWN,ImageManager path category 'prop' builds /{dir}/{id}.png; entity key formation not proven
prop,95,prop/95.png,UNKNOWN,ImageManager path category 'prop' builds /{dir}/{id}.png; entity key formation not proven
prop,96,prop/96.png,UNKNOWN,ImageManager path category 'prop' builds /{dir}/{id}.png; entity key formation not proven
prop,97,prop/97.png,UNKNOWN,ImageManager path category 'prop' builds /{dir}/{id}.png; entity key formation not proven
prop,98,prop/98.png,UNKNOWN,ImageManager path category 'prop' builds /{dir}/{id}.png; entity key formation not proven
prop,99,prop/99.png,UNKNOWN,ImageManager path category 'prop' builds /{dir}/{id}.png; entity key formation not proven
prop,100,prop/100.png,UNKNOWN,ImageManager path category 'prop' builds /{dir}/{id}.png; entity key formation not proven
prop,101,prop/101.png,UNKNOWN,ImageManager path category 'prop' builds /{dir}/{id}.png; entity key formation not proven
prop,102,prop/102.png,UNKNOWN,ImageManager path category 'prop' builds /{dir}/{id}.png; entity key formation not proven
prop,103,prop/103.png,UNKNOWN,ImageManager path category 'prop' builds /{dir}/{id}.png; entity key formation not proven
prop,104,prop/104.png,UNKNOWN,ImageManager path category 'prop' builds /{dir}/{id}.png; entity key formation not proven
prop,105,prop/105.png,UNKNOWN,ImageManager path category 'prop' builds /{dir}/{id}.png; entity key formation not proven
prop,106,prop/106.png,UNKNOWN,ImageManager path category 'prop' builds /{dir}/{id}.png; entity key formation not proven
prop,107,prop/107.png,UNKNOWN,ImageManager path category 'prop' builds /{dir}/{id}.png; entity key formation not proven
prop,108,prop/108.png,UNKNOWN,ImageManager path category 'prop' builds /{dir}/{id}.png; entity key formation not proven
prop,109,prop/109.png,UNKNOWN,ImageManager path category 'prop' builds /{dir}/{id}.png; entity key formation not proven
prop,110,prop/110.png,UNKNOWN,ImageManager path category 'prop' builds /{dir}/{id}.png; entity key formation not proven
prop,111,prop/111.png,UNKNOWN,ImageManager path category 'prop' builds /{dir}/{id}.png; entity key formation not proven
prop,112,prop/112.png,UNKNOWN,ImageManager path category 'prop' builds /{dir}/{id}.png; entity key formation not proven
prop,113,prop/113.png,UNKNOWN,ImageManager path category 'prop' builds /{dir}/{id}.png; entity key formation not proven
prop,114,prop/114.png,UNKNOWN,ImageManager path category 'prop' builds /{dir}/{id}.png; entity key formation not proven
prop,115,prop/115.png,UNKNOWN,ImageManager path category 'prop' builds /{dir}/{id}.png; entity key formation not proven
prop,116,prop/116.png,UNKNOWN,ImageManager path category 'prop' builds /{dir}/{id}.png; entity key formation not proven
prop,117,prop/117.png,UNKNOWN,ImageManager path category 'prop' builds /{dir}/{id}.png; entity key formation not proven
prop,118,prop/118.png,UNKNOWN,ImageManager path category 'prop' builds /{dir}/{id}.png; entity key formation not proven
prop,119,prop/119.png,UNKNOWN,ImageManager path category 'prop' builds /{dir}/{id}.png; entity key formation not proven
prop,120,prop/120.png,UNKNOWN,ImageManager path category 'prop' builds /{dir}/{id}.png; entity key formation not proven
prop,121,prop/121.png,UNKNOWN,ImageManager path category 'prop' builds /{dir}/{id}.png; entity key formation not proven
prop,122,prop/122.png,UNKNOWN,ImageManager path category 'prop' builds /{dir}/{id}.png; entity key formation not proven
prop,123,prop/123.png,UNKNOWN,ImageManager path category 'prop' builds /{dir}/{id}.png; entity key formation not proven
prop,124,prop/124.png,UNKNOWN,ImageManager path category 'prop' builds /{dir}/{id}.png; entity key formation not proven
prop,125,prop/125.png,UNKNOWN,ImageManager path category 'prop' builds /{dir}/{id}.png; entity key formation not proven
prop,126,prop/126.png,UNKNOWN,ImageManager path category 'prop' builds /{dir}/{id}.png; entity key formation not proven
prop,127,prop/127.png,UNKNOWN,ImageManager path category 'prop' builds /{dir}/{id}.png; entity key formation not proven
prop,128,prop/128.png,UNKNOWN,ImageManager path category 'prop' builds /{dir}/{id}.png; entity key formation not proven
prop,129,prop/129.png,UNKNOWN,ImageManager path category 'prop' builds /{dir}/{id}.png; entity key formation not proven
prop,130,prop/130.png,UNKNOWN,ImageManager path category 'prop' builds /{dir}/{id}.png; entity key formation not proven
prop,131,prop/131.png,UNKNOWN,ImageManager path category 'prop' builds /{dir}/{id}.png; entity key formation not proven
prop,132,prop/132.png,UNKNOWN,ImageManager path category 'prop' builds /{dir}/{id}.png; entity key formation not proven
prop,133,prop/133.png,UNKNOWN,ImageManager path category 'prop' builds /{dir}/{id}.png; entity key formation not proven
prop,134,prop/134.png,UNKNOWN,ImageManager path category 'prop' builds /{dir}/{id}.png; entity key formation not proven
prop,135,prop/135.png,UNKNOWN,ImageManager path category 'prop' builds /{dir}/{id}.png; entity key formation not proven
prop,136,prop/136.png,UNKNOWN,ImageManager path category 'prop' builds /{dir}/{id}.png; entity key formation not proven
prop,137,prop/137.png,UNKNOWN,ImageManager path category 'prop' builds /{dir}/{id}.png; entity key formation not proven
prop,138,prop/138.png,UNKNOWN,ImageManager path category 'prop' builds /{dir}/{id}.png; entity key formation not proven
prop,139,prop/139.png,UNKNOWN,ImageManager path category 'prop' builds /{dir}/{id}.png; entity key formation not proven
prop,140,prop/140.png,UNKNOWN,ImageManager path category 'prop' builds /{dir}/{id}.png; entity key formation not proven
prop,141,prop/141.png,UNKNOWN,ImageManager path category 'prop' builds /{dir}/{id}.png; entity key formation not proven
prop,142,prop/142.png,UNKNOWN,ImageManager path category 'prop' builds /{dir}/{id}.png; entity key formation not proven
prop,143,prop/143.png,UNKNOWN,ImageManager path category 'prop' builds /{dir}/{id}.png; entity key formation not proven
prop,144,prop/144.png,UNKNOWN,ImageManager path category 'prop' builds /{dir}/{id}.png; entity key formation not proven
prop,145,prop/145.png,UNKNOWN,ImageManager path category 'prop' builds /{dir}/{id}.png; entity key formation not proven
prop,146,prop/146.png,UNKNOWN,ImageManager path category 'prop' builds /{dir}/{id}.png; entity key formation not proven
prop,147,prop/147.png,UNKNOWN,ImageManager path category 'prop' builds /{dir}/{id}.png; entity key formation not proven
prop,148,prop/148.png,UNKNOWN,ImageManager path category 'prop' builds /{dir}/{id}.png; entity key formation not proven
prop,149,prop/149.png,UNKNOWN,ImageManager path category 'prop' builds /{dir}/{id}.png; entity key formation not proven
prop,150,prop/150.png,UNKNOWN,ImageManager path category 'prop' builds /{dir}/{id}.png; entity key formation not proven
prop,151,prop/151.png,UNKNOWN,ImageManager path category 'prop' builds /{dir}/{id}.png; entity key formation not proven
prop,152,prop/152.png,UNKNOWN,ImageManager path category 'prop' builds /{dir}/{id}.png; entity key formation not proven
prop,153,prop/153.png,UNKNOWN,ImageManager path category 'prop' builds /{dir}/{id}.png; entity key formation not proven
prop,154,prop/154.png,UNKNOWN,ImageManager path category 'prop' builds /{dir}/{id}.png; entity key formation not proven
prop,155,prop/155.png,UNKNOWN,ImageManager path category 'prop' builds /{dir}/{id}.png; entity key formation not proven
prop,156,prop/156.png,UNKNOWN,ImageManager path category 'prop' builds /{dir}/{id}.png; entity key formation not proven
prop,157,prop/157.png,UNKNOWN,ImageManager path category 'prop' builds /{dir}/{id}.png; entity key formation not proven
prop,158,prop/158.png,UNKNOWN,ImageManager path category 'prop' builds /{dir}/{id}.png; entity key formation not proven
prop,159,prop/159.png,UNKNOWN,ImageManager path category 'prop' builds /{dir}/{id}.png; entity key formation not proven
prop,160,prop/160.png,UNKNOWN,ImageManager path category 'prop' builds /{dir}/{id}.png; entity key formation not proven
prop,161,prop/161.png,UNKNOWN,ImageManager path category 'prop' builds /{dir}/{id}.png; entity key formation not proven
prop,162,prop/162.png,UNKNOWN,ImageManager path category 'prop' builds /{dir}/{id}.png; entity key formation not proven
prop,163,prop/163.png,UNKNOWN,ImageManager path category 'prop' builds /{dir}/{id}.png; entity key formation not proven
prop,164,prop/164.png,UNKNOWN,ImageManager path category 'prop' builds /{dir}/{id}.png; entity key formation not proven
prop,165,prop/165.png,UNKNOWN,ImageManager path category 'prop' builds /{dir}/{id}.png; entity key formation not proven
prop,166,prop/166.png,UNKNOWN,ImageManager path category 'prop' builds /{dir}/{id}.png; entity key formation not proven
prop,167,prop/167.png,UNKNOWN,ImageManager path category 'prop' builds /{dir}/{id}.png; entity key formation not proven
prop,168,prop/168.png,UNKNOWN,ImageManager path category 'prop' builds /{dir}/{id}.png; entity key formation not proven
prop,169,prop/169.png,UNKNOWN,ImageManager path category 'prop' builds /{dir}/{id}.png; entity key formation not proven
prop,170,prop/170.png,UNKNOWN,ImageManager path category 'prop' builds /{dir}/{id}.png; entity key formation not proven
prop,171,prop/171.png,UNKNOWN,ImageManager path category 'prop' builds /{dir}/{id}.png; entity key formation not proven
prop,172,prop/172.png,UNKNOWN,ImageManager path category 'prop' builds /{dir}/{id}.png; entity key formation not proven
prop,173,prop/173.png,UNKNOWN,ImageManager path category 'prop' builds /{dir}/{id}.png; entity key formation not proven
prop,174,prop/174.png,UNKNOWN,ImageManager path category 'prop' builds /{dir}/{id}.png; entity key formation not proven
prop,175,prop/175.png,UNKNOWN,ImageManager path category 'prop' builds /{dir}/{id}.png; entity key formation not proven
prop,176,prop/176.png,UNKNOWN,ImageManager path category 'prop' builds /{dir}/{id}.png; entity key formation not proven
prop,177,prop/177.png,UNKNOWN,ImageManager path category 'prop' builds /{dir}/{id}.png; entity key formation not proven
prop,178,prop/178.png,UNKNOWN,ImageManager path category 'prop' builds /{dir}/{id}.png; entity key formation not proven
prop,179,prop/179.png,UNKNOWN,ImageManager path category 'prop' builds /{dir}/{id}.png; entity key formation not proven
prop,180,prop/180.png,UNKNOWN,ImageManager path category 'prop' builds /{dir}/{id}.png; entity key formation not proven
prop,181,prop/181.png,UNKNOWN,ImageManager path category 'prop' builds /{dir}/{id}.png; entity key formation not proven
prop,182,prop/182.png,UNKNOWN,ImageManager path category 'prop' builds /{dir}/{id}.png; entity key formation not proven
prop,183,prop/183.png,UNKNOWN,ImageManager path category 'prop' builds /{dir}/{id}.png; entity key formation not proven
prop,184,prop/184.png,UNKNOWN,ImageManager path category 'prop' builds /{dir}/{id}.png; entity key formation not proven
prop,185,prop/185.png,UNKNOWN,ImageManager path category 'prop' builds /{dir}/{id}.png; entity key formation not proven
prop,186,prop/186.png,UNKNOWN,ImageManager path category 'prop' builds /{dir}/{id}.png; entity key formation not proven
prop,187,prop/187.png,UNKNOWN,ImageManager path category 'prop' builds /{dir}/{id}.png; entity key formation not proven
prop,188,prop/188.png,UNKNOWN,ImageManager path category 'prop' builds /{dir}/{id}.png; entity key formation not proven
prop,189,prop/189.png,UNKNOWN,ImageManager path category 'prop' builds /{dir}/{id}.png; entity key formation not proven
prop,190,prop/190.png,UNKNOWN,ImageManager path category 'prop' builds /{dir}/{id}.png; entity key formation not proven
prop,191,prop/191.png,UNKNOWN,ImageManager path category 'prop' builds /{dir}/{id}.png; entity key formation not proven
prop,192,prop/192.png,UNKNOWN,ImageManager path category 'prop' builds /{dir}/{id}.png; entity key formation not proven
prop,193,prop/193.png,UNKNOWN,ImageManager path category 'prop' builds /{dir}/{id}.png; entity key formation not proven
prop,194,prop/194.png,UNKNOWN,ImageManager path category 'prop' builds /{dir}/{id}.png; entity key formation not proven
prop,195,prop/195.png,UNKNOWN,ImageManager path category 'prop' builds /{dir}/{id}.png; entity key formation not proven
prop,196,prop/196.png,UNKNOWN,ImageManager path category 'prop' builds /{dir}/{id}.png; entity key formation not proven
prop,197,prop/197.png,UNKNOWN,ImageManager path category 'prop' builds /{dir}/{id}.png; entity key formation not proven
prop,198,prop/198.png,UNKNOWN,ImageManager path category 'prop' builds /{dir}/{id}.png; entity key formation not proven
prop,199,prop/199.png,UNKNOWN,ImageManager path category 'prop' builds /{dir}/{id}.png; entity key formation not proven
prop,200,prop/200.png,UNKNOWN,ImageManager path category 'prop' builds /{dir}/{id}.png; entity key formation not proven
prop,201,prop/201.png,UNKNOWN,ImageManager path category 'prop' builds /{dir}/{id}.png; entity key formation not proven
prop,202,prop/202.png,UNKNOWN,ImageManager path category 'prop' builds /{dir}/{id}.png; entity key formation not proven
prop,203,prop/203.png,UNKNOWN,ImageManager path category 'prop' builds /{dir}/{id}.png; entity key formation not proven
prop,204,prop/204.png,UNKNOWN,ImageManager path category 'prop' builds /{dir}/{id}.png; entity key formation not proven
prop,205,prop/205.png,UNKNOWN,ImageManager path category 'prop' builds /{dir}/{id}.png; entity key formation not proven
prop,206,prop/206.png,UNKNOWN,ImageManager path category 'prop' builds /{dir}/{id}.png; entity key formation not proven
prop,207,prop/207.png,UNKNOWN,ImageManager path category 'prop' builds /{dir}/{id}.png; entity key formation not proven
prop,208,prop/208.png,UNKNOWN,ImageManager path category 'prop' builds /{dir}/{id}.png; entity key formation not proven
prop,209,prop/209.png,UNKNOWN,ImageManager path category 'prop' builds /{dir}/{id}.png; entity key formation not proven
prop,210,prop/210.png,UNKNOWN,ImageManager path category 'prop' builds /{dir}/{id}.png; entity key formation not proven
prop,211,prop/211.png,UNKNOWN,ImageManager path category 'prop' builds /{dir}/{id}.png; entity key formation not proven
prop,212,prop/212.png,UNKNOWN,ImageManager path category 'prop' builds /{dir}/{id}.png; entity key formation not proven
prop,213,prop/213.png,UNKNOWN,ImageManager path category 'prop' builds /{dir}/{id}.png; entity key formation not proven
prop,214,prop/214.png,UNKNOWN,ImageManager path category 'prop' builds /{dir}/{id}.png; entity key formation not proven
prop,215,prop/215.png,UNKNOWN,ImageManager path category 'prop' builds /{dir}/{id}.png; entity key formation not proven
prop,216,prop/216.png,UNKNOWN,ImageManager path category 'prop' builds /{dir}/{id}.png; entity key formation not proven
prop,217,prop/217.png,UNKNOWN,ImageManager path category 'prop' builds /{dir}/{id}.png; entity key formation not proven
prop,218,prop/218.png,UNKNOWN,ImageManager path category 'prop' builds /{dir}/{id}.png; entity key formation not proven
prop,219,prop/219.png,UNKNOWN,ImageManager path category 'prop' builds /{dir}/{id}.png; entity key formation not proven
prop,220,prop/220.png,UNKNOWN,ImageManager path category 'prop' builds /{dir}/{id}.png; entity key formation not proven
prop,221,prop/221.png,UNKNOWN,ImageManager path category 'prop' builds /{dir}/{id}.png; entity key formation not proven
prop,222,prop/222.png,UNKNOWN,ImageManager path category 'prop' builds /{dir}/{id}.png; entity key formation not proven
prop,223,prop/223.png,UNKNOWN,ImageManager path category 'prop' builds /{dir}/{id}.png; entity key formation not proven
prop,224,prop/224.png,UNKNOWN,ImageManager path category 'prop' builds /{dir}/{id}.png; entity key formation not proven
prop,225,prop/225.png,UNKNOWN,ImageManager path category 'prop' builds /{dir}/{id}.png; entity key formation not proven
prop,226,prop/226.png,UNKNOWN,ImageManager path category 'prop' builds /{dir}/{id}.png; entity key formation not proven
prop,227,prop/227.png,UNKNOWN,ImageManager path category 'prop' builds /{dir}/{id}.png; entity key formation not proven
prop,228,prop/228.png,UNKNOWN,ImageManager path category 'prop' builds /{dir}/{id}.png; entity key formation not proven
prop,229,prop/229.png,UNKNOWN,ImageManager path category 'prop' builds /{dir}/{id}.png; entity key formation not proven
prop,230,prop/230.png,UNKNOWN,ImageManager path category 'prop' builds /{dir}/{id}.png; entity key formation not proven
prop,231,prop/231.png,UNKNOWN,ImageManager path category 'prop' builds /{dir}/{id}.png; entity key formation not proven
prop,232,prop/232.png,UNKNOWN,ImageManager path category 'prop' builds /{dir}/{id}.png; entity key formation not proven
prop,233,prop/233.png,UNKNOWN,ImageManager path category 'prop' builds /{dir}/{id}.png; entity key formation not proven
prop,234,prop/234.png,UNKNOWN,ImageManager path category 'prop' builds /{dir}/{id}.png; entity key formation not proven
prop,235,prop/235.png,UNKNOWN,ImageManager path category 'prop' builds /{dir}/{id}.png; entity key formation not proven
prop,236,prop/236.png,UNKNOWN,ImageManager path category 'prop' builds /{dir}/{id}.png; entity key formation not proven
prop,237,prop/237.png,UNKNOWN,ImageManager path category 'prop' builds /{dir}/{id}.png; entity key formation not proven
prop,238,prop/238.png,UNKNOWN,ImageManager path category 'prop' builds /{dir}/{id}.png; entity key formation not proven
prop,239,prop/239.png,UNKNOWN,ImageManager path category 'prop' builds /{dir}/{id}.png; entity key formation not proven
prop,240,prop/240.png,UNKNOWN,ImageManager path category 'prop' builds /{dir}/{id}.png; entity key formation not proven
prop,241,prop/241.png,UNKNOWN,ImageManager path category 'prop' builds /{dir}/{id}.png; entity key formation not proven
prop,242,prop/242.png,UNKNOWN,ImageManager path category 'prop' builds /{dir}/{id}.png; entity key formation not proven
prop,243,prop/243.png,UNKNOWN,ImageManager path category 'prop' builds /{dir}/{id}.png; entity key formation not proven
prop,244,prop/244.png,UNKNOWN,ImageManager path category 'prop' builds /{dir}/{id}.png; entity key formation not proven
prop,245,prop/245.png,UNKNOWN,ImageManager path category 'prop' builds /{dir}/{id}.png; entity key formation not proven
prop,246,prop/246.png,UNKNOWN,ImageManager path category 'prop' builds /{dir}/{id}.png; entity key formation not proven
prop,247,prop/247.png,UNKNOWN,ImageManager path category 'prop' builds /{dir}/{id}.png; entity key formation not proven
prop,248,prop/248.png,UNKNOWN,ImageManager path category 'prop' builds /{dir}/{id}.png; entity key formation not proven
prop,249,prop/249.png,UNKNOWN,ImageManager path category 'prop' builds /{dir}/{id}.png; entity key formation not proven
prop,250,prop/250.png,UNKNOWN,ImageManager path category 'prop' builds /{dir}/{id}.png; entity key formation not proven
prop,251,prop/251.png,UNKNOWN,ImageManager path category 'prop' builds /{dir}/{id}.png; entity key formation not proven
prop,252,prop/252.png,UNKNOWN,ImageManager path category 'prop' builds /{dir}/{id}.png; entity key formation not proven
prop,253,prop/253.png,UNKNOWN,ImageManager path category 'prop' builds /{dir}/{id}.png; entity key formation not proven
prop,254,prop/254.png,UNKNOWN,ImageManager path category 'prop' builds /{dir}/{id}.png; entity key formation not proven
prop,255,prop/255.png,UNKNOWN,ImageManager path category 'prop' builds /{dir}/{id}.png; entity key formation not proven
prop,256,prop/256.png,UNKNOWN,ImageManager path category 'prop' builds /{dir}/{id}.png; entity key formation not proven
prop,257,prop/257.png,UNKNOWN,ImageManager path category 'prop' builds /{dir}/{id}.png; entity key formation not proven
prop,258,prop/258.png,UNKNOWN,ImageManager path category 'prop' builds /{dir}/{id}.png; entity key formation not proven
prop,259,prop/259.png,UNKNOWN,ImageManager path category 'prop' builds /{dir}/{id}.png; entity key formation not proven
prop,260,prop/260.png,UNKNOWN,ImageManager path category 'prop' builds /{dir}/{id}.png; entity key formation not proven
prop,261,prop/261.png,UNKNOWN,ImageManager path category 'prop' builds /{dir}/{id}.png; entity key formation not proven
prop,262,prop/262.png,UNKNOWN,ImageManager path category 'prop' builds /{dir}/{id}.png; entity key formation not proven
prop,263,prop/263.png,UNKNOWN,ImageManager path category 'prop' builds /{dir}/{id}.png; entity key formation not proven
prop,264,prop/264.png,UNKNOWN,ImageManager path category 'prop' builds /{dir}/{id}.png; entity key formation not proven
prop,265,prop/265.png,UNKNOWN,ImageManager path category 'prop' builds /{dir}/{id}.png; entity key formation not proven
prop,266,prop/266.png,UNKNOWN,ImageManager path category 'prop' builds /{dir}/{id}.png; entity key formation not proven
prop,267,prop/267.png,UNKNOWN,ImageManager path category 'prop' builds /{dir}/{id}.png; entity key formation not proven
prop,268,prop/268.png,UNKNOWN,ImageManager path category 'prop' builds /{dir}/{id}.png; entity key formation not proven
prop,269,prop/269.png,UNKNOWN,ImageManager path category 'prop' builds /{dir}/{id}.png; entity key formation not proven
prop,270,prop/270.png,UNKNOWN,ImageManager path category 'prop' builds /{dir}/{id}.png; entity key formation not proven
prop,271,prop/271.png,UNKNOWN,ImageManager path category 'prop' builds /{dir}/{id}.png; entity key formation not proven
prop,272,prop/272.png,UNKNOWN,ImageManager path category 'prop' builds /{dir}/{id}.png; entity key formation not proven
prop,273,prop/273.png,UNKNOWN,ImageManager path category 'prop' builds /{dir}/{id}.png; entity key formation not proven
prop,274,prop/274.png,UNKNOWN,ImageManager path category 'prop' builds /{dir}/{id}.png; entity key formation not proven
prop,275,prop/275.png,UNKNOWN,ImageManager path category 'prop' builds /{dir}/{id}.png; entity key formation not proven
prop,276,prop/276.png,UNKNOWN,ImageManager path category 'prop' builds /{dir}/{id}.png; entity key formation not proven
prop,277,prop/277.png,UNKNOWN,ImageManager path category 'prop' builds /{dir}/{id}.png; entity key formation not proven
prop,278,prop/278.png,UNKNOWN,ImageManager path category 'prop' builds /{dir}/{id}.png; entity key formation not proven
prop,279,prop/279.png,UNKNOWN,ImageManager path category 'prop' builds /{dir}/{id}.png; entity key formation not proven
prop,280,prop/280.png,UNKNOWN,ImageManager path category 'prop' builds /{dir}/{id}.png; entity key formation not proven
prop,281,prop/281.png,UNKNOWN,ImageManager path category 'prop' builds /{dir}/{id}.png; entity key formation not proven
prop,282,prop/282.png,UNKNOWN,ImageManager path category 'prop' builds /{dir}/{id}.png; entity key formation not proven
prop,283,prop/283.png,UNKNOWN,ImageManager path category 'prop' builds /{dir}/{id}.png; entity key formation not proven
prop,284,prop/284.png,UNKNOWN,ImageManager path category 'prop' builds /{dir}/{id}.png; entity key formation not proven
prop,285,prop/285.png,UNKNOWN,ImageManager path category 'prop' builds /{dir}/{id}.png; entity key formation not proven
prop,286,prop/286.png,UNKNOWN,ImageManager path category 'prop' builds /{dir}/{id}.png; entity key formation not proven
prop,287,prop/287.png,UNKNOWN,ImageManager path category 'prop' builds /{dir}/{id}.png; entity key formation not proven
prop,288,prop/288.png,UNKNOWN,ImageManager path category 'prop' builds /{dir}/{id}.png; entity key formation not proven
prop,289,prop/289.png,UNKNOWN,ImageManager path category 'prop' builds /{dir}/{id}.png; entity key formation not proven
prop,290,prop/290.png,UNKNOWN,ImageManager path category 'prop' builds /{dir}/{id}.png; entity key formation not proven
prop,291,prop/291.png,UNKNOWN,ImageManager path category 'prop' builds /{dir}/{id}.png; entity key formation not proven
prop,292,prop/292.png,UNKNOWN,ImageManager path category 'prop' builds /{dir}/{id}.png; entity key formation not proven
prop,293,prop/293.png,UNKNOWN,ImageManager path category 'prop' builds /{dir}/{id}.png; entity key formation not proven
prop,294,prop/294.png,UNKNOWN,ImageManager path category 'prop' builds /{dir}/{id}.png; entity key formation not proven
prop,295,prop/295.png,UNKNOWN,ImageManager path category 'prop' builds /{dir}/{id}.png; entity key formation not proven
prop,296,prop/296.png,UNKNOWN,ImageManager path category 'prop' builds /{dir}/{id}.png; entity key formation not proven
prop,297,prop/297.png,UNKNOWN,ImageManager path category 'prop' builds /{dir}/{id}.png; entity key formation not proven
prop,298,prop/298.png,UNKNOWN,ImageManager path category 'prop' builds /{dir}/{id}.png; entity key formation not proven
prop,299,prop/299.png,UNKNOWN,ImageManager path category 'prop' builds /{dir}/{id}.png; entity key formation not proven
prop,300,prop/300.png,UNKNOWN,ImageManager path category 'prop' builds /{dir}/{id}.png; entity key formation not proven
prop,301,prop/301.png,UNKNOWN,ImageManager path category 'prop' builds /{dir}/{id}.png; entity key formation not proven
prop,302,prop/302.png,UNKNOWN,ImageManager path category 'prop' builds /{dir}/{id}.png; entity key formation not proven
prop,303,prop/303.png,UNKNOWN,ImageManager path category 'prop' builds /{dir}/{id}.png; entity key formation not proven
prop,304,prop/304.png,UNKNOWN,ImageManager path category 'prop' builds /{dir}/{id}.png; entity key formation not proven
prop,305,prop/305.png,UNKNOWN,ImageManager path category 'prop' builds /{dir}/{id}.png; entity key formation not proven
prop,306,prop/306.png,UNKNOWN,ImageManager path category 'prop' builds /{dir}/{id}.png; entity key formation not proven
prop,307,prop/307.png,UNKNOWN,ImageManager path category 'prop' builds /{dir}/{id}.png; entity key formation not proven
prop,308,prop/308.png,UNKNOWN,ImageManager path category 'prop' builds /{dir}/{id}.png; entity key formation not proven
prop,309,prop/309.png,UNKNOWN,ImageManager path category 'prop' builds /{dir}/{id}.png; entity key formation not proven
prop,310,prop/310.png,UNKNOWN,ImageManager path category 'prop' builds /{dir}/{id}.png; entity key formation not proven
prop,311,prop/311.png,UNKNOWN,ImageManager path category 'prop' builds /{dir}/{id}.png; entity key formation not proven
prop,312,prop/312.png,UNKNOWN,ImageManager path category 'prop' builds /{dir}/{id}.png; entity key formation not proven
prop,313,prop/313.png,UNKNOWN,ImageManager path category 'prop' builds /{dir}/{id}.png; entity key formation not proven
prop,314,prop/314.png,UNKNOWN,ImageManager path category 'prop' builds /{dir}/{id}.png; entity key formation not proven
prop,315,prop/315.png,UNKNOWN,ImageManager path category 'prop' builds /{dir}/{id}.png; entity key formation not proven
prop,316,prop/316.png,UNKNOWN,ImageManager path category 'prop' builds /{dir}/{id}.png; entity key formation not proven
prop,317,prop/317.png,UNKNOWN,ImageManager path category 'prop' builds /{dir}/{id}.png; entity key formation not proven
prop,318,prop/318.png,UNKNOWN,ImageManager path category 'prop' builds /{dir}/{id}.png; entity key formation not proven
prop,319,prop/319.png,UNKNOWN,ImageManager path category 'prop' builds /{dir}/{id}.png; entity key formation not proven
prop,320,prop/320.png,UNKNOWN,ImageManager path category 'prop' builds /{dir}/{id}.png; entity key formation not proven
prop,321,prop/321.png,UNKNOWN,ImageManager path category 'prop' builds /{dir}/{id}.png; entity key formation not proven
prop,322,prop/322.png,UNKNOWN,ImageManager path category 'prop' builds /{dir}/{id}.png; entity key formation not proven
prop,323,prop/323.png,UNKNOWN,ImageManager path category 'prop' builds /{dir}/{id}.png; entity key formation not proven
prop,324,prop/324.png,UNKNOWN,ImageManager path category 'prop' builds /{dir}/{id}.png; entity key formation not proven
prop,325,prop/325.png,UNKNOWN,ImageManager path category 'prop' builds /{dir}/{id}.png; entity key formation not proven
prop,326,prop/326.png,UNKNOWN,ImageManager path category 'prop' builds /{dir}/{id}.png; entity key formation not proven
prop,327,prop/327.png,UNKNOWN,ImageManager path category 'prop' builds /{dir}/{id}.png; entity key formation not proven
prop,328,prop/328.png,UNKNOWN,ImageManager path category 'prop' builds /{dir}/{id}.png; entity key formation not proven
prop,329,prop/329.png,UNKNOWN,ImageManager path category 'prop' builds /{dir}/{id}.png; entity key formation not proven
prop,330,prop/330.png,UNKNOWN,ImageManager path category 'prop' builds /{dir}/{id}.png; entity key formation not proven
prop,331,prop/331.png,UNKNOWN,ImageManager path category 'prop' builds /{dir}/{id}.png; entity key formation not proven
prop,332,prop/332.png,UNKNOWN,ImageManager path category 'prop' builds /{dir}/{id}.png; entity key formation not proven
prop,333,prop/333.png,UNKNOWN,ImageManager path category 'prop' builds /{dir}/{id}.png; entity key formation not proven
prop,334,prop/334.png,UNKNOWN,ImageManager path category 'prop' builds /{dir}/{id}.png; entity key formation not proven
prop,335,prop/335.png,UNKNOWN,ImageManager path category 'prop' builds /{dir}/{id}.png; entity key formation not proven
prop,336,prop/336.png,UNKNOWN,ImageManager path category 'prop' builds /{dir}/{id}.png; entity key formation not proven
prop,337,prop/337.png,UNKNOWN,ImageManager path category 'prop' builds /{dir}/{id}.png; entity key formation not proven
prop,338,prop/338.png,UNKNOWN,ImageManager path category 'prop' builds /{dir}/{id}.png; entity key formation not proven
prop,339,prop/339.png,UNKNOWN,ImageManager path category 'prop' builds /{dir}/{id}.png; entity key formation not proven
prop,340,prop/340.png,UNKNOWN,ImageManager path category 'prop' builds /{dir}/{id}.png; entity key formation not proven
prop,341,prop/341.png,UNKNOWN,ImageManager path category 'prop' builds /{dir}/{id}.png; entity key formation not proven
prop,342,prop/342.png,UNKNOWN,ImageManager path category 'prop' builds /{dir}/{id}.png; entity key formation not proven
prop,343,prop/343.png,UNKNOWN,ImageManager path category 'prop' builds /{dir}/{id}.png; entity key formation not proven
prop,345,prop/345.png,UNKNOWN,ImageManager path category 'prop' builds /{dir}/{id}.png; entity key formation not proven
prop,346,prop/346.png,UNKNOWN,ImageManager path category 'prop' builds /{dir}/{id}.png; entity key formation not proven
prop,347,prop/347.png,UNKNOWN,ImageManager path category 'prop' builds /{dir}/{id}.png; entity key formation not proven
prop,348,prop/348.png,UNKNOWN,ImageManager path category 'prop' builds /{dir}/{id}.png; entity key formation not proven
prop,349,prop/349.png,UNKNOWN,ImageManager path category 'prop' builds /{dir}/{id}.png; entity key formation not proven
prop,350,prop/350.png,UNKNOWN,ImageManager path category 'prop' builds /{dir}/{id}.png; entity key formation not proven
prop,351,prop/351.png,UNKNOWN,ImageManager path category 'prop' builds /{dir}/{id}.png; entity key formation not proven
prop,352,prop/352.png,UNKNOWN,ImageManager path category 'prop' builds /{dir}/{id}.png; entity key formation not proven
prop,353,prop/353.png,UNKNOWN,ImageManager path category 'prop' builds /{dir}/{id}.png; entity key formation not proven
prop,354,prop/354.png,UNKNOWN,ImageManager path category 'prop' builds /{dir}/{id}.png; entity key formation not proven
prop,355,prop/355.png,UNKNOWN,ImageManager path category 'prop' builds /{dir}/{id}.png; entity key formation not proven
prop,356,prop/356.png,UNKNOWN,ImageManager path category 'prop' builds /{dir}/{id}.png; entity key formation not proven
prop,357,prop/357.png,UNKNOWN,ImageManager path category 'prop' builds /{dir}/{id}.png; entity key formation not proven
prop,358,prop/358.png,UNKNOWN,ImageManager path category 'prop' builds /{dir}/{id}.png; entity key formation not proven
prop,359,prop/359.png,UNKNOWN,ImageManager path category 'prop' builds /{dir}/{id}.png; entity key formation not proven
prop,360,prop/360.png,UNKNOWN,ImageManager path category 'prop' builds /{dir}/{id}.png; entity key formation not proven
prop,361,prop/361.png,UNKNOWN,ImageManager path category 'prop' builds /{dir}/{id}.png; entity key formation not proven
prop,362,prop/362.png,UNKNOWN,ImageManager path category 'prop' builds /{dir}/{id}.png; entity key formation not proven
prop,363,prop/363.png,UNKNOWN,ImageManager path category 'prop' builds /{dir}/{id}.png; entity key formation not proven
prop,364,prop/364.png,UNKNOWN,ImageManager path category 'prop' builds /{dir}/{id}.png; entity key formation not proven
prop,365,prop/365.png,UNKNOWN,ImageManager path category 'prop' builds /{dir}/{id}.png; entity key formation not proven
prop,366,prop/366.png,UNKNOWN,ImageManager path category 'prop' builds /{dir}/{id}.png; entity key formation not proven
prop,367,prop/367.png,UNKNOWN,ImageManager path category 'prop' builds /{dir}/{id}.png; entity key formation not proven
prop,368,prop/368.png,UNKNOWN,ImageManager path category 'prop' builds /{dir}/{id}.png; entity key formation not proven
prop,369,prop/369.png,UNKNOWN,ImageManager path category 'prop' builds /{dir}/{id}.png; entity key formation not proven
prop,370,prop/370.png,UNKNOWN,ImageManager path category 'prop' builds /{dir}/{id}.png; entity key formation not proven
prop,371,prop/371.png,UNKNOWN,ImageManager path category 'prop' builds /{dir}/{id}.png; entity key formation not proven
prop,372,prop/372.png,UNKNOWN,ImageManager path category 'prop' builds /{dir}/{id}.png; entity key formation not proven
prop,373,prop/373.png,UNKNOWN,ImageManager path category 'prop' builds /{dir}/{id}.png; entity key formation not proven
prop,374,prop/374.png,UNKNOWN,ImageManager path category 'prop' builds /{dir}/{id}.png; entity key formation not proven
prop,375,prop/375.png,UNKNOWN,ImageManager path category 'prop' builds /{dir}/{id}.png; entity key formation not proven
prop,376,prop/376.png,UNKNOWN,ImageManager path category 'prop' builds /{dir}/{id}.png; entity key formation not proven
prop,377,prop/377.png,UNKNOWN,ImageManager path category 'prop' builds /{dir}/{id}.png; entity key formation not proven
prop,378,prop/378.png,UNKNOWN,ImageManager path category 'prop' builds /{dir}/{id}.png; entity key formation not proven
prop,379,prop/379.png,UNKNOWN,ImageManager path category 'prop' builds /{dir}/{id}.png; entity key formation not proven
prop,380,prop/380.png,UNKNOWN,ImageManager path category 'prop' builds /{dir}/{id}.png; entity key formation not proven
prop,381,prop/381.png,UNKNOWN,ImageManager path category 'prop' builds /{dir}/{id}.png; entity key formation not proven
prop,382,prop/382.png,UNKNOWN,ImageManager path category 'prop' builds /{dir}/{id}.png; entity key formation not proven
prop,383,prop/383.png,UNKNOWN,ImageManager path category 'prop' builds /{dir}/{id}.png; entity key formation not proven
prop,384,prop/384.png,UNKNOWN,ImageManager path category 'prop' builds /{dir}/{id}.png; entity key formation not proven
prop,386,prop/386.png,UNKNOWN,ImageManager path category 'prop' builds /{dir}/{id}.png; entity key formation not proven
prop,395,prop/395.png,UNKNOWN,ImageManager path category 'prop' builds /{dir}/{id}.png; entity key formation not proven
prop,500,prop/500.png,UNKNOWN,ImageManager path category 'prop' builds /{dir}/{id}.png; entity key formation not proven
prop,501,prop/501.png,UNKNOWN,ImageManager path category 'prop' builds /{dir}/{id}.png; entity key formation not proven
prop,502,prop/502.png,UNKNOWN,ImageManager path category 'prop' builds /{dir}/{id}.png; entity key formation not proven
prop,503,prop/503.png,UNKNOWN,ImageManager path category 'prop' builds /{dir}/{id}.png; entity key formation not proven
prop,504,prop/504.png,UNKNOWN,ImageManager path category 'prop' builds /{dir}/{id}.png; entity key formation not proven
prop,505,prop/505.png,UNKNOWN,ImageManager path category 'prop' builds /{dir}/{id}.png; entity key formation not proven
prop,506,prop/506.png,UNKNOWN,ImageManager path category 'prop' builds /{dir}/{id}.png; entity key formation not proven
prop,507,prop/507.png,UNKNOWN,ImageManager path category 'prop' builds /{dir}/{id}.png; entity key formation not proven
prop,508,prop/508.png,UNKNOWN,ImageManager path category 'prop' builds /{dir}/{id}.png; entity key formation not proven
prop,509,prop/509.png,UNKNOWN,ImageManager path category 'prop' builds /{dir}/{id}.png; entity key formation not proven
prop,510,prop/510.png,UNKNOWN,ImageManager path category 'prop' builds /{dir}/{id}.png; entity key formation not proven
prop,511,prop/511.png,UNKNOWN,ImageManager path category 'prop' builds /{dir}/{id}.png; entity key formation not proven
prop,512,prop/512.png,UNKNOWN,ImageManager path category 'prop' builds /{dir}/{id}.png; entity key formation not proven
prop,513,prop/513.png,UNKNOWN,ImageManager path category 'prop' builds /{dir}/{id}.png; entity key formation not proven
prop,514,prop/514.png,UNKNOWN,ImageManager path category 'prop' builds /{dir}/{id}.png; entity key formation not proven
prop,515,prop/515.png,UNKNOWN,ImageManager path category 'prop' builds /{dir}/{id}.png; entity key formation not proven
prop,516,prop/516.png,UNKNOWN,ImageManager path category 'prop' builds /{dir}/{id}.png; entity key formation not proven
prop,517,prop/517.png,UNKNOWN,ImageManager path category 'prop' builds /{dir}/{id}.png; entity key formation not proven
prop,518,prop/518.png,UNKNOWN,ImageManager path category 'prop' builds /{dir}/{id}.png; entity key formation not proven
prop,519,prop/519.png,UNKNOWN,ImageManager path category 'prop' builds /{dir}/{id}.png; entity key formation not proven
prop,521,prop/521.png,UNKNOWN,ImageManager path category 'prop' builds /{dir}/{id}.png; entity key formation not proven
prop,522,prop/522.png,UNKNOWN,ImageManager path category 'prop' builds /{dir}/{id}.png; entity key formation not proven
prop,523,prop/523.png,UNKNOWN,ImageManager path category 'prop' builds /{dir}/{id}.png; entity key formation not proven
prop,524,prop/524.png,UNKNOWN,ImageManager path category 'prop' builds /{dir}/{id}.png; entity key formation not proven
prop,525,prop/525.png,UNKNOWN,ImageManager path category 'prop' builds /{dir}/{id}.png; entity key formation not proven
prop,526,prop/526.png,UNKNOWN,ImageManager path category 'prop' builds /{dir}/{id}.png; entity key formation not proven
prop,527,prop/527.png,UNKNOWN,ImageManager path category 'prop' builds /{dir}/{id}.png; entity key formation not proven
prop,528,prop/528.png,UNKNOWN,ImageManager path category 'prop' builds /{dir}/{id}.png; entity key formation not proven
prop,529,prop/529.png,UNKNOWN,ImageManager path category 'prop' builds /{dir}/{id}.png; entity key formation not proven
prop,530,prop/530.png,UNKNOWN,ImageManager path category 'prop' builds /{dir}/{id}.png; entity key formation not proven
prop,531,prop/531.png,UNKNOWN,ImageManager path category 'prop' builds /{dir}/{id}.png; entity key formation not proven
prop,1046,prop/1046.png,UNKNOWN,ImageManager path category 'prop' builds /{dir}/{id}.png; entity key formation not proven
prop,2144,prop/2144.png,UNKNOWN,ImageManager path category 'prop' builds /{dir}/{id}.png; entity key formation not proven
prop,2149,prop/2149.png,UNKNOWN,ImageManager path category 'prop' builds /{dir}/{id}.png; entity key formation not proven
prop,2150,prop/2150.png,UNKNOWN,ImageManager path category 'prop' builds /{dir}/{id}.png; entity key formation not proven
prop,2151,prop/2151.png,UNKNOWN,ImageManager path category 'prop' builds /{dir}/{id}.png; entity key formation not proven
prop,2152,prop/2152.png,UNKNOWN,ImageManager path category 'prop' builds /{dir}/{id}.png; entity key formation not proven
prop,2153,prop/2153.png,UNKNOWN,ImageManager path category 'prop' builds /{dir}/{id}.png; entity key formation not proven
prop,2154,prop/2154.png,UNKNOWN,ImageManager path category 'prop' builds /{dir}/{id}.png; entity key formation not proven
prop,2155,prop/2155.png,UNKNOWN,ImageManager path category 'prop' builds /{dir}/{id}.png; entity key formation not proven
prop,2156,prop/2156.png,UNKNOWN,ImageManager path category 'prop' builds /{dir}/{id}.png; entity key formation not proven
prop,2157,prop/2157.png,UNKNOWN,ImageManager path category 'prop' builds /{dir}/{id}.png; entity key formation not proven
prop,2158,prop/2158.png,UNKNOWN,ImageManager path category 'prop' builds /{dir}/{id}.png; entity key formation not proven
prop,2159,prop/2159.png,UNKNOWN,ImageManager path category 'prop' builds /{dir}/{id}.png; entity key formation not proven
prop,2160,prop/2160.png,UNKNOWN,ImageManager path category 'prop' builds /{dir}/{id}.png; entity key formation not proven
prop,2161,prop/2161.png,UNKNOWN,ImageManager path category 'prop' builds /{dir}/{id}.png; entity key formation not proven
prop,2162,prop/2162.png,UNKNOWN,ImageManager path category 'prop' builds /{dir}/{id}.png; entity key formation not proven
prop,2163,prop/2163.png,UNKNOWN,ImageManager path category 'prop' builds /{dir}/{id}.png; entity key formation not proven
prop,2164,prop/2164.png,UNKNOWN,ImageManager path category 'prop' builds /{dir}/{id}.png; entity key formation not proven
prop,2165,prop/2165.png,UNKNOWN,ImageManager path category 'prop' builds /{dir}/{id}.png; entity key formation not proven
prop,2166,prop/2166.png,UNKNOWN,ImageManager path category 'prop' builds /{dir}/{id}.png; entity key formation not proven
prop,2167,prop/2167.png,UNKNOWN,ImageManager path category 'prop' builds /{dir}/{id}.png; entity key formation not proven
prop,2168,prop/2168.png,UNKNOWN,ImageManager path category 'prop' builds /{dir}/{id}.png; entity key formation not proven
prop,2169,prop/2169.png,UNKNOWN,ImageManager path category 'prop' builds /{dir}/{id}.png; entity key formation not proven
prop,2170,prop/2170.png,UNKNOWN,ImageManager path category 'prop' builds /{dir}/{id}.png; entity key formation not proven
prop_v5,0,prop_v5/0.png,UNKNOWN,same as prop; prop_v5 category present in main.b.a.e.k static path array
prop_v5,1,prop_v5/1.png,UNKNOWN,same as prop; prop_v5 category present in main.b.a.e.k static path array
prop_v5,2,prop_v5/2.png,UNKNOWN,same as prop; prop_v5 category present in main.b.a.e.k static path array
prop_v5,3,prop_v5/3.png,UNKNOWN,same as prop; prop_v5 category present in main.b.a.e.k static path array
prop_v5,4,prop_v5/4.png,UNKNOWN,same as prop; prop_v5 category present in main.b.a.e.k static path array
prop_v5,5,prop_v5/5.png,UNKNOWN,same as prop; prop_v5 category present in main.b.a.e.k static path array
prop_v5,6,prop_v5/6.png,UNKNOWN,same as prop; prop_v5 category present in main.b.a.e.k static path array
prop_v5,7,prop_v5/7.png,UNKNOWN,same as prop; prop_v5 category present in main.b.a.e.k static path array
prop_v5,8,prop_v5/8.png,UNKNOWN,same as prop; prop_v5 category present in main.b.a.e.k static path array
prop_v5,9,prop_v5/9.png,UNKNOWN,same as prop; prop_v5 category present in main.b.a.e.k static path array
prop_v5,10,prop_v5/10.png,UNKNOWN,same as prop; prop_v5 category present in main.b.a.e.k static path array
prop_v5,11,prop_v5/11.png,UNKNOWN,same as prop; prop_v5 category present in main.b.a.e.k static path array
prop_v5,12,prop_v5/12.png,UNKNOWN,same as prop; prop_v5 category present in main.b.a.e.k static path array
prop_v5,13,prop_v5/13.png,UNKNOWN,same as prop; prop_v5 category present in main.b.a.e.k static path array
prop_v5,14,prop_v5/14.png,UNKNOWN,same as prop; prop_v5 category present in main.b.a.e.k static path array
prop_v5,15,prop_v5/15.png,UNKNOWN,same as prop; prop_v5 category present in main.b.a.e.k static path array
prop_v5,16,prop_v5/16.png,UNKNOWN,same as prop; prop_v5 category present in main.b.a.e.k static path array
prop_v5,17,prop_v5/17.png,UNKNOWN,same as prop; prop_v5 category present in main.b.a.e.k static path array
prop_v5,18,prop_v5/18.png,UNKNOWN,same as prop; prop_v5 category present in main.b.a.e.k static path array
prop_v5,19,prop_v5/19.png,UNKNOWN,same as prop; prop_v5 category present in main.b.a.e.k static path array
prop_v5,20,prop_v5/20.png,UNKNOWN,same as prop; prop_v5 category present in main.b.a.e.k static path array
prop_v5,21,prop_v5/21.png,UNKNOWN,same as prop; prop_v5 category present in main.b.a.e.k static path array
prop_v5,22,prop_v5/22.png,UNKNOWN,same as prop; prop_v5 category present in main.b.a.e.k static path array
prop_v5,23,prop_v5/23.png,UNKNOWN,same as prop; prop_v5 category present in main.b.a.e.k static path array
prop_v5,24,prop_v5/24.png,UNKNOWN,same as prop; prop_v5 category present in main.b.a.e.k static path array
prop_v5,25,prop_v5/25.png,UNKNOWN,same as prop; prop_v5 category present in main.b.a.e.k static path array
prop_v5,26,prop_v5/26.png,UNKNOWN,same as prop; prop_v5 category present in main.b.a.e.k static path array
prop_v5,27,prop_v5/27.png,UNKNOWN,same as prop; prop_v5 category present in main.b.a.e.k static path array
prop_v5,28,prop_v5/28.png,UNKNOWN,same as prop; prop_v5 category present in main.b.a.e.k static path array
prop_v5,29,prop_v5/29.png,UNKNOWN,same as prop; prop_v5 category present in main.b.a.e.k static path array
prop_v5,30,prop_v5/30.png,UNKNOWN,same as prop; prop_v5 category present in main.b.a.e.k static path array
prop_v5,31,prop_v5/31.png,UNKNOWN,same as prop; prop_v5 category present in main.b.a.e.k static path array
prop_v5,32,prop_v5/32.png,UNKNOWN,same as prop; prop_v5 category present in main.b.a.e.k static path array
prop_v5,33,prop_v5/33.png,UNKNOWN,same as prop; prop_v5 category present in main.b.a.e.k static path array
prop_v5,34,prop_v5/34.png,UNKNOWN,same as prop; prop_v5 category present in main.b.a.e.k static path array
prop_v5,35,prop_v5/35.png,UNKNOWN,same as prop; prop_v5 category present in main.b.a.e.k static path array
prop_v5,36,prop_v5/36.png,UNKNOWN,same as prop; prop_v5 category present in main.b.a.e.k static path array
prop_v5,37,prop_v5/37.png,UNKNOWN,same as prop; prop_v5 category present in main.b.a.e.k static path array
prop_v5,38,prop_v5/38.png,UNKNOWN,same as prop; prop_v5 category present in main.b.a.e.k static path array
prop_v5,39,prop_v5/39.png,UNKNOWN,same as prop; prop_v5 category present in main.b.a.e.k static path array
prop_v5,40,prop_v5/40.png,UNKNOWN,same as prop; prop_v5 category present in main.b.a.e.k static path array
prop_v5,41,prop_v5/41.png,UNKNOWN,same as prop; prop_v5 category present in main.b.a.e.k static path array
prop_v5,42,prop_v5/42.png,UNKNOWN,same as prop; prop_v5 category present in main.b.a.e.k static path array
prop_v5,43,prop_v5/43.png,UNKNOWN,same as prop; prop_v5 category present in main.b.a.e.k static path array
prop_v5,44,prop_v5/44.png,UNKNOWN,same as prop; prop_v5 category present in main.b.a.e.k static path array
prop_v5,45,prop_v5/45.png,UNKNOWN,same as prop; prop_v5 category present in main.b.a.e.k static path array
prop_v5,46,prop_v5/46.png,UNKNOWN,same as prop; prop_v5 category present in main.b.a.e.k static path array
prop_v5,47,prop_v5/47.png,UNKNOWN,same as prop; prop_v5 category present in main.b.a.e.k static path array
prop_v5,48,prop_v5/48.png,UNKNOWN,same as prop; prop_v5 category present in main.b.a.e.k static path array
prop_v5,49,prop_v5/49.png,UNKNOWN,same as prop; prop_v5 category present in main.b.a.e.k static path array
prop_v5,50,prop_v5/50.png,UNKNOWN,same as prop; prop_v5 category present in main.b.a.e.k static path array
prop_v5,51,prop_v5/51.png,UNKNOWN,same as prop; prop_v5 category present in main.b.a.e.k static path array
prop_v5,52,prop_v5/52.png,UNKNOWN,same as prop; prop_v5 category present in main.b.a.e.k static path array
prop_v5,53,prop_v5/53.png,UNKNOWN,same as prop; prop_v5 category present in main.b.a.e.k static path array
prop_v5,54,prop_v5/54.png,UNKNOWN,same as prop; prop_v5 category present in main.b.a.e.k static path array
prop_v5,55,prop_v5/55.png,UNKNOWN,same as prop; prop_v5 category present in main.b.a.e.k static path array
prop_v5,56,prop_v5/56.png,UNKNOWN,same as prop; prop_v5 category present in main.b.a.e.k static path array
prop_v5,57,prop_v5/57.png,UNKNOWN,same as prop; prop_v5 category present in main.b.a.e.k static path array
prop_v5,58,prop_v5/58.png,UNKNOWN,same as prop; prop_v5 category present in main.b.a.e.k static path array
prop_v5,59,prop_v5/59.png,UNKNOWN,same as prop; prop_v5 category present in main.b.a.e.k static path array
prop_v5,60,prop_v5/60.png,UNKNOWN,same as prop; prop_v5 category present in main.b.a.e.k static path array
prop_v5,61,prop_v5/61.png,UNKNOWN,same as prop; prop_v5 category present in main.b.a.e.k static path array
prop_v5,62,prop_v5/62.png,UNKNOWN,same as prop; prop_v5 category present in main.b.a.e.k static path array
prop_v5,63,prop_v5/63.png,UNKNOWN,same as prop; prop_v5 category present in main.b.a.e.k static path array
prop_v5,64,prop_v5/64.png,UNKNOWN,same as prop; prop_v5 category present in main.b.a.e.k static path array
prop_v5,65,prop_v5/65.png,UNKNOWN,same as prop; prop_v5 category present in main.b.a.e.k static path array
prop_v5,66,prop_v5/66.png,UNKNOWN,same as prop; prop_v5 category present in main.b.a.e.k static path array
prop_v5,67,prop_v5/67.png,UNKNOWN,same as prop; prop_v5 category present in main.b.a.e.k static path array
prop_v5,68,prop_v5/68.png,UNKNOWN,same as prop; prop_v5 category present in main.b.a.e.k static path array
prop_v5,69,prop_v5/69.png,UNKNOWN,same as prop; prop_v5 category present in main.b.a.e.k static path array
prop_v5,70,prop_v5/70.png,UNKNOWN,same as prop; prop_v5 category present in main.b.a.e.k static path array
prop_v5,71,prop_v5/71.png,UNKNOWN,same as prop; prop_v5 category present in main.b.a.e.k static path array
prop_v5,72,prop_v5/72.png,UNKNOWN,same as prop; prop_v5 category present in main.b.a.e.k static path array
prop_v5,73,prop_v5/73.png,UNKNOWN,same as prop; prop_v5 category present in main.b.a.e.k static path array
prop_v5,74,prop_v5/74.png,UNKNOWN,same as prop; prop_v5 category present in main.b.a.e.k static path array
prop_v5,75,prop_v5/75.png,UNKNOWN,same as prop; prop_v5 category present in main.b.a.e.k static path array
prop_v5,76,prop_v5/76.png,UNKNOWN,same as prop; prop_v5 category present in main.b.a.e.k static path array
prop_v5,77,prop_v5/77.png,UNKNOWN,same as prop; prop_v5 category present in main.b.a.e.k static path array
prop_v5,78,prop_v5/78.png,UNKNOWN,same as prop; prop_v5 category present in main.b.a.e.k static path array
prop_v5,79,prop_v5/79.png,UNKNOWN,same as prop; prop_v5 category present in main.b.a.e.k static path array
prop_v5,80,prop_v5/80.png,UNKNOWN,same as prop; prop_v5 category present in main.b.a.e.k static path array
prop_v5,81,prop_v5/81.png,UNKNOWN,same as prop; prop_v5 category present in main.b.a.e.k static path array
prop_v5,82,prop_v5/82.png,UNKNOWN,same as prop; prop_v5 category present in main.b.a.e.k static path array
prop_v5,83,prop_v5/83.png,UNKNOWN,same as prop; prop_v5 category present in main.b.a.e.k static path array
prop_v5,84,prop_v5/84.png,UNKNOWN,same as prop; prop_v5 category present in main.b.a.e.k static path array
prop_v5,85,prop_v5/85.png,UNKNOWN,same as prop; prop_v5 category present in main.b.a.e.k static path array
prop_v5,86,prop_v5/86.png,UNKNOWN,same as prop; prop_v5 category present in main.b.a.e.k static path array
prop_v5,87,prop_v5/87.png,UNKNOWN,same as prop; prop_v5 category present in main.b.a.e.k static path array
prop_v5,88,prop_v5/88.png,UNKNOWN,same as prop; prop_v5 category present in main.b.a.e.k static path array
prop_v5,89,prop_v5/89.png,UNKNOWN,same as prop; prop_v5 category present in main.b.a.e.k static path array
prop_v5,90,prop_v5/90.png,UNKNOWN,same as prop; prop_v5 category present in main.b.a.e.k static path array
prop_v5,91,prop_v5/91.png,UNKNOWN,same as prop; prop_v5 category present in main.b.a.e.k static path array
prop_v5,92,prop_v5/92.png,UNKNOWN,same as prop; prop_v5 category present in main.b.a.e.k static path array
prop_v5,93,prop_v5/93.png,UNKNOWN,same as prop; prop_v5 category present in main.b.a.e.k static path array
prop_v5,94,prop_v5/94.png,UNKNOWN,same as prop; prop_v5 category present in main.b.a.e.k static path array
prop_v5,95,prop_v5/95.png,UNKNOWN,same as prop; prop_v5 category present in main.b.a.e.k static path array
prop_v5,96,prop_v5/96.png,UNKNOWN,same as prop; prop_v5 category present in main.b.a.e.k static path array
prop_v5,97,prop_v5/97.png,UNKNOWN,same as prop; prop_v5 category present in main.b.a.e.k static path array
prop_v5,98,prop_v5/98.png,UNKNOWN,same as prop; prop_v5 category present in main.b.a.e.k static path array
prop_v5,99,prop_v5/99.png,UNKNOWN,same as prop; prop_v5 category present in main.b.a.e.k static path array
prop_v5,100,prop_v5/100.png,UNKNOWN,same as prop; prop_v5 category present in main.b.a.e.k static path array
prop_v5,101,prop_v5/101.png,UNKNOWN,same as prop; prop_v5 category present in main.b.a.e.k static path array
prop_v5,102,prop_v5/102.png,UNKNOWN,same as prop; prop_v5 category present in main.b.a.e.k static path array
prop_v5,103,prop_v5/103.png,UNKNOWN,same as prop; prop_v5 category present in main.b.a.e.k static path array
prop_v5,104,prop_v5/104.png,UNKNOWN,same as prop; prop_v5 category present in main.b.a.e.k static path array
prop_v5,105,prop_v5/105.png,UNKNOWN,same as prop; prop_v5 category present in main.b.a.e.k static path array
prop_v5,106,prop_v5/106.png,UNKNOWN,same as prop; prop_v5 category present in main.b.a.e.k static path array
prop_v5,107,prop_v5/107.png,UNKNOWN,same as prop; prop_v5 category present in main.b.a.e.k static path array
prop_v5,108,prop_v5/108.png,UNKNOWN,same as prop; prop_v5 category present in main.b.a.e.k static path array
prop_v5,109,prop_v5/109.png,UNKNOWN,same as prop; prop_v5 category present in main.b.a.e.k static path array
prop_v5,110,prop_v5/110.png,UNKNOWN,same as prop; prop_v5 category present in main.b.a.e.k static path array
prop_v5,111,prop_v5/111.png,UNKNOWN,same as prop; prop_v5 category present in main.b.a.e.k static path array
prop_v5,112,prop_v5/112.png,UNKNOWN,same as prop; prop_v5 category present in main.b.a.e.k static path array
prop_v5,113,prop_v5/113.png,UNKNOWN,same as prop; prop_v5 category present in main.b.a.e.k static path array
prop_v5,114,prop_v5/114.png,UNKNOWN,same as prop; prop_v5 category present in main.b.a.e.k static path array
prop_v5,115,prop_v5/115.png,UNKNOWN,same as prop; prop_v5 category present in main.b.a.e.k static path array
prop_v5,116,prop_v5/116.png,UNKNOWN,same as prop; prop_v5 category present in main.b.a.e.k static path array
prop_v5,117,prop_v5/117.png,UNKNOWN,same as prop; prop_v5 category present in main.b.a.e.k static path array
prop_v5,118,prop_v5/118.png,UNKNOWN,same as prop; prop_v5 category present in main.b.a.e.k static path array
prop_v5,119,prop_v5/119.png,UNKNOWN,same as prop; prop_v5 category present in main.b.a.e.k static path array
prop_v5,120,prop_v5/120.png,UNKNOWN,same as prop; prop_v5 category present in main.b.a.e.k static path array
prop_v5,121,prop_v5/121.png,UNKNOWN,same as prop; prop_v5 category present in main.b.a.e.k static path array
prop_v5,122,prop_v5/122.png,UNKNOWN,same as prop; prop_v5 category present in main.b.a.e.k static path array
prop_v5,123,prop_v5/123.png,UNKNOWN,same as prop; prop_v5 category present in main.b.a.e.k static path array
prop_v5,124,prop_v5/124.png,UNKNOWN,same as prop; prop_v5 category present in main.b.a.e.k static path array
prop_v5,125,prop_v5/125.png,UNKNOWN,same as prop; prop_v5 category present in main.b.a.e.k static path array
prop_v5,126,prop_v5/126.png,UNKNOWN,same as prop; prop_v5 category present in main.b.a.e.k static path array
prop_v5,127,prop_v5/127.png,UNKNOWN,same as prop; prop_v5 category present in main.b.a.e.k static path array
prop_v5,128,prop_v5/128.png,UNKNOWN,same as prop; prop_v5 category present in main.b.a.e.k static path array
prop_v5,129,prop_v5/129.png,UNKNOWN,same as prop; prop_v5 category present in main.b.a.e.k static path array
prop_v5,130,prop_v5/130.png,UNKNOWN,same as prop; prop_v5 category present in main.b.a.e.k static path array
prop_v5,131,prop_v5/131.png,UNKNOWN,same as prop; prop_v5 category present in main.b.a.e.k static path array
prop_v5,132,prop_v5/132.png,UNKNOWN,same as prop; prop_v5 category present in main.b.a.e.k static path array
prop_v5,133,prop_v5/133.png,UNKNOWN,same as prop; prop_v5 category present in main.b.a.e.k static path array
prop_v5,134,prop_v5/134.png,UNKNOWN,same as prop; prop_v5 category present in main.b.a.e.k static path array
prop_v5,135,prop_v5/135.png,UNKNOWN,same as prop; prop_v5 category present in main.b.a.e.k static path array
prop_v5,136,prop_v5/136.png,UNKNOWN,same as prop; prop_v5 category present in main.b.a.e.k static path array
prop_v5,137,prop_v5/137.png,UNKNOWN,same as prop; prop_v5 category present in main.b.a.e.k static path array
prop_v5,138,prop_v5/138.png,UNKNOWN,same as prop; prop_v5 category present in main.b.a.e.k static path array
prop_v5,139,prop_v5/139.png,UNKNOWN,same as prop; prop_v5 category present in main.b.a.e.k static path array
prop_v5,140,prop_v5/140.png,UNKNOWN,same as prop; prop_v5 category present in main.b.a.e.k static path array
prop_v5,141,prop_v5/141.png,UNKNOWN,same as prop; prop_v5 category present in main.b.a.e.k static path array
prop_v5,142,prop_v5/142.png,UNKNOWN,same as prop; prop_v5 category present in main.b.a.e.k static path array
prop_v5,143,prop_v5/143.png,UNKNOWN,same as prop; prop_v5 category present in main.b.a.e.k static path array
prop_v5,144,prop_v5/144.png,UNKNOWN,same as prop; prop_v5 category present in main.b.a.e.k static path array
prop_v5,145,prop_v5/145.png,UNKNOWN,same as prop; prop_v5 category present in main.b.a.e.k static path array
prop_v5,146,prop_v5/146.png,UNKNOWN,same as prop; prop_v5 category present in main.b.a.e.k static path array
prop_v5,147,prop_v5/147.png,UNKNOWN,same as prop; prop_v5 category present in main.b.a.e.k static path array
prop_v5,148,prop_v5/148.png,UNKNOWN,same as prop; prop_v5 category present in main.b.a.e.k static path array
prop_v5,149,prop_v5/149.png,UNKNOWN,same as prop; prop_v5 category present in main.b.a.e.k static path array
prop_v5,150,prop_v5/150.png,UNKNOWN,same as prop; prop_v5 category present in main.b.a.e.k static path array
prop_v5,151,prop_v5/151.png,UNKNOWN,same as prop; prop_v5 category present in main.b.a.e.k static path array
prop_v5,152,prop_v5/152.png,UNKNOWN,same as prop; prop_v5 category present in main.b.a.e.k static path array
prop_v5,153,prop_v5/153.png,UNKNOWN,same as prop; prop_v5 category present in main.b.a.e.k static path array
prop_v5,154,prop_v5/154.png,UNKNOWN,same as prop; prop_v5 category present in main.b.a.e.k static path array
prop_v5,155,prop_v5/155.png,UNKNOWN,same as prop; prop_v5 category present in main.b.a.e.k static path array
prop_v5,156,prop_v5/156.png,UNKNOWN,same as prop; prop_v5 category present in main.b.a.e.k static path array
prop_v5,157,prop_v5/157.png,UNKNOWN,same as prop; prop_v5 category present in main.b.a.e.k static path array
prop_v5,158,prop_v5/158.png,UNKNOWN,same as prop; prop_v5 category present in main.b.a.e.k static path array
prop_v5,159,prop_v5/159.png,UNKNOWN,same as prop; prop_v5 category present in main.b.a.e.k static path array
prop_v5,160,prop_v5/160.png,UNKNOWN,same as prop; prop_v5 category present in main.b.a.e.k static path array
prop_v5,161,prop_v5/161.png,UNKNOWN,same as prop; prop_v5 category present in main.b.a.e.k static path array
prop_v5,162,prop_v5/162.png,UNKNOWN,same as prop; prop_v5 category present in main.b.a.e.k static path array
prop_v5,163,prop_v5/163.png,UNKNOWN,same as prop; prop_v5 category present in main.b.a.e.k static path array
prop_v5,164,prop_v5/164.png,UNKNOWN,same as prop; prop_v5 category present in main.b.a.e.k static path array
prop_v5,165,prop_v5/165.png,UNKNOWN,same as prop; prop_v5 category present in main.b.a.e.k static path array
prop_v5,166,prop_v5/166.png,UNKNOWN,same as prop; prop_v5 category present in main.b.a.e.k static path array
prop_v5,167,prop_v5/167.png,UNKNOWN,same as prop; prop_v5 category present in main.b.a.e.k static path array
prop_v5,168,prop_v5/168.png,UNKNOWN,same as prop; prop_v5 category present in main.b.a.e.k static path array
prop_v5,169,prop_v5/169.png,UNKNOWN,same as prop; prop_v5 category present in main.b.a.e.k static path array
prop_v5,170,prop_v5/170.png,UNKNOWN,same as prop; prop_v5 category present in main.b.a.e.k static path array
prop_v5,171,prop_v5/171.png,UNKNOWN,same as prop; prop_v5 category present in main.b.a.e.k static path array
prop_v5,172,prop_v5/172.png,UNKNOWN,same as prop; prop_v5 category present in main.b.a.e.k static path array
prop_v5,173,prop_v5/173.png,UNKNOWN,same as prop; prop_v5 category present in main.b.a.e.k static path array
prop_v5,174,prop_v5/174.png,UNKNOWN,same as prop; prop_v5 category present in main.b.a.e.k static path array
prop_v5,175,prop_v5/175.png,UNKNOWN,same as prop; prop_v5 category present in main.b.a.e.k static path array
prop_v5,176,prop_v5/176.png,UNKNOWN,same as prop; prop_v5 category present in main.b.a.e.k static path array
prop_v5,177,prop_v5/177.png,UNKNOWN,same as prop; prop_v5 category present in main.b.a.e.k static path array
prop_v5,178,prop_v5/178.png,UNKNOWN,same as prop; prop_v5 category present in main.b.a.e.k static path array
prop_v5,179,prop_v5/179.png,UNKNOWN,same as prop; prop_v5 category present in main.b.a.e.k static path array
prop_v5,180,prop_v5/180.png,UNKNOWN,same as prop; prop_v5 category present in main.b.a.e.k static path array
prop_v5,181,prop_v5/181.png,UNKNOWN,same as prop; prop_v5 category present in main.b.a.e.k static path array
prop_v5,182,prop_v5/182.png,UNKNOWN,same as prop; prop_v5 category present in main.b.a.e.k static path array
prop_v5,183,prop_v5/183.png,UNKNOWN,same as prop; prop_v5 category present in main.b.a.e.k static path array
prop_v5,184,prop_v5/184.png,UNKNOWN,same as prop; prop_v5 category present in main.b.a.e.k static path array
prop_v5,185,prop_v5/185.png,UNKNOWN,same as prop; prop_v5 category present in main.b.a.e.k static path array
prop_v5,186,prop_v5/186.png,UNKNOWN,same as prop; prop_v5 category present in main.b.a.e.k static path array
prop_v5,187,prop_v5/187.png,UNKNOWN,same as prop; prop_v5 category present in main.b.a.e.k static path array
prop_v5,188,prop_v5/188.png,UNKNOWN,same as prop; prop_v5 category present in main.b.a.e.k static path array
prop_v5,189,prop_v5/189.png,UNKNOWN,same as prop; prop_v5 category present in main.b.a.e.k static path array
prop_v5,190,prop_v5/190.png,UNKNOWN,same as prop; prop_v5 category present in main.b.a.e.k static path array
prop_v5,191,prop_v5/191.png,UNKNOWN,same as prop; prop_v5 category present in main.b.a.e.k static path array
prop_v5,192,prop_v5/192.png,UNKNOWN,same as prop; prop_v5 category present in main.b.a.e.k static path array
prop_v5,193,prop_v5/193.png,UNKNOWN,same as prop; prop_v5 category present in main.b.a.e.k static path array
prop_v5,194,prop_v5/194.png,UNKNOWN,same as prop; prop_v5 category present in main.b.a.e.k static path array
prop_v5,195,prop_v5/195.png,UNKNOWN,same as prop; prop_v5 category present in main.b.a.e.k static path array
prop_v5,196,prop_v5/196.png,UNKNOWN,same as prop; prop_v5 category present in main.b.a.e.k static path array
prop_v5,197,prop_v5/197.png,UNKNOWN,same as prop; prop_v5 category present in main.b.a.e.k static path array
prop_v5,198,prop_v5/198.png,UNKNOWN,same as prop; prop_v5 category present in main.b.a.e.k static path array
prop_v5,199,prop_v5/199.png,UNKNOWN,same as prop; prop_v5 category present in main.b.a.e.k static path array
prop_v5,200,prop_v5/200.png,UNKNOWN,same as prop; prop_v5 category present in main.b.a.e.k static path array
prop_v5,201,prop_v5/201.png,UNKNOWN,same as prop; prop_v5 category present in main.b.a.e.k static path array
prop_v5,202,prop_v5/202.png,UNKNOWN,same as prop; prop_v5 category present in main.b.a.e.k static path array
prop_v5,203,prop_v5/203.png,UNKNOWN,same as prop; prop_v5 category present in main.b.a.e.k static path array
prop_v5,204,prop_v5/204.png,UNKNOWN,same as prop; prop_v5 category present in main.b.a.e.k static path array
prop_v5,205,prop_v5/205.png,UNKNOWN,same as prop; prop_v5 category present in main.b.a.e.k static path array
prop_v5,206,prop_v5/206.png,UNKNOWN,same as prop; prop_v5 category present in main.b.a.e.k static path array
prop_v5,207,prop_v5/207.png,UNKNOWN,same as prop; prop_v5 category present in main.b.a.e.k static path array
prop_v5,208,prop_v5/208.png,UNKNOWN,same as prop; prop_v5 category present in main.b.a.e.k static path array
prop_v5,209,prop_v5/209.png,UNKNOWN,same as prop; prop_v5 category present in main.b.a.e.k static path array
prop_v5,210,prop_v5/210.png,UNKNOWN,same as prop; prop_v5 category present in main.b.a.e.k static path array
prop_v5,211,prop_v5/211.png,UNKNOWN,same as prop; prop_v5 category present in main.b.a.e.k static path array
prop_v5,212,prop_v5/212.png,UNKNOWN,same as prop; prop_v5 category present in main.b.a.e.k static path array
prop_v5,213,prop_v5/213.png,UNKNOWN,same as prop; prop_v5 category present in main.b.a.e.k static path array
prop_v5,214,prop_v5/214.png,UNKNOWN,same as prop; prop_v5 category present in main.b.a.e.k static path array
prop_v5,215,prop_v5/215.png,UNKNOWN,same as prop; prop_v5 category present in main.b.a.e.k static path array
prop_v5,216,prop_v5/216.png,UNKNOWN,same as prop; prop_v5 category present in main.b.a.e.k static path array
prop_v5,217,prop_v5/217.png,UNKNOWN,same as prop; prop_v5 category present in main.b.a.e.k static path array
prop_v5,218,prop_v5/218.png,UNKNOWN,same as prop; prop_v5 category present in main.b.a.e.k static path array
prop_v5,219,prop_v5/219.png,UNKNOWN,same as prop; prop_v5 category present in main.b.a.e.k static path array
prop_v5,220,prop_v5/220.png,UNKNOWN,same as prop; prop_v5 category present in main.b.a.e.k static path array
prop_v5,221,prop_v5/221.png,UNKNOWN,same as prop; prop_v5 category present in main.b.a.e.k static path array
prop_v5,222,prop_v5/222.png,UNKNOWN,same as prop; prop_v5 category present in main.b.a.e.k static path array
prop_v5,223,prop_v5/223.png,UNKNOWN,same as prop; prop_v5 category present in main.b.a.e.k static path array
prop_v5,224,prop_v5/224.png,UNKNOWN,same as prop; prop_v5 category present in main.b.a.e.k static path array
prop_v5,225,prop_v5/225.png,UNKNOWN,same as prop; prop_v5 category present in main.b.a.e.k static path array
prop_v5,226,prop_v5/226.png,UNKNOWN,same as prop; prop_v5 category present in main.b.a.e.k static path array
prop_v5,227,prop_v5/227.png,UNKNOWN,same as prop; prop_v5 category present in main.b.a.e.k static path array
prop_v5,228,prop_v5/228.png,UNKNOWN,same as prop; prop_v5 category present in main.b.a.e.k static path array
prop_v5,229,prop_v5/229.png,UNKNOWN,same as prop; prop_v5 category present in main.b.a.e.k static path array
prop_v5,230,prop_v5/230.png,UNKNOWN,same as prop; prop_v5 category present in main.b.a.e.k static path array
prop_v5,231,prop_v5/231.png,UNKNOWN,same as prop; prop_v5 category present in main.b.a.e.k static path array
prop_v5,232,prop_v5/232.png,UNKNOWN,same as prop; prop_v5 category present in main.b.a.e.k static path array
prop_v5,233,prop_v5/233.png,UNKNOWN,same as prop; prop_v5 category present in main.b.a.e.k static path array
prop_v5,234,prop_v5/234.png,UNKNOWN,same as prop; prop_v5 category present in main.b.a.e.k static path array
prop_v5,235,prop_v5/235.png,UNKNOWN,same as prop; prop_v5 category present in main.b.a.e.k static path array
prop_v5,236,prop_v5/236.png,UNKNOWN,same as prop; prop_v5 category present in main.b.a.e.k static path array
prop_v5,237,prop_v5/237.png,UNKNOWN,same as prop; prop_v5 category present in main.b.a.e.k static path array
prop_v5,238,prop_v5/238.png,UNKNOWN,same as prop; prop_v5 category present in main.b.a.e.k static path array
prop_v5,239,prop_v5/239.png,UNKNOWN,same as prop; prop_v5 category present in main.b.a.e.k static path array
prop_v5,240,prop_v5/240.png,UNKNOWN,same as prop; prop_v5 category present in main.b.a.e.k static path array
prop_v5,241,prop_v5/241.png,UNKNOWN,same as prop; prop_v5 category present in main.b.a.e.k static path array
prop_v5,242,prop_v5/242.png,UNKNOWN,same as prop; prop_v5 category present in main.b.a.e.k static path array
prop_v5,243,prop_v5/243.png,UNKNOWN,same as prop; prop_v5 category present in main.b.a.e.k static path array
prop_v5,244,prop_v5/244.png,UNKNOWN,same as prop; prop_v5 category present in main.b.a.e.k static path array
prop_v5,245,prop_v5/245.png,UNKNOWN,same as prop; prop_v5 category present in main.b.a.e.k static path array
prop_v5,246,prop_v5/246.png,UNKNOWN,same as prop; prop_v5 category present in main.b.a.e.k static path array
prop_v5,247,prop_v5/247.png,UNKNOWN,same as prop; prop_v5 category present in main.b.a.e.k static path array
prop_v5,248,prop_v5/248.png,UNKNOWN,same as prop; prop_v5 category present in main.b.a.e.k static path array
prop_v5,249,prop_v5/249.png,UNKNOWN,same as prop; prop_v5 category present in main.b.a.e.k static path array
prop_v5,250,prop_v5/250.png,UNKNOWN,same as prop; prop_v5 category present in main.b.a.e.k static path array
prop_v5,251,prop_v5/251.png,UNKNOWN,same as prop; prop_v5 category present in main.b.a.e.k static path array
prop_v5,252,prop_v5/252.png,UNKNOWN,same as prop; prop_v5 category present in main.b.a.e.k static path array
prop_v5,253,prop_v5/253.png,UNKNOWN,same as prop; prop_v5 category present in main.b.a.e.k static path array
prop_v5,254,prop_v5/254.png,UNKNOWN,same as prop; prop_v5 category present in main.b.a.e.k static path array
prop_v5,255,prop_v5/255.png,UNKNOWN,same as prop; prop_v5 category present in main.b.a.e.k static path array
prop_v5,256,prop_v5/256.png,UNKNOWN,same as prop; prop_v5 category present in main.b.a.e.k static path array
prop_v5,257,prop_v5/257.png,UNKNOWN,same as prop; prop_v5 category present in main.b.a.e.k static path array
prop_v5,258,prop_v5/258.png,UNKNOWN,same as prop; prop_v5 category present in main.b.a.e.k static path array
prop_v5,259,prop_v5/259.png,UNKNOWN,same as prop; prop_v5 category present in main.b.a.e.k static path array
prop_v5,260,prop_v5/260.png,UNKNOWN,same as prop; prop_v5 category present in main.b.a.e.k static path array
prop_v5,261,prop_v5/261.png,UNKNOWN,same as prop; prop_v5 category present in main.b.a.e.k static path array
prop_v5,262,prop_v5/262.png,UNKNOWN,same as prop; prop_v5 category present in main.b.a.e.k static path array
prop_v5,263,prop_v5/263.png,UNKNOWN,same as prop; prop_v5 category present in main.b.a.e.k static path array
prop_v5,264,prop_v5/264.png,UNKNOWN,same as prop; prop_v5 category present in main.b.a.e.k static path array
prop_v5,265,prop_v5/265.png,UNKNOWN,same as prop; prop_v5 category present in main.b.a.e.k static path array
prop_v5,266,prop_v5/266.png,UNKNOWN,same as prop; prop_v5 category present in main.b.a.e.k static path array
prop_v5,267,prop_v5/267.png,UNKNOWN,same as prop; prop_v5 category present in main.b.a.e.k static path array
prop_v5,268,prop_v5/268.png,UNKNOWN,same as prop; prop_v5 category present in main.b.a.e.k static path array
prop_v5,269,prop_v5/269.png,UNKNOWN,same as prop; prop_v5 category present in main.b.a.e.k static path array
prop_v5,270,prop_v5/270.png,UNKNOWN,same as prop; prop_v5 category present in main.b.a.e.k static path array
prop_v5,271,prop_v5/271.png,UNKNOWN,same as prop; prop_v5 category present in main.b.a.e.k static path array
prop_v5,272,prop_v5/272.png,UNKNOWN,same as prop; prop_v5 category present in main.b.a.e.k static path array
prop_v5,273,prop_v5/273.png,UNKNOWN,same as prop; prop_v5 category present in main.b.a.e.k static path array
prop_v5,274,prop_v5/274.png,UNKNOWN,same as prop; prop_v5 category present in main.b.a.e.k static path array
prop_v5,275,prop_v5/275.png,UNKNOWN,same as prop; prop_v5 category present in main.b.a.e.k static path array
prop_v5,276,prop_v5/276.png,UNKNOWN,same as prop; prop_v5 category present in main.b.a.e.k static path array
prop_v5,277,prop_v5/277.png,UNKNOWN,same as prop; prop_v5 category present in main.b.a.e.k static path array
prop_v5,278,prop_v5/278.png,UNKNOWN,same as prop; prop_v5 category present in main.b.a.e.k static path array
prop_v5,279,prop_v5/279.png,UNKNOWN,same as prop; prop_v5 category present in main.b.a.e.k static path array
prop_v5,280,prop_v5/280.png,UNKNOWN,same as prop; prop_v5 category present in main.b.a.e.k static path array
prop_v5,281,prop_v5/281.png,UNKNOWN,same as prop; prop_v5 category present in main.b.a.e.k static path array
prop_v5,282,prop_v5/282.png,UNKNOWN,same as prop; prop_v5 category present in main.b.a.e.k static path array
prop_v5,283,prop_v5/283.png,UNKNOWN,same as prop; prop_v5 category present in main.b.a.e.k static path array
prop_v5,284,prop_v5/284.png,UNKNOWN,same as prop; prop_v5 category present in main.b.a.e.k static path array
prop_v5,285,prop_v5/285.png,UNKNOWN,same as prop; prop_v5 category present in main.b.a.e.k static path array
prop_v5,286,prop_v5/286.png,UNKNOWN,same as prop; prop_v5 category present in main.b.a.e.k static path array
prop_v5,287,prop_v5/287.png,UNKNOWN,same as prop; prop_v5 category present in main.b.a.e.k static path array
prop_v5,288,prop_v5/288.png,UNKNOWN,same as prop; prop_v5 category present in main.b.a.e.k static path array
prop_v5,289,prop_v5/289.png,UNKNOWN,same as prop; prop_v5 category present in main.b.a.e.k static path array
prop_v5,290,prop_v5/290.png,UNKNOWN,same as prop; prop_v5 category present in main.b.a.e.k static path array
prop_v5,291,prop_v5/291.png,UNKNOWN,same as prop; prop_v5 category present in main.b.a.e.k static path array
prop_v5,292,prop_v5/292.png,UNKNOWN,same as prop; prop_v5 category present in main.b.a.e.k static path array
prop_v5,293,prop_v5/293.png,UNKNOWN,same as prop; prop_v5 category present in main.b.a.e.k static path array
prop_v5,294,prop_v5/294.png,UNKNOWN,same as prop; prop_v5 category present in main.b.a.e.k static path array
prop_v5,295,prop_v5/295.png,UNKNOWN,same as prop; prop_v5 category present in main.b.a.e.k static path array
prop_v5,296,prop_v5/296.png,UNKNOWN,same as prop; prop_v5 category present in main.b.a.e.k static path array
prop_v5,297,prop_v5/297.png,UNKNOWN,same as prop; prop_v5 category present in main.b.a.e.k static path array
prop_v5,298,prop_v5/298.png,UNKNOWN,same as prop; prop_v5 category present in main.b.a.e.k static path array
prop_v5,299,prop_v5/299.png,UNKNOWN,same as prop; prop_v5 category present in main.b.a.e.k static path array
prop_v5,300,prop_v5/300.png,UNKNOWN,same as prop; prop_v5 category present in main.b.a.e.k static path array
prop_v5,301,prop_v5/301.png,UNKNOWN,same as prop; prop_v5 category present in main.b.a.e.k static path array
prop_v5,302,prop_v5/302.png,UNKNOWN,same as prop; prop_v5 category present in main.b.a.e.k static path array
prop_v5,303,prop_v5/303.png,UNKNOWN,same as prop; prop_v5 category present in main.b.a.e.k static path array
prop_v5,304,prop_v5/304.png,UNKNOWN,same as prop; prop_v5 category present in main.b.a.e.k static path array
prop_v5,305,prop_v5/305.png,UNKNOWN,same as prop; prop_v5 category present in main.b.a.e.k static path array
prop_v5,306,prop_v5/306.png,UNKNOWN,same as prop; prop_v5 category present in main.b.a.e.k static path array
prop_v5,307,prop_v5/307.png,UNKNOWN,same as prop; prop_v5 category present in main.b.a.e.k static path array
prop_v5,308,prop_v5/308.png,UNKNOWN,same as prop; prop_v5 category present in main.b.a.e.k static path array
prop_v5,309,prop_v5/309.png,UNKNOWN,same as prop; prop_v5 category present in main.b.a.e.k static path array
prop_v5,310,prop_v5/310.png,UNKNOWN,same as prop; prop_v5 category present in main.b.a.e.k static path array
prop_v5,311,prop_v5/311.png,UNKNOWN,same as prop; prop_v5 category present in main.b.a.e.k static path array
prop_v5,312,prop_v5/312.png,UNKNOWN,same as prop; prop_v5 category present in main.b.a.e.k static path array
prop_v5,313,prop_v5/313.png,UNKNOWN,same as prop; prop_v5 category present in main.b.a.e.k static path array
prop_v5,314,prop_v5/314.png,UNKNOWN,same as prop; prop_v5 category present in main.b.a.e.k static path array
prop_v5,315,prop_v5/315.png,UNKNOWN,same as prop; prop_v5 category present in main.b.a.e.k static path array
prop_v5,316,prop_v5/316.png,UNKNOWN,same as prop; prop_v5 category present in main.b.a.e.k static path array
prop_v5,317,prop_v5/317.png,UNKNOWN,same as prop; prop_v5 category present in main.b.a.e.k static path array
prop_v5,318,prop_v5/318.png,UNKNOWN,same as prop; prop_v5 category present in main.b.a.e.k static path array
prop_v5,319,prop_v5/319.png,UNKNOWN,same as prop; prop_v5 category present in main.b.a.e.k static path array
prop_v5,320,prop_v5/320.png,UNKNOWN,same as prop; prop_v5 category present in main.b.a.e.k static path array
prop_v5,321,prop_v5/321.png,UNKNOWN,same as prop; prop_v5 category present in main.b.a.e.k static path array
prop_v5,322,prop_v5/322.png,UNKNOWN,same as prop; prop_v5 category present in main.b.a.e.k static path array
prop_v5,323,prop_v5/323.png,UNKNOWN,same as prop; prop_v5 category present in main.b.a.e.k static path array
prop_v5,324,prop_v5/324.png,UNKNOWN,same as prop; prop_v5 category present in main.b.a.e.k static path array
prop_v5,325,prop_v5/325.png,UNKNOWN,same as prop; prop_v5 category present in main.b.a.e.k static path array
prop_v5,326,prop_v5/326.png,UNKNOWN,same as prop; prop_v5 category present in main.b.a.e.k static path array
prop_v5,327,prop_v5/327.png,UNKNOWN,same as prop; prop_v5 category present in main.b.a.e.k static path array
prop_v5,328,prop_v5/328.png,UNKNOWN,same as prop; prop_v5 category present in main.b.a.e.k static path array
prop_v5,329,prop_v5/329.png,UNKNOWN,same as prop; prop_v5 category present in main.b.a.e.k static path array
prop_v5,330,prop_v5/330.png,UNKNOWN,same as prop; prop_v5 category present in main.b.a.e.k static path array
prop_v5,331,prop_v5/331.png,UNKNOWN,same as prop; prop_v5 category present in main.b.a.e.k static path array
prop_v5,332,prop_v5/332.png,UNKNOWN,same as prop; prop_v5 category present in main.b.a.e.k static path array
prop_v5,333,prop_v5/333.png,UNKNOWN,same as prop; prop_v5 category present in main.b.a.e.k static path array
prop_v5,334,prop_v5/334.png,UNKNOWN,same as prop; prop_v5 category present in main.b.a.e.k static path array
prop_v5,335,prop_v5/335.png,UNKNOWN,same as prop; prop_v5 category present in main.b.a.e.k static path array
prop_v5,336,prop_v5/336.png,UNKNOWN,same as prop; prop_v5 category present in main.b.a.e.k static path array
prop_v5,337,prop_v5/337.png,UNKNOWN,same as prop; prop_v5 category present in main.b.a.e.k static path array
prop_v5,338,prop_v5/338.png,UNKNOWN,same as prop; prop_v5 category present in main.b.a.e.k static path array
prop_v5,339,prop_v5/339.png,UNKNOWN,same as prop; prop_v5 category present in main.b.a.e.k static path array
prop_v5,340,prop_v5/340.png,UNKNOWN,same as prop; prop_v5 category present in main.b.a.e.k static path array
prop_v5,341,prop_v5/341.png,UNKNOWN,same as prop; prop_v5 category present in main.b.a.e.k static path array
prop_v5,342,prop_v5/342.png,UNKNOWN,same as prop; prop_v5 category present in main.b.a.e.k static path array
prop_v5,343,prop_v5/343.png,UNKNOWN,same as prop; prop_v5 category present in main.b.a.e.k static path array
prop_v5,345,prop_v5/345.png,UNKNOWN,same as prop; prop_v5 category present in main.b.a.e.k static path array
prop_v5,346,prop_v5/346.png,UNKNOWN,same as prop; prop_v5 category present in main.b.a.e.k static path array
prop_v5,347,prop_v5/347.png,UNKNOWN,same as prop; prop_v5 category present in main.b.a.e.k static path array
prop_v5,348,prop_v5/348.png,UNKNOWN,same as prop; prop_v5 category present in main.b.a.e.k static path array
prop_v5,349,prop_v5/349.png,UNKNOWN,same as prop; prop_v5 category present in main.b.a.e.k static path array
prop_v5,350,prop_v5/350.png,UNKNOWN,same as prop; prop_v5 category present in main.b.a.e.k static path array
prop_v5,351,prop_v5/351.png,UNKNOWN,same as prop; prop_v5 category present in main.b.a.e.k static path array
prop_v5,352,prop_v5/352.png,UNKNOWN,same as prop; prop_v5 category present in main.b.a.e.k static path array
prop_v5,353,prop_v5/353.png,UNKNOWN,same as prop; prop_v5 category present in main.b.a.e.k static path array
prop_v5,354,prop_v5/354.png,UNKNOWN,same as prop; prop_v5 category present in main.b.a.e.k static path array
prop_v5,355,prop_v5/355.png,UNKNOWN,same as prop; prop_v5 category present in main.b.a.e.k static path array
prop_v5,356,prop_v5/356.png,UNKNOWN,same as prop; prop_v5 category present in main.b.a.e.k static path array
prop_v5,357,prop_v5/357.png,UNKNOWN,same as prop; prop_v5 category present in main.b.a.e.k static path array
prop_v5,358,prop_v5/358.png,UNKNOWN,same as prop; prop_v5 category present in main.b.a.e.k static path array
prop_v5,359,prop_v5/359.png,UNKNOWN,same as prop; prop_v5 category present in main.b.a.e.k static path array
prop_v5,360,prop_v5/360.png,UNKNOWN,same as prop; prop_v5 category present in main.b.a.e.k static path array
prop_v5,361,prop_v5/361.png,UNKNOWN,same as prop; prop_v5 category present in main.b.a.e.k static path array
prop_v5,362,prop_v5/362.png,UNKNOWN,same as prop; prop_v5 category present in main.b.a.e.k static path array
prop_v5,363,prop_v5/363.png,UNKNOWN,same as prop; prop_v5 category present in main.b.a.e.k static path array
prop_v5,364,prop_v5/364.png,UNKNOWN,same as prop; prop_v5 category present in main.b.a.e.k static path array
prop_v5,365,prop_v5/365.png,UNKNOWN,same as prop; prop_v5 category present in main.b.a.e.k static path array
prop_v5,366,prop_v5/366.png,UNKNOWN,same as prop; prop_v5 category present in main.b.a.e.k static path array
prop_v5,367,prop_v5/367.png,UNKNOWN,same as prop; prop_v5 category present in main.b.a.e.k static path array
prop_v5,368,prop_v5/368.png,UNKNOWN,same as prop; prop_v5 category present in main.b.a.e.k static path array
prop_v5,369,prop_v5/369.png,UNKNOWN,same as prop; prop_v5 category present in main.b.a.e.k static path array
prop_v5,370,prop_v5/370.png,UNKNOWN,same as prop; prop_v5 category present in main.b.a.e.k static path array
prop_v5,371,prop_v5/371.png,UNKNOWN,same as prop; prop_v5 category present in main.b.a.e.k static path array
prop_v5,372,prop_v5/372.png,UNKNOWN,same as prop; prop_v5 category present in main.b.a.e.k static path array
prop_v5,373,prop_v5/373.png,UNKNOWN,same as prop; prop_v5 category present in main.b.a.e.k static path array
prop_v5,374,prop_v5/374.png,UNKNOWN,same as prop; prop_v5 category present in main.b.a.e.k static path array
prop_v5,375,prop_v5/375.png,UNKNOWN,same as prop; prop_v5 category present in main.b.a.e.k static path array
prop_v5,376,prop_v5/376.png,UNKNOWN,same as prop; prop_v5 category present in main.b.a.e.k static path array
prop_v5,377,prop_v5/377.png,UNKNOWN,same as prop; prop_v5 category present in main.b.a.e.k static path array
prop_v5,378,prop_v5/378.png,UNKNOWN,same as prop; prop_v5 category present in main.b.a.e.k static path array
prop_v5,379,prop_v5/379.png,UNKNOWN,same as prop; prop_v5 category present in main.b.a.e.k static path array
prop_v5,380,prop_v5/380.png,UNKNOWN,same as prop; prop_v5 category present in main.b.a.e.k static path array
prop_v5,381,prop_v5/381.png,UNKNOWN,same as prop; prop_v5 category present in main.b.a.e.k static path array
prop_v5,382,prop_v5/382.png,UNKNOWN,same as prop; prop_v5 category present in main.b.a.e.k static path array
prop_v5,383,prop_v5/383.png,UNKNOWN,same as prop; prop_v5 category present in main.b.a.e.k static path array
prop_v5,384,prop_v5/384.png,UNKNOWN,same as prop; prop_v5 category present in main.b.a.e.k static path array
prop_v5,386,prop_v5/386.png,UNKNOWN,same as prop; prop_v5 category present in main.b.a.e.k static path array
prop_v5,387,prop_v5/387.png,UNKNOWN,same as prop; prop_v5 category present in main.b.a.e.k static path array
prop_v5,388,prop_v5/388.png,UNKNOWN,same as prop; prop_v5 category present in main.b.a.e.k static path array
prop_v5,389,prop_v5/389.png,UNKNOWN,same as prop; prop_v5 category present in main.b.a.e.k static path array
prop_v5,390,prop_v5/390.png,UNKNOWN,same as prop; prop_v5 category present in main.b.a.e.k static path array
prop_v5,391,prop_v5/391.png,UNKNOWN,same as prop; prop_v5 category present in main.b.a.e.k static path array
prop_v5,392,prop_v5/392.png,UNKNOWN,same as prop; prop_v5 category present in main.b.a.e.k static path array
prop_v5,393,prop_v5/393.png,UNKNOWN,same as prop; prop_v5 category present in main.b.a.e.k static path array
prop_v5,395,prop_v5/395.png,UNKNOWN,same as prop; prop_v5 category present in main.b.a.e.k static path array
prop_v5,500,prop_v5/500.png,UNKNOWN,same as prop; prop_v5 category present in main.b.a.e.k static path array
prop_v5,501,prop_v5/501.png,UNKNOWN,same as prop; prop_v5 category present in main.b.a.e.k static path array
prop_v5,502,prop_v5/502.png,UNKNOWN,same as prop; prop_v5 category present in main.b.a.e.k static path array
prop_v5,503,prop_v5/503.png,UNKNOWN,same as prop; prop_v5 category present in main.b.a.e.k static path array
prop_v5,504,prop_v5/504.png,UNKNOWN,same as prop; prop_v5 category present in main.b.a.e.k static path array
prop_v5,505,prop_v5/505.png,UNKNOWN,same as prop; prop_v5 category present in main.b.a.e.k static path array
prop_v5,506,prop_v5/506.png,UNKNOWN,same as prop; prop_v5 category present in main.b.a.e.k static path array
prop_v5,507,prop_v5/507.png,UNKNOWN,same as prop; prop_v5 category present in main.b.a.e.k static path array
prop_v5,508,prop_v5/508.png,UNKNOWN,same as prop; prop_v5 category present in main.b.a.e.k static path array
prop_v5,509,prop_v5/509.png,UNKNOWN,same as prop; prop_v5 category present in main.b.a.e.k static path array
prop_v5,510,prop_v5/510.png,UNKNOWN,same as prop; prop_v5 category present in main.b.a.e.k static path array
prop_v5,511,prop_v5/511.png,UNKNOWN,same as prop; prop_v5 category present in main.b.a.e.k static path array
prop_v5,512,prop_v5/512.png,UNKNOWN,same as prop; prop_v5 category present in main.b.a.e.k static path array
prop_v5,513,prop_v5/513.png,UNKNOWN,same as prop; prop_v5 category present in main.b.a.e.k static path array
prop_v5,514,prop_v5/514.png,UNKNOWN,same as prop; prop_v5 category present in main.b.a.e.k static path array
prop_v5,515,prop_v5/515.png,UNKNOWN,same as prop; prop_v5 category present in main.b.a.e.k static path array
prop_v5,516,prop_v5/516.png,UNKNOWN,same as prop; prop_v5 category present in main.b.a.e.k static path array
prop_v5,517,prop_v5/517.png,UNKNOWN,same as prop; prop_v5 category present in main.b.a.e.k static path array
prop_v5,518,prop_v5/518.png,UNKNOWN,same as prop; prop_v5 category present in main.b.a.e.k static path array
prop_v5,519,prop_v5/519.png,UNKNOWN,same as prop; prop_v5 category present in main.b.a.e.k static path array
prop_v5,521,prop_v5/521.png,UNKNOWN,same as prop; prop_v5 category present in main.b.a.e.k static path array
prop_v5,522,prop_v5/522.png,UNKNOWN,same as prop; prop_v5 category present in main.b.a.e.k static path array
prop_v5,523,prop_v5/523.png,UNKNOWN,same as prop; prop_v5 category present in main.b.a.e.k static path array
prop_v5,524,prop_v5/524.png,UNKNOWN,same as prop; prop_v5 category present in main.b.a.e.k static path array
prop_v5,525,prop_v5/525.png,UNKNOWN,same as prop; prop_v5 category present in main.b.a.e.k static path array
prop_v5,526,prop_v5/526.png,UNKNOWN,same as prop; prop_v5 category present in main.b.a.e.k static path array
prop_v5,527,prop_v5/527.png,UNKNOWN,same as prop; prop_v5 category present in main.b.a.e.k static path array
prop_v5,528,prop_v5/528.png,UNKNOWN,same as prop; prop_v5 category present in main.b.a.e.k static path array
prop_v5,529,prop_v5/529.png,UNKNOWN,same as prop; prop_v5 category present in main.b.a.e.k static path array
prop_v5,530,prop_v5/530.png,UNKNOWN,same as prop; prop_v5 category present in main.b.a.e.k static path array
prop_v5,531,prop_v5/531.png,UNKNOWN,same as prop; prop_v5 category present in main.b.a.e.k static path array
prop_v5,532,prop_v5/532.png,UNKNOWN,same as prop; prop_v5 category present in main.b.a.e.k static path array
prop_v5,533,prop_v5/533.png,UNKNOWN,same as prop; prop_v5 category present in main.b.a.e.k static path array
prop_v5,534,prop_v5/534.png,UNKNOWN,same as prop; prop_v5 category present in main.b.a.e.k static path array
prop_v5,535,prop_v5/535.png,UNKNOWN,same as prop; prop_v5 category present in main.b.a.e.k static path array
prop_v5,536,prop_v5/536.png,UNKNOWN,same as prop; prop_v5 category present in main.b.a.e.k static path array
prop_v5,537,prop_v5/537.png,UNKNOWN,same as prop; prop_v5 category present in main.b.a.e.k static path array
prop_v5,538,prop_v5/538.png,UNKNOWN,same as prop; prop_v5 category present in main.b.a.e.k static path array
prop_v5,539,prop_v5/539.png,UNKNOWN,same as prop; prop_v5 category present in main.b.a.e.k static path array
prop_v5,540,prop_v5/540.png,UNKNOWN,same as prop; prop_v5 category present in main.b.a.e.k static path array
prop_v5,1046,prop_v5/1046.png,UNKNOWN,same as prop; prop_v5 category present in main.b.a.e.k static path array
prop_v5,2144,prop_v5/2144.png,UNKNOWN,same as prop; prop_v5 category present in main.b.a.e.k static path array
prop_v5,2149,prop_v5/2149.png,UNKNOWN,same as prop; prop_v5 category present in main.b.a.e.k static path array
prop_v5,2150,prop_v5/2150.png,UNKNOWN,same as prop; prop_v5 category present in main.b.a.e.k static path array
prop_v5,2151,prop_v5/2151.png,UNKNOWN,same as prop; prop_v5 category present in main.b.a.e.k static path array
prop_v5,2152,prop_v5/2152.png,UNKNOWN,same as prop; prop_v5 category present in main.b.a.e.k static path array
prop_v5,2153,prop_v5/2153.png,UNKNOWN,same as prop; prop_v5 category present in main.b.a.e.k static path array
prop_v5,2154,prop_v5/2154.png,UNKNOWN,same as prop; prop_v5 category present in main.b.a.e.k static path array
prop_v5,2155,prop_v5/2155.png,UNKNOWN,same as prop; prop_v5 category present in main.b.a.e.k static path array
prop_v5,2156,prop_v5/2156.png,UNKNOWN,same as prop; prop_v5 category present in main.b.a.e.k static path array
prop_v5,2157,prop_v5/2157.png,UNKNOWN,same as prop; prop_v5 category present in main.b.a.e.k static path array
prop_v5,2158,prop_v5/2158.png,UNKNOWN,same as prop; prop_v5 category present in main.b.a.e.k static path array
prop_v5,2159,prop_v5/2159.png,UNKNOWN,same as prop; prop_v5 category present in main.b.a.e.k static path array
prop_v5,2160,prop_v5/2160.png,UNKNOWN,same as prop; prop_v5 category present in main.b.a.e.k static path array
prop_v5,2161,prop_v5/2161.png,UNKNOWN,same as prop; prop_v5 category present in main.b.a.e.k static path array
prop_v5,2162,prop_v5/2162.png,UNKNOWN,same as prop; prop_v5 category present in main.b.a.e.k static path array
prop_v5,2163,prop_v5/2163.png,UNKNOWN,same as prop; prop_v5 category present in main.b.a.e.k static path array
prop_v5,2164,prop_v5/2164.png,UNKNOWN,same as prop; prop_v5 category present in main.b.a.e.k static path array
prop_v5,2165,prop_v5/2165.png,UNKNOWN,same as prop; prop_v5 category present in main.b.a.e.k static path array
prop_v5,2166,prop_v5/2166.png,UNKNOWN,same as prop; prop_v5 category present in main.b.a.e.k static path array
prop_v5,2167,prop_v5/2167.png,UNKNOWN,same as prop; prop_v5 category present in main.b.a.e.k static path array
prop_v5,2168,prop_v5/2168.png,UNKNOWN,same as prop; prop_v5 category present in main.b.a.e.k static path array
prop_v5,2169,prop_v5/2169.png,UNKNOWN,same as prop; prop_v5 category present in main.b.a.e.k static path array
prop_v5,2170,prop_v5/2170.png,UNKNOWN,same as prop; prop_v5 category present in main.b.a.e.k static path array
